CVE-2026-20045	dkstar11q/Ashwesker-CVE-2026-20045	https://github.com/dkstar11q/Ashwesker-CVE-2026-20045
CVE-2026-20131	p3Nt3st3r-sTAr/CVE-2026-20131-POC	https://github.com/p3Nt3st3r-sTAr/CVE-2026-20131-POC
CVE-2026-20131	sak110/CVE-2026-20131	https://github.com/sak110/CVE-2026-20131
CVE-2026-20131	Hassan-Pouladi/Cisco-FMC-honeypot	https://github.com/Hassan-Pouladi/Cisco-FMC-honeypot
CVE-2026-20131	0xBlackash/CVE-2026-20131	https://github.com/0xBlackash/CVE-2026-20131
CVE-2026-20131	Jwa7470/CVE-2026-20131-Post-Incident-Written-Report	https://github.com/Jwa7470/CVE-2026-20131-Post-Incident-Written-Report
CVE-2026-20230	HORKimhab/CVE-2026-20230	https://github.com/HORKimhab/CVE-2026-20230
CVE-2026-20230	HalilDeniz/CVE-2026-20230-Scanner	https://github.com/HalilDeniz/CVE-2026-20230-Scanner
CVE-2026-20230	W5M1n9/Cisco-Unified-Communications-Manager-Server-Side-Forgery-Request-Vulnerability-CVE-2026-20230	https://github.com/W5M1n9/Cisco-Unified-Communications-Manager-Server-Side-Forgery-Request-Vulnerability-CVE-2026-20230
CVE-2026-20245	HORKimhab/CVE-2026-20245	https://github.com/HORKimhab/CVE-2026-20245
CVE-2026-20245	fevar54/CVE-2026-20245---Cisco-SD-WAN-Privilege-Escalation-Exploit	https://github.com/fevar54/CVE-2026-20245---Cisco-SD-WAN-Privilege-Escalation-Exploit
CVE-2026-20245	0xBlackash/CVE-2026-20245	https://github.com/0xBlackash/CVE-2026-20245
CVE-2026-21533	Pairs34/RDPVulnarableCheck	https://github.com/Pairs34/RDPVulnarableCheck
CVE-2026-21533	fevar54/CVE-2026-21533_Scanner.py	https://github.com/fevar54/CVE-2026-21533_Scanner.py
CVE-2026-31431	John-Popovici/CVE-2026-31431-CopyFail-Linux-PrivEsc	https://github.com/John-Popovici/CVE-2026-31431-CopyFail-Linux-PrivEsc
CVE-2026-31431	theori-io/copy-fail-CVE-2026-31431	https://github.com/theori-io/copy-fail-CVE-2026-31431
CVE-2026-31431	Alfredooe/CVE-2026-31431	https://github.com/Alfredooe/CVE-2026-31431
CVE-2026-31431	painoob/Copy-Fail-Exploit-CVE-2026-31431	https://github.com/painoob/Copy-Fail-Exploit-CVE-2026-31431
CVE-2026-31431	badsectorlabs/copyfail-go	https://github.com/badsectorlabs/copyfail-go
CVE-2026-31431	tgies/copy-fail-c	https://github.com/tgies/copy-fail-c
CVE-2026-31431	ZephrFish/CopyFail-CVE-2026-31431	https://github.com/ZephrFish/CopyFail-CVE-2026-31431
CVE-2026-31431	Crihexe/copy-fail-tiny-elf-CVE-2026-31431	https://github.com/Crihexe/copy-fail-tiny-elf-CVE-2026-31431
CVE-2026-31431	b5null/CVE-2026-31431-C	https://github.com/b5null/CVE-2026-31431-C
CVE-2026-31431	Percivalll/Copy-Fail-CVE-2026-31431-Statically-PoC	https://github.com/Percivalll/Copy-Fail-CVE-2026-31431-Statically-PoC
CVE-2026-31431	yiyihuohuo/CVE-2026-31431	https://github.com/yiyihuohuo/CVE-2026-31431
CVE-2026-31431	ruattd/cve-2026-31431	https://github.com/ruattd/cve-2026-31431
CVE-2026-31431	Sndav/CVE-2026-31431-Advanced-Exploit	https://github.com/Sndav/CVE-2026-31431-Advanced-Exploit
CVE-2026-31431	luotian2/CVE-2026-31431	https://github.com/luotian2/CVE-2026-31431
CVE-2026-31431	insomnisec/Detections-CVE-2026-31431	https://github.com/insomnisec/Detections-CVE-2026-31431
CVE-2026-31431	JnamerZ/CopyFail-CVE-2026-31431	https://github.com/JnamerZ/CopyFail-CVE-2026-31431
CVE-2026-31431	vishwanathakuthota/copy-fail-CVE-2026-31431	https://github.com/vishwanathakuthota/copy-fail-CVE-2026-31431
CVE-2026-31431	desultory/CVE-2026-31431	https://github.com/desultory/CVE-2026-31431
CVE-2026-31431	someCorp/copyFail-CVE-2026-31431-workaround-bash	https://github.com/someCorp/copyFail-CVE-2026-31431-workaround-bash
CVE-2026-31431	iss4cf0ng/CVE-2026-31431-Linux-Copy-Fail	https://github.com/iss4cf0ng/CVE-2026-31431-Linux-Copy-Fail
CVE-2026-31431	novysodope/copy-fail-CVE-2026-31431-C	https://github.com/novysodope/copy-fail-CVE-2026-31431-C
CVE-2026-31431	thrandomv/cve-2026-31431-detection	https://github.com/thrandomv/cve-2026-31431-detection
CVE-2026-31431	Y5neKO/copy-fail-CVE-2026-31431-universal	https://github.com/Y5neKO/copy-fail-CVE-2026-31431-universal
CVE-2026-31431	bigwario/copy-fail-CVE-2026-31431-C	https://github.com/bigwario/copy-fail-CVE-2026-31431-C
CVE-2026-31431	twowb/CVE-2026-31431-	https://github.com/twowb/CVE-2026-31431-
CVE-2026-31431	arkdev1/check-cve-2026-31431	https://github.com/arkdev1/check-cve-2026-31431
CVE-2026-31431	wuwu001/CVE-2026-31431-exploit	https://github.com/wuwu001/CVE-2026-31431-exploit
CVE-2026-31431	ryan2929/CVE-2026-31431	https://github.com/ryan2929/CVE-2026-31431
CVE-2026-31431	0xShe/CVE-2026-31431	https://github.com/0xShe/CVE-2026-31431
CVE-2026-31431	WavesMan/cve-2026-31431-fleet-remediator	https://github.com/WavesMan/cve-2026-31431-fleet-remediator
CVE-2026-31431	wuzuowei/copy-fail-CVE-2026-31431	https://github.com/wuzuowei/copy-fail-CVE-2026-31431
CVE-2026-31431	Isw-9/copy-fail-cve-2026-31431-aarch64	https://github.com/Isw-9/copy-fail-cve-2026-31431-aarch64
CVE-2026-31431	st4rburn/RootRemover	https://github.com/st4rburn/RootRemover
CVE-2026-31431	freelabz/CVE-2026-31431	https://github.com/freelabz/CVE-2026-31431
CVE-2026-31431	mrowkoob/copy-fail-mitigate-no-reboot	https://github.com/mrowkoob/copy-fail-mitigate-no-reboot
CVE-2026-31431	nisec-eric/cve-2026-31431	https://github.com/nisec-eric/cve-2026-31431
CVE-2026-31431	pascal-gujer/CVE-2026-31431	https://github.com/pascal-gujer/CVE-2026-31431
CVE-2026-31431	eleveni386/CVE-2026-31431-Golang	https://github.com/eleveni386/CVE-2026-31431-Golang
CVE-2026-31431	Linux-zs/cve-2026-31431-mitigation	https://github.com/Linux-zs/cve-2026-31431-mitigation
CVE-2026-31431	dixyes/fuck_cve_2026_31431	https://github.com/dixyes/fuck_cve_2026_31431
CVE-2026-31431	kadir/copy-fail-CVE-2026-31431-IOC	https://github.com/kadir/copy-fail-CVE-2026-31431-IOC
CVE-2026-31431	jbiniek/copy.fail-mitigation-MLM	https://github.com/jbiniek/copy.fail-mitigation-MLM
CVE-2026-31431	makitos666/CVE-2026-31431-Copy-Fail-Detection-Toolkit	https://github.com/makitos666/CVE-2026-31431-Copy-Fail-Detection-Toolkit
CVE-2026-31431	lonelyor/CVE-2026-31431-exp	https://github.com/lonelyor/CVE-2026-31431-exp
CVE-2026-31431	Phalanx-CCS/Copy-Fail	https://github.com/Phalanx-CCS/Copy-Fail
CVE-2026-31431	adampielak/CVE-2026-31431_SCA_WAZUH	https://github.com/adampielak/CVE-2026-31431_SCA_WAZUH
CVE-2026-31431	jiangban046-spec/CVE-2026-31431-exploit_py2_py3	https://github.com/jiangban046-spec/CVE-2026-31431-exploit_py2_py3
CVE-2026-31431	dorianhhuc/CVE-2026-31431	https://github.com/dorianhhuc/CVE-2026-31431
CVE-2026-31431	0xBlackash/CVE-2026-31431	https://github.com/0xBlackash/CVE-2026-31431
CVE-2026-31431	H1d3r/copy-fail_LPE_Interactive	https://github.com/H1d3r/copy-fail_LPE_Interactive
CVE-2026-31431	amdisrar/cve-2026-31431-mitigation	https://github.com/amdisrar/cve-2026-31431-mitigation
CVE-2026-31431	G01d3nW01f/CVE-2026-31431	https://github.com/G01d3nW01f/CVE-2026-31431
CVE-2026-31431	rio128128/copy-fail-CVE-2026-31431	https://github.com/rio128128/copy-fail-CVE-2026-31431
CVE-2026-31431	shadowabi/CVE-2026-31431-CopyFail-Universal-LPE	https://github.com/shadowabi/CVE-2026-31431-CopyFail-Universal-LPE
CVE-2026-31431	slauger/CVE-2026-31431	https://github.com/slauger/CVE-2026-31431
CVE-2026-31431	Webhosting4U/Copy-Fail_Detect_and_mitigate_CVE-2026-31431	https://github.com/Webhosting4U/Copy-Fail_Detect_and_mitigate_CVE-2026-31431
CVE-2026-31431	gmeghnag/TEST-CVE-2026-31431	https://github.com/gmeghnag/TEST-CVE-2026-31431
CVE-2026-31431	Percivalll/Copy-Fail-CVE-2026-31431-Kubernetes-PoC	https://github.com/Percivalll/Copy-Fail-CVE-2026-31431-Kubernetes-PoC
CVE-2026-31431	dicatalin/Copy_Fail_CVE-2026-31431_test_and_fix	https://github.com/dicatalin/Copy_Fail_CVE-2026-31431_test_and_fix
CVE-2026-31431	yandex-cloud-examples/yc-mk8s-copy-fail-mitigation	https://github.com/yandex-cloud-examples/yc-mk8s-copy-fail-mitigation
CVE-2026-31431	mfloresdacunha/CVE-2026-31431	https://github.com/mfloresdacunha/CVE-2026-31431
CVE-2026-31431	Boos4721/copyfail-rs	https://github.com/Boos4721/copyfail-rs
CVE-2026-31431	eximiait/CVE-2026-31431	https://github.com/eximiait/CVE-2026-31431
CVE-2026-31431	JuanBindez/CVE-2026-31431	https://github.com/JuanBindez/CVE-2026-31431
CVE-2026-31431	XsanFlip/CVE-2026-31431-Patch	https://github.com/XsanFlip/CVE-2026-31431-Patch
CVE-2026-31431	rshosting/CVE-2026-31431-patch	https://github.com/rshosting/CVE-2026-31431-patch
CVE-2026-31431	wesmar/CVE-2026-31431	https://github.com/wesmar/CVE-2026-31431
CVE-2026-31431	wgnet/wg.copyfail.patch	https://github.com/wgnet/wg.copyfail.patch
CVE-2026-31431	cs8425/copy-fail-go	https://github.com/cs8425/copy-fail-go
CVE-2026-31431	diemoeve/copyfail-rs	https://github.com/diemoeve/copyfail-rs
CVE-2026-31431	yxdm02/CVE-2026-31431	https://github.com/yxdm02/CVE-2026-31431
CVE-2026-31431	grishinpv/CVE-2026-31431-old-python	https://github.com/grishinpv/CVE-2026-31431-old-python
CVE-2026-31431	sammwyy/copyfail-rs	https://github.com/sammwyy/copyfail-rs
CVE-2026-31431	SunL0w/PATCH-CVE-2026-31431-Ubuntu_Debian	https://github.com/SunL0w/PATCH-CVE-2026-31431-Ubuntu_Debian
CVE-2026-31431	scriptzteam/Paranoid-Copy-Fail-CVE-2026-31431	https://github.com/scriptzteam/Paranoid-Copy-Fail-CVE-2026-31431
CVE-2026-31431	cozystack/copy-fail-blocker	https://github.com/cozystack/copy-fail-blocker
CVE-2026-31431	leelong2020/cve-2026-31431	https://github.com/leelong2020/cve-2026-31431
CVE-2026-31431	galoryber/CVE-2026-31431-cleaned	https://github.com/galoryber/CVE-2026-31431-cleaned
CVE-2026-31431	vynazevedo/fail-CVE-2026-31431	https://github.com/vynazevedo/fail-CVE-2026-31431
CVE-2026-31431	MohamedKarrab/Copy-Fail-CVE-2026-31431	https://github.com/MohamedKarrab/Copy-Fail-CVE-2026-31431
CVE-2026-31431	w3llr00t3d/CVE-2026-31431-PoC	https://github.com/w3llr00t3d/CVE-2026-31431-PoC
CVE-2026-31431	sec17br/CVE-2026-31431-Copy-Fail	https://github.com/sec17br/CVE-2026-31431-Copy-Fail
CVE-2026-31431	mhdgning131/CopyFail-Patcher	https://github.com/mhdgning131/CopyFail-Patcher
CVE-2026-31431	Xerxes-2/CVE-2026-31431-rs	https://github.com/Xerxes-2/CVE-2026-31431-rs
CVE-2026-31431	SeanRickerd/cve-2026-31431	https://github.com/SeanRickerd/cve-2026-31431
CVE-2026-31431	abdullaabdullazade/CVE-2026-31431	https://github.com/abdullaabdullazade/CVE-2026-31431
CVE-2026-31431	weirdindiankid/copy-fail	https://github.com/weirdindiankid/copy-fail
CVE-2026-31431	websecnl/CVE-2026-31431	https://github.com/websecnl/CVE-2026-31431
CVE-2026-31431	Dabbleam/CVE-2026-31431-mitigation	https://github.com/Dabbleam/CVE-2026-31431-mitigation
CVE-2026-31431	selectel/mks-copy-fail-mitigation	https://github.com/selectel/mks-copy-fail-mitigation
CVE-2026-31431	devstuff/harden-docker-seccomp	https://github.com/devstuff/harden-docker-seccomp
CVE-2026-31431	yuspring/cve-2026-31431-poc	https://github.com/yuspring/cve-2026-31431-poc
CVE-2026-31431	mishl-dev/CVE_2026_31431	https://github.com/mishl-dev/CVE_2026_31431
CVE-2026-31431	Juguitos/copy-fail	https://github.com/Juguitos/copy-fail
CVE-2026-31431	DENNISDGR/CVE-2026-31431-poc	https://github.com/DENNISDGR/CVE-2026-31431-poc
CVE-2026-31431	liamromanis101/CVE-2026-31431-Copy-Fail---Vulnerability-Detection-Script	https://github.com/liamromanis101/CVE-2026-31431-Copy-Fail---Vulnerability-Detection-Script
CVE-2026-31431	mym0us3r/COPY-FAIL-Detection-with-Wazuh-4.14.4	https://github.com/mym0us3r/COPY-FAIL-Detection-with-Wazuh-4.14.4
CVE-2026-31431	B1gN0Se/copy-fail-CVE-2026-31431	https://github.com/B1gN0Se/copy-fail-CVE-2026-31431
CVE-2026-31431	maniakh/CVE-2026-31431---Copy-Fail-PoC	https://github.com/maniakh/CVE-2026-31431---Copy-Fail-PoC
CVE-2026-31431	meowteusz/copyfailautopatch	https://github.com/meowteusz/copyfailautopatch
CVE-2026-31431	effiesec/copy-fail-cve-2026-31431	https://github.com/effiesec/copy-fail-cve-2026-31431
CVE-2026-31431	offsecguy/CVE-2026-31431	https://github.com/offsecguy/CVE-2026-31431
CVE-2026-31431	poyea/CVE-2026-31431.c	https://github.com/poyea/CVE-2026-31431.c
CVE-2026-31431	bryanvine/copy-fail-fix	https://github.com/bryanvine/copy-fail-fix
CVE-2026-31431	boliu83/cve-2026-31431-algif-aead-remediator	https://github.com/boliu83/cve-2026-31431-algif-aead-remediator
CVE-2026-31431	Spoo1k/Copy-Fail-Exploit-CVE-2026-31431	https://github.com/Spoo1k/Copy-Fail-Exploit-CVE-2026-31431
CVE-2026-31431	3jee/copy-fail-go	https://github.com/3jee/copy-fail-go
CVE-2026-31431	professional-slacker/alg_check	https://github.com/professional-slacker/alg_check
CVE-2026-31431	aestechno/cve-2026-31431-ansible	https://github.com/aestechno/cve-2026-31431-ansible
CVE-2026-31431	ashok523/cve-2026-31431	https://github.com/ashok523/cve-2026-31431
CVE-2026-31431	jodonnel/copyfail-briefing	https://github.com/jodonnel/copyfail-briefing
CVE-2026-31431	starscow/Copy-Fail-CVE-2026-31431-Kubernetes-PoC	https://github.com/starscow/Copy-Fail-CVE-2026-31431-Kubernetes-PoC
CVE-2026-31431	deckhouse/d8-copy-fail-mitigation	https://github.com/deckhouse/d8-copy-fail-mitigation
CVE-2026-31431	jneuhauser/copy-fail-CVE-2026-31431	https://github.com/jneuhauser/copy-fail-CVE-2026-31431
CVE-2026-31431	cyber-joker/copy-fail-python	https://github.com/cyber-joker/copy-fail-python
CVE-2026-31431	HulnotHutu/CVE-2026-31431	https://github.com/HulnotHutu/CVE-2026-31431
CVE-2026-31431	mahradbt/copyfail-mitigation	https://github.com/mahradbt/copyfail-mitigation
CVE-2026-31431	OmerAti/almalinux-fix-cve-2026-31431	https://github.com/OmerAti/almalinux-fix-cve-2026-31431
CVE-2026-31431	ErdemOzgen/copy-fail-cve-2026-31431	https://github.com/ErdemOzgen/copy-fail-cve-2026-31431
CVE-2026-31431	Fulucky0-yuri/CVE-2026-31431-PocC	https://github.com/Fulucky0-yuri/CVE-2026-31431-PocC
CVE-2026-31431	abhishekhargan/CVE-2026-31431	https://github.com/abhishekhargan/CVE-2026-31431
CVE-2026-31431	MarioHY/cve_2026_31431_audit	https://github.com/MarioHY/cve_2026_31431_audit
CVE-2026-31431	AliHzSec/CVE-2026-31431	https://github.com/AliHzSec/CVE-2026-31431
CVE-2026-31431	kvakirsanov/CVE-2026-31431-live-process-code-injection	https://github.com/kvakirsanov/CVE-2026-31431-live-process-code-injection
CVE-2026-31431	TheMalwareGuardian/CVE-2026-31431	https://github.com/TheMalwareGuardian/CVE-2026-31431
CVE-2026-31431	FrosterDL/CVE-2026-31431	https://github.com/FrosterDL/CVE-2026-31431
CVE-2026-31431	RecoFu/CVE-2026-31431-Copy-Fail	https://github.com/RecoFu/CVE-2026-31431-Copy-Fail
CVE-2026-31431	atgreen/block-copyfail	https://github.com/atgreen/block-copyfail
CVE-2026-31431	beatbeast007/Linux-CopyFail-C-Version-CVE-2026-31431	https://github.com/beatbeast007/Linux-CopyFail-C-Version-CVE-2026-31431
CVE-2026-31431	sbeteta42/CVE-2026-31431_je_sappelle_RoOt	https://github.com/sbeteta42/CVE-2026-31431_je_sappelle_RoOt
CVE-2026-31431	rvzsec/CVE-2026-31431	https://github.com/rvzsec/CVE-2026-31431
CVE-2026-31431	Silent0x0/Copy-Fail---CVE-2026-31431	https://github.com/Silent0x0/Copy-Fail---CVE-2026-31431
CVE-2026-31431	SpenserCai/copy_fail	https://github.com/SpenserCai/copy_fail
CVE-2026-31431	K3ysTr0K3R/CVE-2026-31431-EXPLOIT	https://github.com/K3ysTr0K3R/CVE-2026-31431-EXPLOIT
CVE-2026-31431	povzayd/CVE-2026-31431	https://github.com/povzayd/CVE-2026-31431
CVE-2026-31431	sebinxavi/cve-checker-2026	https://github.com/sebinxavi/cve-checker-2026
CVE-2026-31431	mlazzarotto/copy-fail-CVE-2026-31431-mitigation-ansible-playbook	https://github.com/mlazzarotto/copy-fail-CVE-2026-31431-mitigation-ansible-playbook
CVE-2026-31431	ExploitEoom/CVE-2026-31431	https://github.com/ExploitEoom/CVE-2026-31431
CVE-2026-31431	ben-slates/CVE-2026-31431-Exploit	https://github.com/ben-slates/CVE-2026-31431-Exploit
CVE-2026-31431	bootsareme/copyfail-deconstructed	https://github.com/bootsareme/copyfail-deconstructed
CVE-2026-31431	mrunalp/block-copyfail	https://github.com/mrunalp/block-copyfail
CVE-2026-31431	1amBa7Man/Linux-copy-fail-CVE-2026-31431	https://github.com/1amBa7Man/Linux-copy-fail-CVE-2026-31431
CVE-2026-31431	Lyutoon/CopyFail-Experiment	https://github.com/Lyutoon/CopyFail-Experiment
CVE-2026-31431	ledlight33/copyfail-dfir	https://github.com/ledlight33/copyfail-dfir
CVE-2026-31431	Smarttfoxx/copyfail	https://github.com/Smarttfoxx/copyfail
CVE-2026-31431	parmstro/cfDr	https://github.com/parmstro/cfDr
CVE-2026-31431	RoflSecurity/copy_fail	https://github.com/RoflSecurity/copy_fail
CVE-2026-31431	Shotafry/CopyFail-Exploits-CVE-2026-31431	https://github.com/Shotafry/CopyFail-Exploits-CVE-2026-31431
CVE-2026-31431	glask1d/CVE-2026-31431-PoC	https://github.com/glask1d/CVE-2026-31431-PoC
CVE-2026-31431	monobrau/copyfailscan	https://github.com/monobrau/copyfailscan
CVE-2026-31431	Emmmmllll/copy-fail-zig	https://github.com/Emmmmllll/copy-fail-zig
CVE-2026-31431	kdjnb/fix_CVE-2026-31431	https://github.com/kdjnb/fix_CVE-2026-31431
CVE-2026-31431	euriconicacio/copy-fail-CVE-2026-31431-poc	https://github.com/euriconicacio/copy-fail-CVE-2026-31431-poc
CVE-2026-31431	ROSNLR5/modrosnlr5	https://github.com/ROSNLR5/modrosnlr5
CVE-2026-31431	TheMursalin/CVE-2026-31431	https://github.com/TheMursalin/CVE-2026-31431
CVE-2026-31431	qi4L/CVE-2026-31431-Container-Escape	https://github.com/qi4L/CVE-2026-31431-Container-Escape
CVE-2026-31431	moaaz-mostafa123/CVE-2026-31431	https://github.com/moaaz-mostafa123/CVE-2026-31431
CVE-2026-31431	malwarekid/CVE-2026-31431	https://github.com/malwarekid/CVE-2026-31431
CVE-2026-31431	xd20111/CVE-2026-31431	https://github.com/xd20111/CVE-2026-31431
CVE-2026-31431	MartinPham/copy-fail-CVE-2026-31431-php	https://github.com/MartinPham/copy-fail-CVE-2026-31431-php
CVE-2026-31431	krish-foren6/CVE-2026-31431-Report-Copy-fail-Vulnerability-	https://github.com/krish-foren6/CVE-2026-31431-Report-Copy-fail-Vulnerability-
CVE-2026-31431	EynaExp/Copy-Fail-CVE-2026-31431-modernized	https://github.com/EynaExp/Copy-Fail-CVE-2026-31431-modernized
CVE-2026-31431	Trex1e/copyfail-CVE-2026-31431	https://github.com/Trex1e/copyfail-CVE-2026-31431
CVE-2026-31431	KanbaraAkihito/CVE-2026-31431-copyfail-rs	https://github.com/KanbaraAkihito/CVE-2026-31431-copyfail-rs
CVE-2026-31431	mahdi13830510/CVE-2026-31431-mitigation-suite	https://github.com/mahdi13830510/CVE-2026-31431-mitigation-suite
CVE-2026-31431	suominen/CVE-2026-31431	https://github.com/suominen/CVE-2026-31431
CVE-2026-31431	M4xSec/CVE-2026-31431-RCE-Exploit	https://github.com/M4xSec/CVE-2026-31431-RCE-Exploit
CVE-2026-31431	mmionf/copy-fail-CVE-2026-31431	https://github.com/mmionf/copy-fail-CVE-2026-31431
CVE-2026-31431	cxwx/cpp-CVE-2026-31431	https://github.com/cxwx/cpp-CVE-2026-31431
CVE-2026-31431	Huchangzhi/autorootlinux	https://github.com/Huchangzhi/autorootlinux
CVE-2026-31431	Sl4cK0TH/CVE-2026-31431-PoC	https://github.com/Sl4cK0TH/CVE-2026-31431-PoC
CVE-2026-31431	pulentoski/CVE-2026-31431	https://github.com/pulentoski/CVE-2026-31431
CVE-2026-31431	joltcan/ansible-role-cve-2026-31431	https://github.com/joltcan/ansible-role-cve-2026-31431
CVE-2026-31431	sandraschi/copy-fail-mcp	https://github.com/sandraschi/copy-fail-mcp
CVE-2026-31431	Gr-1m/CVE-2026-31431	https://github.com/Gr-1m/CVE-2026-31431
CVE-2026-31431	ctzisme/copyfail-guard	https://github.com/ctzisme/copyfail-guard
CVE-2026-31431	CybroZeus/Copy-Fail-Exploit-CVE-2026-31431	https://github.com/CybroZeus/Copy-Fail-Exploit-CVE-2026-31431
CVE-2026-31431	AvPrince26/copy-fail-CVE-2026-31431-Python-Golfing	https://github.com/AvPrince26/copy-fail-CVE-2026-31431-Python-Golfing
CVE-2026-31431	pedromizz/copy-fail	https://github.com/pedromizz/copy-fail
CVE-2026-31431	astounds/copy-fail-CVE-2026-31431	https://github.com/astounds/copy-fail-CVE-2026-31431
CVE-2026-31431	jbnetwork-git/copy-fail-check	https://github.com/jbnetwork-git/copy-fail-check
CVE-2026-31431	danimrtzp/CVE-2026-31431-REVSHELL	https://github.com/danimrtzp/CVE-2026-31431-REVSHELL
CVE-2026-31431	pyroceper/copy-fail-CVE-2026-31431	https://github.com/pyroceper/copy-fail-CVE-2026-31431
CVE-2026-31431	ForensicFoundry/cve-2026-31431-check	https://github.com/ForensicFoundry/cve-2026-31431-check
CVE-2026-31431	vyahello/CVE-2026-31431	https://github.com/vyahello/CVE-2026-31431
CVE-2026-31431	sibersan/cve-2026-31431-checker	https://github.com/sibersan/cve-2026-31431-checker
CVE-2026-31431	ncmprbll/copy-fail-rs	https://github.com/ncmprbll/copy-fail-rs
CVE-2026-31431	jamal-soc21/Weekly-Breach-Investigation--006	https://github.com/jamal-soc21/Weekly-Breach-Investigation--006
CVE-2026-31431	tfawnies/CVE-2026-31431	https://github.com/tfawnies/CVE-2026-31431
CVE-2026-31431	ravindercodes/copy-fail-CVE-2026-31431	https://github.com/ravindercodes/copy-fail-CVE-2026-31431
CVE-2026-31431	ChernStepanov/CopyFail-for-dummies	https://github.com/ChernStepanov/CopyFail-for-dummies
CVE-2026-31431	kaleth4/CVE-2026-31431	https://github.com/kaleth4/CVE-2026-31431
CVE-2026-31431	mCub3/CVE-2026-31431	https://github.com/mCub3/CVE-2026-31431
CVE-2026-31431	juliosuas/copyfail-guard	https://github.com/juliosuas/copyfail-guard
CVE-2026-31431	codesource/copyfail-check	https://github.com/codesource/copyfail-check
CVE-2026-31431	xn0kkx/CVE-2026-31431_CopyFail_LinuxKernel_LPE	https://github.com/xn0kkx/CVE-2026-31431_CopyFail_LinuxKernel_LPE
CVE-2026-31431	MetaspIoit/CVE-2026-31431	https://github.com/MetaspIoit/CVE-2026-31431
CVE-2026-31431	kvendler/BigFix-CopyFail-AlmaLinux-Content	https://github.com/kvendler/BigFix-CopyFail-AlmaLinux-Content
CVE-2026-31431	chavezvic/CopyFail-Penguin	https://github.com/chavezvic/CopyFail-Penguin
CVE-2026-31431	samanzamani/copy-fail-checker	https://github.com/samanzamani/copy-fail-checker
CVE-2026-31431	ochebotar/copy-fail-CVE-2026-31431-detection-probe	https://github.com/ochebotar/copy-fail-CVE-2026-31431-detection-probe
CVE-2026-31431	g1nt0n1x/copy-fail-CVE-2026-31431-shell	https://github.com/g1nt0n1x/copy-fail-CVE-2026-31431-shell
CVE-2026-31431	Qengineering/RK35xx-CopyFail-Hotfix	https://github.com/Qengineering/RK35xx-CopyFail-Hotfix
CVE-2026-31431	ShahaB108/CVE-2026-31431_Kernel_Checker	https://github.com/ShahaB108/CVE-2026-31431_Kernel_Checker
CVE-2026-31431	vasyapokemon/cve-2026-31431	https://github.com/vasyapokemon/cve-2026-31431
CVE-2026-31431	xeloxa/copyfail-exploit	https://github.com/xeloxa/copyfail-exploit
CVE-2026-31431	Mrhudson69/cve-2026-31431	https://github.com/Mrhudson69/cve-2026-31431
CVE-2026-31431	net0bsd/Mitigaciones	https://github.com/net0bsd/Mitigaciones
CVE-2026-31431	imkk000/play-go-copy-fail-cve-2026-31431	https://github.com/imkk000/play-go-copy-fail-cve-2026-31431
CVE-2026-31431	alvaroguzmancode/CVE-2026-31431-mitigacion	https://github.com/alvaroguzmancode/CVE-2026-31431-mitigacion
CVE-2026-31431	AdityaBhatt3010/CVE-2026-31431	https://github.com/AdityaBhatt3010/CVE-2026-31431
CVE-2026-31431	jshDevs/CVE_kernellinux_jsh	https://github.com/jshDevs/CVE_kernellinux_jsh
CVE-2026-31431	KhaosFarbauti/CVE-2026-31431	https://github.com/KhaosFarbauti/CVE-2026-31431
CVE-2026-31431	rippsec/CVE-2026-31431-Copy-Fail	https://github.com/rippsec/CVE-2026-31431-Copy-Fail
CVE-2026-31431	Silent4Labs/check-copyfail-cve-2026-31431	https://github.com/Silent4Labs/check-copyfail-cve-2026-31431
CVE-2026-31431	6abc/Copy-Fail-CVE-2026-31431-dirty-frag-CVE-2026-43284	https://github.com/6abc/Copy-Fail-CVE-2026-31431-dirty-frag-CVE-2026-43284
CVE-2026-31431	Liverwortenuresis371/copyfail-rs	https://github.com/Liverwortenuresis371/copyfail-rs
CVE-2026-31431	deadRabbit92/mitigate-copy-fail.yml	https://github.com/deadRabbit92/mitigate-copy-fail.yml
CVE-2026-31431	sudoytang/copyfail-arm64	https://github.com/sudoytang/copyfail-arm64
CVE-2026-31431	MrMixies/Copy-Fail---CVE-2026-31431	https://github.com/MrMixies/Copy-Fail---CVE-2026-31431
CVE-2026-31431	Industri4l-H3ll-Xpl0it3rs/CVE-2026-31431-Copy-Fail	https://github.com/Industri4l-H3ll-Xpl0it3rs/CVE-2026-31431-Copy-Fail
CVE-2026-31431	Rat5ak/CVE-2026-31431-CopyFail-static-ELF--POC	https://github.com/Rat5ak/CVE-2026-31431-CopyFail-static-ELF--POC
CVE-2026-31431	zhanghangorg/cve-2026-31431	https://github.com/zhanghangorg/cve-2026-31431
CVE-2026-31431	itsystem/afalg-check	https://github.com/itsystem/afalg-check
CVE-2026-31431	Detect-DefenseLab/CVE-2026-31431-detection-defense	https://github.com/Detect-DefenseLab/CVE-2026-31431-detection-defense
CVE-2026-31431	ozergoker/CVE-2026-31431-copy-fail	https://github.com/ozergoker/CVE-2026-31431-copy-fail
CVE-2026-31431	Raptoratack/CopyFail-Scanner-CVE-2026-31431	https://github.com/Raptoratack/CopyFail-Scanner-CVE-2026-31431
CVE-2026-31431	devtint/CVE-2026-31431	https://github.com/devtint/CVE-2026-31431
CVE-2026-31431	mrmtwoj/ubuntu-cve-2026-31431-mitigation	https://github.com/mrmtwoj/ubuntu-cve-2026-31431-mitigation
CVE-2026-31431	RazvanDuda/GhostShell	https://github.com/RazvanDuda/GhostShell
CVE-2026-31431	darioomatos/cve-2026-31431-copyfail	https://github.com/darioomatos/cve-2026-31431-copyfail
CVE-2026-31431	sgkdev/page_inject	https://github.com/sgkdev/page_inject
CVE-2026-31431	OneDemobird/copy-fail-CVE-2026-31431-pythonlower3.10	https://github.com/OneDemobird/copy-fail-CVE-2026-31431-pythonlower3.10
CVE-2026-31431	reubensammut/CVE-2026-31431-Copy-Fail	https://github.com/reubensammut/CVE-2026-31431-Copy-Fail
CVE-2026-31431	zenzue/CVE-2026-31431-Checker-Mitigator	https://github.com/zenzue/CVE-2026-31431-Checker-Mitigator
CVE-2026-31431	voxcia-io/copy-fail	https://github.com/voxcia-io/copy-fail
CVE-2026-31431	luoqianlin/copyfail-c	https://github.com/luoqianlin/copyfail-c
CVE-2026-31431	tangjie1/CVE-2026-31431-Check	https://github.com/tangjie1/CVE-2026-31431-Check
CVE-2026-31431	0xN7y/CVE-2026-31431	https://github.com/0xN7y/CVE-2026-31431
CVE-2026-31431	Dullpurple-sloop726/CVE-2026-31431-Linux-Copy-Fail	https://github.com/Dullpurple-sloop726/CVE-2026-31431-Linux-Copy-Fail
CVE-2026-31431	iblamenear/CVE-2026-31431-Copy-Fail---Advanced-LPE-Proof-of-Concept---C-Rewrite	https://github.com/iblamenear/CVE-2026-31431-Copy-Fail---Advanced-LPE-Proof-of-Concept---C-Rewrite
CVE-2026-31431	grabesec/XCP_ng_CVE-2026-31431_tester	https://github.com/grabesec/XCP_ng_CVE-2026-31431_tester
CVE-2026-31431	philfry/cve-2026-31431-ftrace	https://github.com/philfry/cve-2026-31431-ftrace
CVE-2026-31431	hans362/CVE-2026-31431-Copy-Fail-Container-Escape	https://github.com/hans362/CVE-2026-31431-Copy-Fail-Container-Escape
CVE-2026-31431	StarxSky/CVE-2026-31431	https://github.com/StarxSky/CVE-2026-31431
CVE-2026-31431	pedro-lucas-melo/Estudo-de-Caso-CVE-2026-31431-CopyFail	https://github.com/pedro-lucas-melo/Estudo-de-Caso-CVE-2026-31431-CopyFail
CVE-2026-31431	ikow/CVE-2026-31431-live-code-corruption	https://github.com/ikow/CVE-2026-31431-live-code-corruption
CVE-2026-31431	gagaltotal/cve-2026-31431-copy-fail	https://github.com/gagaltotal/cve-2026-31431-copy-fail
CVE-2026-31431	Mr-bv/Copy-fail-CVE-2026-31431-Exploit-in-C	https://github.com/Mr-bv/Copy-fail-CVE-2026-31431-Exploit-in-C
CVE-2026-31431	0xer0/CVE-2026-31431-Copy-Fail-add-arm64	https://github.com/0xer0/CVE-2026-31431-Copy-Fail-add-arm64
CVE-2026-31431	361way/CVE-2026-31431	https://github.com/361way/CVE-2026-31431
CVE-2026-31431	adilkurtulmus/linux-copy-fail-CVE-2026-31431	https://github.com/adilkurtulmus/linux-copy-fail-CVE-2026-31431
CVE-2026-31431	Vatson112/deny-af-alg-bpf	https://github.com/Vatson112/deny-af-alg-bpf
CVE-2026-31431	kwilck/copyfail	https://github.com/kwilck/copyfail
CVE-2026-31431	pvpaulo01/cve-2026-31431	https://github.com/pvpaulo01/cve-2026-31431
CVE-2026-31431	tang-yikai/copy-fail-mitigation-with-bpftrace	https://github.com/tang-yikai/copy-fail-mitigation-with-bpftrace
CVE-2026-31431	abdelkabirouadoukou/CVE-2026-31431-Analysis-and-Fix	https://github.com/abdelkabirouadoukou/CVE-2026-31431-Analysis-and-Fix
CVE-2026-31431	julichaan/CVE-2026-31431-python-copyfail-POC	https://github.com/julichaan/CVE-2026-31431-python-copyfail-POC
CVE-2026-31431	guiimoraes/CVE-2026-31431	https://github.com/guiimoraes/CVE-2026-31431
CVE-2026-31431	Morton-Li/copy-fail-CVE-2026-31431	https://github.com/Morton-Li/copy-fail-CVE-2026-31431
CVE-2026-31431	OpenPixelSystems/c-copy-fail	https://github.com/OpenPixelSystems/c-copy-fail
CVE-2026-31431	p401a-ops/Copy-Fail	https://github.com/p401a-ops/Copy-Fail
CVE-2026-31431	infiniroot/ansible-mitigate-copyfail-dirtyfrag	https://github.com/infiniroot/ansible-mitigate-copyfail-dirtyfrag
CVE-2026-31431	KaraZajac/DIRTYFAIL	https://github.com/KaraZajac/DIRTYFAIL
CVE-2026-31431	ROSNLR5/MitigationToolkit-ROSN-LR5-Full	https://github.com/ROSNLR5/MitigationToolkit-ROSN-LR5-Full
CVE-2026-31431	hori0729/CVE-2026-31431-Verificador-Exploit	https://github.com/hori0729/CVE-2026-31431-Verificador-Exploit
CVE-2026-31431	krisiasty/vcheck	https://github.com/krisiasty/vcheck
CVE-2026-31431	vorkampfer/copy_fail_mitigation	https://github.com/vorkampfer/copy_fail_mitigation
CVE-2026-31431	Hunt-Benito/copy-fail-cve-2026-31431-linux-kernel-page-cache-lpe	https://github.com/Hunt-Benito/copy-fail-cve-2026-31431-linux-kernel-page-cache-lpe
CVE-2026-31431	Helios973/CVE-2026-31431_exp.c	https://github.com/Helios973/CVE-2026-31431_exp.c
CVE-2026-31431	haydenjames/CVE-2026-31431-check	https://github.com/haydenjames/CVE-2026-31431-check
CVE-2026-31431	cleozi/Copy_Grail	https://github.com/cleozi/Copy_Grail
CVE-2026-31431	vorkampfer/copyfail2_electric_boogaloo_fix	https://github.com/vorkampfer/copyfail2_electric_boogaloo_fix
CVE-2026-31431	AdemZero/CVE-2026-31431	https://github.com/AdemZero/CVE-2026-31431
CVE-2026-31431	Lutfifakee-Project/CVE-2026-31431	https://github.com/Lutfifakee-Project/CVE-2026-31431
CVE-2026-31431	u1tr0nex/CVE-2026-31431-CopyFail-Lab	https://github.com/u1tr0nex/CVE-2026-31431-CopyFail-Lab
CVE-2026-31431	mauricioportela/CVE-2026-31431-Analysis	https://github.com/mauricioportela/CVE-2026-31431-Analysis
CVE-2026-31431	dgrobinson0/CopyFile_CVE-2026-31431	https://github.com/dgrobinson0/CopyFile_CVE-2026-31431
CVE-2026-31431	polyakovavv/copyfail	https://github.com/polyakovavv/copyfail
CVE-2026-31431	gbonacini/CVE-2026-31431	https://github.com/gbonacini/CVE-2026-31431
CVE-2026-31431	studiogangster/CVE-2026-31431	https://github.com/studiogangster/CVE-2026-31431
CVE-2026-31431	paulorlima9/copyfail-fix	https://github.com/paulorlima9/copyfail-fix
CVE-2026-31431	sh4den/CVE-2026-31431-copyfail-aarch64	https://github.com/sh4den/CVE-2026-31431-copyfail-aarch64
CVE-2026-31431	DroPZsec/SplicePrivillegeEscalationFIX	https://github.com/DroPZsec/SplicePrivillegeEscalationFIX
CVE-2026-31431	kuniyal08/Copy-Fail-CVE-2026-31431-Lab	https://github.com/kuniyal08/Copy-Fail-CVE-2026-31431-Lab
CVE-2026-31431	SilverRuler/copy-fail-CVE-2026-31431	https://github.com/SilverRuler/copy-fail-CVE-2026-31431
CVE-2026-31431	Sebastian294/cve-2026-31431	https://github.com/Sebastian294/cve-2026-31431
CVE-2026-31431	0xFuffM3/CVE-2026-31431-CopyFail	https://github.com/0xFuffM3/CVE-2026-31431-CopyFail
CVE-2026-31431	dotPY-hax/CopyFail	https://github.com/dotPY-hax/CopyFail
CVE-2026-31431	zKaaanon/ProyectoFinalSO	https://github.com/zKaaanon/ProyectoFinalSO
CVE-2026-31431	adityasingh108/CVE-2026-31431-Metasploit-exploit	https://github.com/adityasingh108/CVE-2026-31431-Metasploit-exploit
CVE-2026-31431	Maxime288/CVE-2026-31431-Copy-Fail-R-pertoire-de-Pr-vention	https://github.com/Maxime288/CVE-2026-31431-Copy-Fail-R-pertoire-de-Pr-vention
CVE-2026-31431	Pithase/asm-copyfail	https://github.com/Pithase/asm-copyfail
CVE-2026-31431	4xura/CVE-2026-31431-Copy-Fail	https://github.com/4xura/CVE-2026-31431-Copy-Fail
CVE-2026-31431	royayub/CVE-2026-31431	https://github.com/royayub/CVE-2026-31431
CVE-2026-31431	Yakovyakov/cve-2026-31431-mitigation	https://github.com/Yakovyakov/cve-2026-31431-mitigation
CVE-2026-31431	cj667113/OCI-Ansible-Fix-CVE-2026-31431	https://github.com/cj667113/OCI-Ansible-Fix-CVE-2026-31431
CVE-2026-31431	GubiczaP/cve-2026-31431-checker	https://github.com/GubiczaP/cve-2026-31431-checker
CVE-2026-31431	sgkdev/ptrace_may_dream	https://github.com/sgkdev/ptrace_may_dream
CVE-2026-31431	yangh-beep/CVE-2026-31431-C	https://github.com/yangh-beep/CVE-2026-31431-C
CVE-2026-31431	JimmyPughtron/CVE-2026-31431-Copy-Fail---Minified-LPE-PoC	https://github.com/JimmyPughtron/CVE-2026-31431-Copy-Fail---Minified-LPE-PoC
CVE-2026-31431	4n4s4zi/copyfail-alpine	https://github.com/4n4s4zi/copyfail-alpine
CVE-2026-31431	ridhinva/linux-kernel-algif-aead-checker	https://github.com/ridhinva/linux-kernel-algif-aead-checker
CVE-2026-31431	Iamliuxiaozhen/copy_fail	https://github.com/Iamliuxiaozhen/copy_fail
CVE-2026-31431	songzzzz/CVE-2026-31431	https://github.com/songzzzz/CVE-2026-31431
CVE-2026-31431	vishvacyber/Detection-Tool-Kit-for-CVE-2026-31431	https://github.com/vishvacyber/Detection-Tool-Kit-for-CVE-2026-31431
CVE-2026-31431	nonameuserosint-hue/Copyfail-sh	https://github.com/nonameuserosint-hue/Copyfail-sh
CVE-2026-31431	tematemaru/CVE-2026-31431-simple-test	https://github.com/tematemaru/CVE-2026-31431-simple-test
CVE-2026-31431	1neptune/CopyFail	https://github.com/1neptune/CopyFail
CVE-2026-31431	zs1n/copy-fail-CVE-2026-31431	https://github.com/zs1n/copy-fail-CVE-2026-31431
CVE-2026-31431	t1ckprivate/CVE-2026-31431-Copy-Fail	https://github.com/t1ckprivate/CVE-2026-31431-Copy-Fail
CVE-2026-31431	kinryulabs/rootpacket-cve-2026-31431	https://github.com/kinryulabs/rootpacket-cve-2026-31431
CVE-2026-31431	SugiB3o/CVE-2026-31431	https://github.com/SugiB3o/CVE-2026-31431
CVE-2026-31431	jihwan77/Linux-Kernel-Copy-Fail-CVE-2026-31431-	https://github.com/jihwan77/Linux-Kernel-Copy-Fail-CVE-2026-31431-
CVE-2026-31431	TeamN4C/SG-2026-0013	https://github.com/TeamN4C/SG-2026-0013
CVE-2026-31431	TrevoCastles/CVE-2026-31431-copy-fail	https://github.com/TrevoCastles/CVE-2026-31431-copy-fail
CVE-2026-31431	dev1681/CVE-2026-31431	https://github.com/dev1681/CVE-2026-31431
CVE-2026-31431	joaocalciolari07/copyfail-guard	https://github.com/joaocalciolari07/copyfail-guard
CVE-2026-31431	FranklinF25/cve-2026-31431	https://github.com/FranklinF25/cve-2026-31431
CVE-2026-31431	silentbyte69/copy-fail-CVE-2026-31431-cpp	https://github.com/silentbyte69/copy-fail-CVE-2026-31431-cpp
CVE-2026-31431	Minime794/copyfail	https://github.com/Minime794/copyfail
CVE-2026-33825	Letlaka/redsun-bluehammer-undefend-detection-pack	https://github.com/Letlaka/redsun-bluehammer-undefend-detection-pack
CVE-2026-33825	Bilal3755/Detecting_blue_hammer_vuln	https://github.com/Bilal3755/Detecting_blue_hammer_vuln
CVE-2026-33825	kaleth4/CVE-2026-33825	https://github.com/kaleth4/CVE-2026-33825
CVE-2026-33825	Joe1sn/CVE-2026-33825	https://github.com/Joe1sn/CVE-2026-33825
CVE-2026-33825	0xBlackash/CVE-2026-33825	https://github.com/0xBlackash/CVE-2026-33825
CVE-2026-41091	0xBlackash/CVE-2026-41091	https://github.com/0xBlackash/CVE-2026-41091
CVE-2026-41091	ridhinva/defender-privilege-escalation-scanner	https://github.com/ridhinva/defender-privilege-escalation-scanner
CVE-2026-41091	tc4dy/CVE-2026-41091-PoC-Exploit	https://github.com/tc4dy/CVE-2026-41091-PoC-Exploit
CVE-2026-41091	s4m98/RedSun-	https://github.com/s4m98/RedSun-
CVE-2026-48172	HORKimhab/CVE-2026-48172	https://github.com/HORKimhab/CVE-2026-48172
CVE-2026-48172	retmakarunia/CVE-2026-48172	https://github.com/retmakarunia/CVE-2026-48172
CVE-2026-48172	fevar54/CVE-2026-48172---LiteSpeed-cPanel-Plugin-Version-Auditor	https://github.com/fevar54/CVE-2026-48172---LiteSpeed-cPanel-Plugin-Version-Auditor
CVE-2026-56164	sentinel-aidefense/CVE-2026-56164-EXP	https://github.com/sentinel-aidefense/CVE-2026-56164-EXP
CVE-2026-56164	sam00/POC-CVE-2026-56164-exploit	https://github.com/sam00/POC-CVE-2026-56164-exploit
CVE-2026-68820	HORKimhab/CVE-2026-68820	https://github.com/HORKimhab/CVE-2026-68820
CVE-2026-68820	ubitquity/Windows-WinSock-UAF-Mitigation	https://github.com/ubitquity/Windows-WinSock-UAF-Mitigation
CVE-2026-68820	fevar54/CVE-2026-68820-Mitigation-PoC-	https://github.com/fevar54/CVE-2026-68820-Mitigation-PoC-
CVE-2026-68820	maxprog-svg/CVE-2026-68820_Mass_Exploit	https://github.com/maxprog-svg/CVE-2026-68820_Mass_Exploit
CVE-2026-71362	dinosn/cve-2026-71362-magento-lab	https://github.com/dinosn/cve-2026-71362-magento-lab
CVE-2026-86060	bahirul/cve-2026-86060	https://github.com/bahirul/cve-2026-86060
CVE-2026-86060	digiprosec/MicroTrick	https://github.com/digiprosec/MicroTrick
CVE-2026-86060	gagaltotal/CVE-2026-mikrotik-poc	https://github.com/gagaltotal/CVE-2026-mikrotik-poc
CVE-2025-48595	HORKimhab/CVE-2025-48595	https://github.com/HORKimhab/CVE-2025-48595
CVE-2025-48595	fevar54/CVE-2025-48595-Android-Framework-Integer-Overflow-	https://github.com/fevar54/CVE-2025-48595-Android-Framework-Integer-Overflow-
CVE-2025-48595	XiaoBaiLovesStirring/CVE-2025-48595-Exploit	https://github.com/XiaoBaiLovesStirring/CVE-2025-48595-Exploit
CVE-2025-21333	MrAle98/CVE-2025-21333-POC	https://github.com/MrAle98/CVE-2025-21333-POC
CVE-2025-21333	aleongx/KQL_sentinel_CVE-2025-21333	https://github.com/aleongx/KQL_sentinel_CVE-2025-21333
CVE-2025-21333	nu1lptr0/CVE-2025-21333	https://github.com/nu1lptr0/CVE-2025-21333
CVE-2025-21333	uname1able/CVE-2025-21333	https://github.com/uname1able/CVE-2025-21333
CVE-2025-24085	JGoyd/Glass-Cage-iOS18-CVE-2025-24085-CVE-2025-24201	https://github.com/JGoyd/Glass-Cage-iOS18-CVE-2025-24085-CVE-2025-24201
CVE-2025-24472	razureink/cve-2025-24472-fortinet_authbypass_reproduction	https://github.com/razureink/cve-2025-24472-fortinet_authbypass_reproduction
CVE-2025-29824	encrypter15/CVE-2025-29824	https://github.com/encrypter15/CVE-2025-29824
CVE-2025-29824	AfanPan/CVE-2025-29824-Exploit	https://github.com/AfanPan/CVE-2025-29824-Exploit
CVE-2025-29824	zmkeh/CVE-2025-29824-CLFS-Local-privilege-escalation	https://github.com/zmkeh/CVE-2025-29824-CLFS-Local-privilege-escalation
CVE-2025-29824	uname1able/CVE-2025-29824	https://github.com/uname1able/CVE-2025-29824
CVE-2025-30400	encrypter15/CVE-2025-30400	https://github.com/encrypter15/CVE-2025-30400
CVE-2025-32709	AdnanSiyat/How-to-Patch-CVE-2025-32709	https://github.com/AdnanSiyat/How-to-Patch-CVE-2025-32709
CVE-2025-33073	mverschu/CVE-2025-33073	https://github.com/mverschu/CVE-2025-33073
CVE-2025-33073	starscow/CVE-2025-33073	https://github.com/starscow/CVE-2025-33073
CVE-2025-33073	obscura-cert/CVE-2025-33073	https://github.com/obscura-cert/CVE-2025-33073
CVE-2025-33073	matejsmycka/CVE-2025-33073-checker	https://github.com/matejsmycka/CVE-2025-33073-checker
CVE-2025-33073	cve-2025-33073/cve-2025-33073	https://github.com/cve-2025-33073/cve-2025-33073
CVE-2025-33073	SFRDevelopment/windows-smb-vulnerability-framework-cve-2025-33073	https://github.com/SFRDevelopment/windows-smb-vulnerability-framework-cve-2025-33073
CVE-2025-33073	uziii2208/CVE-2025-33073	https://github.com/uziii2208/CVE-2025-33073
CVE-2025-33073	irjfifndn-prog/Blackash-CVE-2025-33073	https://github.com/irjfifndn-prog/Blackash-CVE-2025-33073
CVE-2025-33073	EgCupCake/cupntlm-Automated-Exploit-For-CVE-2025-33073-	https://github.com/EgCupCake/cupntlm-Automated-Exploit-For-CVE-2025-33073-
CVE-2025-33073	IyarGross/SMB-CVE-2025-33073	https://github.com/IyarGross/SMB-CVE-2025-33073
CVE-2025-33073	sentinel-aidefense/CVE-2025-33073	https://github.com/sentinel-aidefense/CVE-2025-33073
CVE-2025-40602	rxerium/CVE-2025-40602	https://github.com/rxerium/CVE-2025-40602
CVE-2025-40602	cyberleelawat/CVE-2025-40602	https://github.com/cyberleelawat/CVE-2025-40602
CVE-2025-41244	rxerium/CVE-2025-41244	https://github.com/rxerium/CVE-2025-41244
CVE-2025-41244	haspiranti/CVE-2025-41244-PoC	https://github.com/haspiranti/CVE-2025-41244-PoC
CVE-2025-41244	NULL200OK/CVE-2025-41244	https://github.com/NULL200OK/CVE-2025-41244
CVE-2025-48543	gamesarchive/CVE-2025-48543	https://github.com/gamesarchive/CVE-2025-48543
CVE-2025-60710	Wh04m1001/CVE-2025-60710	https://github.com/Wh04m1001/CVE-2025-60710
CVE-2025-60710	redpack-kr/CVE-2025-60710	https://github.com/redpack-kr/CVE-2025-60710
CVE-2025-62215	mrk336/Kernel-Chaos-Weaponizing-CVE-2025-62215-for-SYSTEM-Privilege-Escalation	https://github.com/mrk336/Kernel-Chaos-Weaponizing-CVE-2025-62215-for-SYSTEM-Privilege-Escalation
CVE-2025-62215	abrewer251/CVE-2025-62215_Windows_Kernel_PE	https://github.com/abrewer251/CVE-2025-62215_Windows_Kernel_PE
CVE-2025-62215	nullxall/cve-2025-62215-exploit-poc	https://github.com/nullxall/cve-2025-62215-exploit-poc
CVE-2025-62215	theman001/CVE-2025-62215	https://github.com/theman001/CVE-2025-62215
CVE-2025-62215	uky007/CVE-2025-62215_analysis	https://github.com/uky007/CVE-2025-62215_analysis
CVE-2025-62215	gowonisgood/CVE-2025-62215-POC	https://github.com/gowonisgood/CVE-2025-62215-POC
CVE-2025-62221	Teodor1231241/DEMO-Proof-of-Concept-Temporal-Memory-Inconsistency-in-cldflt.sys-CVE-2025-62221	https://github.com/Teodor1231241/DEMO-Proof-of-Concept-Temporal-Memory-Inconsistency-in-cldflt.sys-CVE-2025-62221
CVE-2024-55591	watchtowrlabs/fortios-auth-bypass-check-CVE-2024-55591	https://github.com/watchtowrlabs/fortios-auth-bypass-check-CVE-2024-55591
CVE-2024-55591	sysirq/fortios-auth-bypass-poc-CVE-2024-55591	https://github.com/sysirq/fortios-auth-bypass-poc-CVE-2024-55591
CVE-2024-55591	sysirq/fortios-auth-bypass-exploit-CVE-2024-55591	https://github.com/sysirq/fortios-auth-bypass-exploit-CVE-2024-55591
CVE-2024-55591	virus-or-not/CVE-2024-55591	https://github.com/virus-or-not/CVE-2024-55591
CVE-2024-55591	watchtowrlabs/fortios-auth-bypass-poc-CVE-2024-55591	https://github.com/watchtowrlabs/fortios-auth-bypass-poc-CVE-2024-55591
CVE-2024-55591	exfil0/CVE-2024-55591-POC	https://github.com/exfil0/CVE-2024-55591-POC
CVE-2024-55591	0x7556/CVE-2024-55591	https://github.com/0x7556/CVE-2024-55591
CVE-2024-55591	UMChacker/CVE-2024-55591-POC	https://github.com/UMChacker/CVE-2024-55591-POC
CVE-2024-55591	uLl0a/cve-2024-55591-poc	https://github.com/uLl0a/cve-2024-55591-poc
CVE-2024-0012	watchtowrlabs/palo-alto-panos-cve-2024-0012	https://github.com/watchtowrlabs/palo-alto-panos-cve-2024-0012
CVE-2024-0012	Sachinart/CVE-2024-0012-POC	https://github.com/Sachinart/CVE-2024-0012-POC
CVE-2024-0012	greaselovely/CVE-2024-0012	https://github.com/greaselovely/CVE-2024-0012
CVE-2024-0012	iSee857/CVE-2024-0012-poc	https://github.com/iSee857/CVE-2024-0012-poc
CVE-2024-0012	Gr-1m/cve-2024-0012-poc	https://github.com/Gr-1m/cve-2024-0012-poc
CVE-2024-0012	punitdarji/Paloalto-CVE-2024-0012	https://github.com/punitdarji/Paloalto-CVE-2024-0012
CVE-2024-0012	0xjessie21/CVE-2024-0012	https://github.com/0xjessie21/CVE-2024-0012
CVE-2024-0012	TalatumLabs/CVE-2024-0012_CVE-2024-9474_PoC	https://github.com/TalatumLabs/CVE-2024-0012_CVE-2024-9474_PoC
CVE-2024-0012	dcollaoa/cve-2024-0012-gui-poc	https://github.com/dcollaoa/cve-2024-0012-gui-poc
CVE-2024-0012	Regent8SH/PanOsExploitMultitool	https://github.com/Regent8SH/PanOsExploitMultitool
CVE-2024-0012	razureink/cve-2024-0012_9474-panos_authbypass_reproduction	https://github.com/razureink/cve-2024-0012_9474-panos_authbypass_reproduction
CVE-2024-1086	Notselwyn/CVE-2024-1086	https://github.com/Notselwyn/CVE-2024-1086
CVE-2024-1086	Alicey0719/docker-POC_CVE-2024-1086	https://github.com/Alicey0719/docker-POC_CVE-2024-1086
CVE-2024-1086	CCIEVoice2009/CVE-2024-1086	https://github.com/CCIEVoice2009/CVE-2024-1086
CVE-2024-1086	kevcooper/CVE-2024-1086-checker	https://github.com/kevcooper/CVE-2024-1086-checker
CVE-2024-1086	feely666/CVE-2024-1086	https://github.com/feely666/CVE-2024-1086
CVE-2024-1086	xzx482/CVE-2024-1086	https://github.com/xzx482/CVE-2024-1086
CVE-2024-1086	LLfam/CVE-2024-1086	https://github.com/LLfam/CVE-2024-1086
CVE-2024-1086	karim4353/CVE-2024-1086-Exploit	https://github.com/karim4353/CVE-2024-1086-Exploit
CVE-2024-1086	ndt2111200203/CVE-2024-1086	https://github.com/ndt2111200203/CVE-2024-1086
CVE-2024-1086	sandesh9978/cve-2024-1086-lpe	https://github.com/sandesh9978/cve-2024-1086-lpe
CVE-2024-1086	vettrivel007/CVE-2024-1086	https://github.com/vettrivel007/CVE-2024-1086
CVE-2024-1086	ClaraSto/CVE-2024-1086_Ausarbeitung	https://github.com/ClaraSto/CVE-2024-1086_Ausarbeitung
CVE-2024-1086	b1nhack/CVE-2024-1086	https://github.com/b1nhack/CVE-2024-1086
CVE-2024-1086	Luisbuilds-data/cve-2024-1086-writeup	https://github.com/Luisbuilds-data/cve-2024-1086-writeup
CVE-2024-1086	JHarv613/CVE_2024_1086_vulnerability_check	https://github.com/JHarv613/CVE_2024_1086_vulnerability_check
CVE-2024-1086	dopaminauta/onetwoseven-writeup	https://github.com/dopaminauta/onetwoseven-writeup
CVE-2024-1086	Vedantk6403/KOOBE-Guard	https://github.com/Vedantk6403/KOOBE-Guard
CVE-2024-8068	HORKimhab/CVE-2024-8068-CVE-2024-8069	https://github.com/HORKimhab/CVE-2024-8068-CVE-2024-8069
CVE-2024-9474	Chocapikk/CVE-2024-9474	https://github.com/Chocapikk/CVE-2024-9474
CVE-2024-9474	k4nfr3/CVE-2024-9474	https://github.com/k4nfr3/CVE-2024-9474
CVE-2024-9474	deathvu/CVE-2024-9474	https://github.com/deathvu/CVE-2024-9474
CVE-2024-9474	coskper-papa/PAN-OS_CVE-2024-9474	https://github.com/coskper-papa/PAN-OS_CVE-2024-9474
CVE-2024-9474	aratane/CVE-2024-9474	https://github.com/aratane/CVE-2024-9474
CVE-2024-21338	hakaioffsec/CVE-2024-21338	https://github.com/hakaioffsec/CVE-2024-21338
CVE-2024-21338	UMU618/CVE-2024-21338	https://github.com/UMU618/CVE-2024-21338
CVE-2024-21338	wusijie/CVE-2024-21338-1	https://github.com/wusijie/CVE-2024-21338-1
CVE-2024-21338	Zombie-Kaiser/CVE-2024-21338-x64-build-	https://github.com/Zombie-Kaiser/CVE-2024-21338-x64-build-
CVE-2024-21338	tykawaii98/CVE-2024-21338_PoC	https://github.com/tykawaii98/CVE-2024-21338_PoC
CVE-2024-21338	Crowdfense/CVE-2024-21338	https://github.com/Crowdfense/CVE-2024-21338
CVE-2024-21338	hackyboiz/kcfg-bypass	https://github.com/hackyboiz/kcfg-bypass
CVE-2024-21338	MistyFir/CVE-2024-21338-Exploit	https://github.com/MistyFir/CVE-2024-21338-Exploit
CVE-2024-21410	Piyush20004/SentinelStream-AI	https://github.com/Piyush20004/SentinelStream-AI
CVE-2024-26169	kautilyagupt/CVE-2024-26169-Detail-1	https://github.com/kautilyagupt/CVE-2024-26169-Detail-1
CVE-2024-30051	fortra/CVE-2024-30051	https://github.com/fortra/CVE-2024-30051
CVE-2024-30051	devianntsec/CVE-2024-30051	https://github.com/devianntsec/CVE-2024-30051
CVE-2024-30088	tykawaii98/CVE-2024-30088	https://github.com/tykawaii98/CVE-2024-30088
CVE-2024-30088	NextGenPentesters/CVE-2024-30088-	https://github.com/NextGenPentesters/CVE-2024-30088-
CVE-2024-30088	Zombie-Kaiser/CVE-2024-30088-Windows-poc	https://github.com/Zombie-Kaiser/CVE-2024-30088-Windows-poc
CVE-2024-30088	exploits-forsale/collateral-damage	https://github.com/exploits-forsale/collateral-damage
CVE-2024-30088	Admin9961/CVE-2024-30088	https://github.com/Admin9961/CVE-2024-30088
CVE-2024-30088	Justintroup85/exploits-forsale-collateral-damage	https://github.com/Justintroup85/exploits-forsale-collateral-damage
CVE-2024-30088	cyghtinc/cve-2024-30088-binary-LPE-PRIVIELEGE-ESCALATION-CYGHT-TOCTOU	https://github.com/cyghtinc/cve-2024-30088-binary-LPE-PRIVIELEGE-ESCALATION-CYGHT-TOCTOU
CVE-2024-30088	th3g3ntl3m4n84/CVE-2024-30088__Windows-TOCTOU-exploit	https://github.com/th3g3ntl3m4n84/CVE-2024-30088__Windows-TOCTOU-exploit
CVE-2024-30088	FangFang-Yi/CVE-2024-30088	https://github.com/FangFang-Yi/CVE-2024-30088
CVE-2024-35250	CrackerCat/CVE-2024-35250	https://github.com/CrackerCat/CVE-2024-35250
CVE-2024-35250	ro0tmylove/CVE-2024-35250-BOF	https://github.com/ro0tmylove/CVE-2024-35250-BOF
CVE-2024-35250	yinsel/CVE-2024-35250-BOF	https://github.com/yinsel/CVE-2024-35250-BOF
CVE-2024-35250	0xROOTPLS/GiveMeKernel	https://github.com/0xROOTPLS/GiveMeKernel
CVE-2024-35250	xvalegendary/HVCIPwned	https://github.com/xvalegendary/HVCIPwned
CVE-2024-38080	pwndorei/CVE-2024-38080	https://github.com/pwndorei/CVE-2024-38080
CVE-2024-38193	killvxk/CVE-2024-38193-Nephster	https://github.com/killvxk/CVE-2024-38193-Nephster
CVE-2024-49039	je5442804/WPTaskScheduler_CVE-2024-49039	https://github.com/je5442804/WPTaskScheduler_CVE-2024-49039
CVE-2024-49039	razureink/cve-2024-49039-task_scheduler_eop_reproduction	https://github.com/razureink/cve-2024-49039-task_scheduler_eop_reproduction
CVE-2024-49138	MrAle98/CVE-2024-49138-POC	https://github.com/MrAle98/CVE-2024-49138-POC
CVE-2024-49138	bananoname/CVE-2024-49138-POC	https://github.com/bananoname/CVE-2024-49138-POC
CVE-2024-49138	DeividasTerechovas/SOC335-CVE-2024-49138-Exploitation-Detected	https://github.com/DeividasTerechovas/SOC335-CVE-2024-49138-Exploitation-Detected
CVE-2024-49138	CyprianAtsyor/letsdefend-cve-2024-49138-investigation	https://github.com/CyprianAtsyor/letsdefend-cve-2024-49138-investigation
CVE-2024-49138	Bridg3Ops/SOC335-CVE-2024-49138-Exploitation-Detected	https://github.com/Bridg3Ops/SOC335-CVE-2024-49138-Exploitation-Detected
CVE-2024-49138	onixgod/SOC335-Event-ID-313-CVE-2024-49138-Exploitation-Detected--Lest-Defend-Writeup	https://github.com/onixgod/SOC335-Event-ID-313-CVE-2024-49138-Exploitation-Detected--Lest-Defend-Writeup
CVE-2024-49138	Zedocun/soc-investigation-powershell-edrfreeze	https://github.com/Zedocun/soc-investigation-powershell-edrfreeze
CVE-2024-49138	vettrivel007/CVE-2024-49138	https://github.com/vettrivel007/CVE-2024-49138
CVE-2024-49138	basitsajidSOC/SOC-Investigation-CVE-2024-49138	https://github.com/basitsajidSOC/SOC-Investigation-CVE-2024-49138
CVE-2024-49138	NadineElliottCyber/SOC335-CVE-2024-49138-Investigation	https://github.com/NadineElliottCyber/SOC335-CVE-2024-49138-Investigation
CVE-2024-49138	Adisasoc/CVE-2024-49138-SOC-Investigation	https://github.com/Adisasoc/CVE-2024-49138-SOC-Investigation
CVE-2024-49138	FabianCH20/SOC335---CVE-2024-49138-Exploitation-Detected	https://github.com/FabianCH20/SOC335---CVE-2024-49138-Exploitation-Detected
CVE-2024-49138	mohamedbrek/SOC335-CVE-2024-49138-Exploitation-Detected	https://github.com/mohamedbrek/SOC335-CVE-2024-49138-Exploitation-Detected
CVE-2022-2586	aels/CVE-2022-2586-LPE	https://github.com/aels/CVE-2022-2586-LPE
CVE-2022-2586	sniper404ghostxploit/CVE-2022-2586	https://github.com/sniper404ghostxploit/CVE-2022-2586
CVE-2022-2586	lanleft/CVE-2022-2586	https://github.com/lanleft/CVE-2022-2586
CVE-2023-0266	SeanHeelan/claude_opus_cve_2023_0266	https://github.com/SeanHeelan/claude_opus_cve_2023_0266
CVE-2023-0386	veritas501/CVE-2023-0386	https://github.com/veritas501/CVE-2023-0386
CVE-2023-0386	Satheesh575555/linux-4.19.72_CVE-2023-0386	https://github.com/Satheesh575555/linux-4.19.72_CVE-2023-0386
CVE-2023-0386	xkaneiki/CVE-2023-0386	https://github.com/xkaneiki/CVE-2023-0386
CVE-2023-0386	chenaotian/CVE-2023-0386	https://github.com/chenaotian/CVE-2023-0386
CVE-2023-0386	P4x1s/CVE-2023-0386	https://github.com/P4x1s/CVE-2023-0386
CVE-2023-0386	sxlmnwb/CVE-2023-0386	https://github.com/sxlmnwb/CVE-2023-0386
CVE-2023-0386	Fanxiaoyao66/CVE-2023-0386	https://github.com/Fanxiaoyao66/CVE-2023-0386
CVE-2023-0386	puckiestyle/CVE-2023-0386	https://github.com/puckiestyle/CVE-2023-0386
CVE-2023-0386	letsr00t/CVE-2023-0386	https://github.com/letsr00t/CVE-2023-0386
CVE-2023-0386	churamanib/CVE-2023-0386	https://github.com/churamanib/CVE-2023-0386
CVE-2023-0386	EstamelGG/CVE-2023-0386-libs	https://github.com/EstamelGG/CVE-2023-0386-libs
CVE-2023-0386	orilevy8/cve-2023-0386	https://github.com/orilevy8/cve-2023-0386
CVE-2023-0386	dragosbanica/CVE-2023-0386_POC	https://github.com/dragosbanica/CVE-2023-0386_POC
CVE-2023-0386	huovnn/CVE-2023-0386-go-poc	https://github.com/huovnn/CVE-2023-0386-go-poc
CVE-2023-0386	karimelsheikh1/HTB-TwoMillion-Writeup	https://github.com/karimelsheikh1/HTB-TwoMillion-Writeup
CVE-2023-0386	julianertle/CVE-2023-0386-CTF	https://github.com/julianertle/CVE-2023-0386-CTF
CVE-2023-0386	anxs3c/TwoMillion-Machine-Writeup	https://github.com/anxs3c/TwoMillion-Machine-Writeup
CVE-2023-0386	pwncone/CVE-2023-0386-OverlayFS	https://github.com/pwncone/CVE-2023-0386-OverlayFS
CVE-2023-0386	abedallarawashdeh/HTB-TwoMillion-machine	https://github.com/abedallarawashdeh/HTB-TwoMillion-machine
CVE-2023-2868	cfielding-r7/poc-cve-2023-2868	https://github.com/cfielding-r7/poc-cve-2023-2868
CVE-2023-2868	cashapp323232/CVE-2023-2868CVE-2023-2868	https://github.com/cashapp323232/CVE-2023-2868CVE-2023-2868
CVE-2023-2868	krmxd/CVE-2023-2868	https://github.com/krmxd/CVE-2023-2868
CVE-2023-4911	Green-Avocado/CVE-2023-4911	https://github.com/Green-Avocado/CVE-2023-4911
CVE-2023-4911	leesh3288/CVE-2023-4911	https://github.com/leesh3288/CVE-2023-4911
CVE-2023-4911	RickdeJager/CVE-2023-4911	https://github.com/RickdeJager/CVE-2023-4911
CVE-2023-4911	xiaoQ1z/CVE-2023-4911	https://github.com/xiaoQ1z/CVE-2023-4911
CVE-2023-4911	silent6trinity/looney-tuneables	https://github.com/silent6trinity/looney-tuneables
CVE-2023-4911	hadrian3689/looney-tunables-CVE-2023-4911	https://github.com/hadrian3689/looney-tunables-CVE-2023-4911
CVE-2023-4911	ruycr4ft/CVE-2023-4911	https://github.com/ruycr4ft/CVE-2023-4911
CVE-2023-4911	guffre/CVE-2023-4911	https://github.com/guffre/CVE-2023-4911
CVE-2023-4911	chaudharyarjun/LooneyPwner	https://github.com/chaudharyarjun/LooneyPwner
CVE-2023-4911	KernelKrise/CVE-2023-4911	https://github.com/KernelKrise/CVE-2023-4911
CVE-2023-4911	Diego-AltF4/CVE-2023-4911	https://github.com/Diego-AltF4/CVE-2023-4911
CVE-2023-4911	teraGL/looneyCVE	https://github.com/teraGL/looneyCVE
CVE-2023-4911	snurkeburk/Looney-Tunables	https://github.com/snurkeburk/Looney-Tunables
CVE-2023-4911	puckiestyle/CVE-2023-4911	https://github.com/puckiestyle/CVE-2023-4911
CVE-2023-4911	NishanthAnand21/CVE-2023-4911-PoC	https://github.com/NishanthAnand21/CVE-2023-4911-PoC
CVE-2023-4911	Billar42/CVE-2023-4911	https://github.com/Billar42/CVE-2023-4911
CVE-2023-4911	KillReal01/CVE-2023-4911	https://github.com/KillReal01/CVE-2023-4911
CVE-2023-4911	Aryan20057/CVE-2023-4911	https://github.com/Aryan20057/CVE-2023-4911
CVE-2023-4911	0xMOGA/CVE-2023-4911-Lab	https://github.com/0xMOGA/CVE-2023-4911-Lab
CVE-2023-4911	jarpex/cve-2023-4911-exploit-optimized	https://github.com/jarpex/cve-2023-4911-exploit-optimized
CVE-2023-4911	baeseungwon1010/CVE-2023-4911	https://github.com/baeseungwon1010/CVE-2023-4911
CVE-2023-20198	raystr-atearedteam/CVE-2023-20198-checker	https://github.com/raystr-atearedteam/CVE-2023-20198-checker
CVE-2023-20198	Atea-Redteam/CVE-2023-20198	https://github.com/Atea-Redteam/CVE-2023-20198
CVE-2023-20198	securityphoenix/cisco-CVE-2023-20198-tester	https://github.com/securityphoenix/cisco-CVE-2023-20198-tester
CVE-2023-20198	emomeni/Simple-Ansible-for-CVE-2023-20198	https://github.com/emomeni/Simple-Ansible-for-CVE-2023-20198
CVE-2023-20198	ZephrFish/CVE-2023-20198-Checker	https://github.com/ZephrFish/CVE-2023-20198-Checker
CVE-2023-20198	JoyGhoshs/CVE-2023-20198	https://github.com/JoyGhoshs/CVE-2023-20198
CVE-2023-20198	Tounsi007/CVE-2023-20198	https://github.com/Tounsi007/CVE-2023-20198
CVE-2023-20198	alekos3/CVE_2023_20198_Detector	https://github.com/alekos3/CVE_2023_20198_Detector
CVE-2023-20198	reket99/Cisco_CVE-2023-20198	https://github.com/reket99/Cisco_CVE-2023-20198
CVE-2023-20198	iveresk/cve-2023-20198	https://github.com/iveresk/cve-2023-20198
CVE-2023-20198	sohaibeb/CVE-2023-20198	https://github.com/sohaibeb/CVE-2023-20198
CVE-2023-20198	fox-it/cisco-ios-xe-implant-detection	https://github.com/fox-it/cisco-ios-xe-implant-detection
CVE-2023-20198	Pushkarup/CVE-2023-20198	https://github.com/Pushkarup/CVE-2023-20198
CVE-2023-20198	Shadow0ps/CVE-2023-20198-Scanner	https://github.com/Shadow0ps/CVE-2023-20198-Scanner
CVE-2023-20198	kacem-expereo/CVE-2023-20198	https://github.com/kacem-expereo/CVE-2023-20198
CVE-2023-20198	mr-r3b00t/CVE-2023-20198-IOS-XE-Scanner	https://github.com/mr-r3b00t/CVE-2023-20198-IOS-XE-Scanner
CVE-2023-20198	ohlawd/CVE-2023-20198	https://github.com/ohlawd/CVE-2023-20198
CVE-2023-20198	IceBreakerCode/CVE-2023-20198	https://github.com/IceBreakerCode/CVE-2023-20198
CVE-2023-20198	RevoltSecurities/CVE-2023-20198	https://github.com/RevoltSecurities/CVE-2023-20198
CVE-2023-20198	smokeintheshell/CVE-2023-20198	https://github.com/smokeintheshell/CVE-2023-20198
CVE-2023-20198	netbell/CVE-2023-20198-Fix	https://github.com/netbell/CVE-2023-20198-Fix
CVE-2023-20198	Vulnmachines/Cisco_CVE-2023-20198	https://github.com/Vulnmachines/Cisco_CVE-2023-20198
CVE-2023-20198	W01fh4cker/CVE-2023-20198-RCE	https://github.com/W01fh4cker/CVE-2023-20198-RCE
CVE-2023-20198	sanan2004/CVE-2023-20198	https://github.com/sanan2004/CVE-2023-20198
CVE-2023-20198	AhmedMansour93/Event-ID-193-Rule-Name-SOC231-Cisco-IOS-XE-Web-UI-ZeroDay-CVE-2023-20198-	https://github.com/AhmedMansour93/Event-ID-193-Rule-Name-SOC231-Cisco-IOS-XE-Web-UI-ZeroDay-CVE-2023-20198-
CVE-2023-20198	djayaGit/cve-2023-20198-poc-cisco	https://github.com/djayaGit/cve-2023-20198-poc-cisco
CVE-2023-20198	G4sul1n/Cisco-IOS-XE-CVE-2023-20198	https://github.com/G4sul1n/Cisco-IOS-XE-CVE-2023-20198
CVE-2023-20198	DOMINIC471/qub-network-security-cve-2023-20198	https://github.com/DOMINIC471/qub-network-security-cve-2023-20198
CVE-2023-20198	Arshit01/CVE-2023-20198	https://github.com/Arshit01/CVE-2023-20198
CVE-2023-20198	Religan/CVE-2023-20198	https://github.com/Religan/CVE-2023-20198
CVE-2023-20198	Gill-Singh-A/CVE-2023-20198-Exploit	https://github.com/Gill-Singh-A/CVE-2023-20198-Exploit
CVE-2023-20198	gustavorobertux/cisco-cve-2023-20198-checker	https://github.com/gustavorobertux/cisco-cve-2023-20198-checker
CVE-2023-20198	telly251/forwardnetworksdemo	https://github.com/telly251/forwardnetworksdemo
CVE-2023-20198	charlesjson/CVE-2023-20198	https://github.com/charlesjson/CVE-2023-20198
CVE-2023-20198	abrahamsurf/CVE-2023-20198-Scanner	https://github.com/abrahamsurf/CVE-2023-20198-Scanner
CVE-2023-20963	pwnipc/BadParcel	https://github.com/pwnipc/BadParcel
CVE-2023-20963	Trinadh465/frameworks_base_AOSP10_r33_CVE-2023-20963	https://github.com/Trinadh465/frameworks_base_AOSP10_r33_CVE-2023-20963
CVE-2023-21674	hd3s5aa/CVE-2023-21674	https://github.com/hd3s5aa/CVE-2023-21674
CVE-2023-23397	sqrtZeroKnowledge/CVE-2023-23397_EXPLOIT_0DAY	https://github.com/sqrtZeroKnowledge/CVE-2023-23397_EXPLOIT_0DAY
CVE-2023-23397	j0eyv/CVE-2023-23397	https://github.com/j0eyv/CVE-2023-23397
CVE-2023-23397	alicangnll/CVE-2023-23397	https://github.com/alicangnll/CVE-2023-23397
CVE-2023-23397	grn-bogo/CVE-2023-23397	https://github.com/grn-bogo/CVE-2023-23397
CVE-2023-23397	ka7ana/CVE-2023-23397	https://github.com/ka7ana/CVE-2023-23397
CVE-2023-23397	api0cradle/CVE-2023-23397-POC-Powershell	https://github.com/api0cradle/CVE-2023-23397-POC-Powershell
CVE-2023-23397	im007/CVE-2023-23397	https://github.com/im007/CVE-2023-23397
CVE-2023-23397	ahmedkhlief/CVE-2023-23397-POC	https://github.com/ahmedkhlief/CVE-2023-23397-POC
CVE-2023-23397	BillSkiCO/CVE-2023-23397_EXPLOIT	https://github.com/BillSkiCO/CVE-2023-23397_EXPLOIT
CVE-2023-23397	djackreuter/CVE-2023-23397-PoC	https://github.com/djackreuter/CVE-2023-23397-PoC
CVE-2023-23397	moneertv/CVE-2023-23397	https://github.com/moneertv/CVE-2023-23397
CVE-2023-23397	ahmedkhlief/CVE-2023-23397-POC-Using-Interop-Outlook	https://github.com/ahmedkhlief/CVE-2023-23397-POC-Using-Interop-Outlook
CVE-2023-23397	Trackflaw/CVE-2023-23397	https://github.com/Trackflaw/CVE-2023-23397
CVE-2023-23397	SecCTechs/CVE-2023-23397	https://github.com/SecCTechs/CVE-2023-23397
CVE-2023-23397	tiepologian/CVE-2023-23397	https://github.com/tiepologian/CVE-2023-23397
CVE-2023-23397	BronzeBee/cve-2023-23397	https://github.com/BronzeBee/cve-2023-23397
CVE-2023-23397	Cyb3rMaddy/CVE-2023-23397-Report	https://github.com/Cyb3rMaddy/CVE-2023-23397-Report
CVE-2023-23397	Zeppperoni/CVE-2023-23397-Patch	https://github.com/Zeppperoni/CVE-2023-23397-Patch
CVE-2023-23397	jacquesquail/CVE-2023-23397	https://github.com/jacquesquail/CVE-2023-23397
CVE-2023-23397	P4x1s/CVE-2023-23397-POC	https://github.com/P4x1s/CVE-2023-23397-POC
CVE-2023-23397	vlad-a-man/CVE-2023-23397	https://github.com/vlad-a-man/CVE-2023-23397
CVE-2023-23397	Muhammad-Ali007/OutlookNTLM_CVE-2023-23397	https://github.com/Muhammad-Ali007/OutlookNTLM_CVE-2023-23397
CVE-2023-23397	Pushkarup/CVE-2023-23397	https://github.com/Pushkarup/CVE-2023-23397
CVE-2023-23397	TheUnknownSoul/CVE-2023-23397-PoW	https://github.com/TheUnknownSoul/CVE-2023-23397-PoW
CVE-2023-23397	Symbolexe/CVE-2023-23397	https://github.com/Symbolexe/CVE-2023-23397
CVE-2023-23397	Gilospy/CVE-2023-23397	https://github.com/Gilospy/CVE-2023-23397
CVE-2023-23397	Phaedrik/CVE-2023-23397-POC	https://github.com/Phaedrik/CVE-2023-23397-POC
CVE-2023-23397	praneethnaidu1910-cmd/cve-2023-23397-purple-team	https://github.com/praneethnaidu1910-cmd/cve-2023-23397-purple-team
CVE-2023-23397	ZHOUCC-CPU/cve-2023-23397-detection-lab	https://github.com/ZHOUCC-CPU/cve-2023-23397-detection-lab
CVE-2023-28229	Y3A/CVE-2023-28229	https://github.com/Y3A/CVE-2023-28229
CVE-2023-28229	byt3n33dl3/CrackKeyIso	https://github.com/byt3n33dl3/CrackKeyIso
CVE-2023-28252	fortra/CVE-2023-28252	https://github.com/fortra/CVE-2023-28252
CVE-2023-28252	726232111/CVE-2023-28252	https://github.com/726232111/CVE-2023-28252
CVE-2023-28252	Danasuley/CVE-2023-28252-	https://github.com/Danasuley/CVE-2023-28252-
CVE-2023-28252	bkstephen/Compiled-PoC-Binary-For-CVE-2023-28252	https://github.com/bkstephen/Compiled-PoC-Binary-For-CVE-2023-28252
CVE-2023-28252	duck-sec/CVE-2023-28252-Compiled-exe	https://github.com/duck-sec/CVE-2023-28252-Compiled-exe
CVE-2023-28252	byt3n33dl3/CLFS	https://github.com/byt3n33dl3/CLFS
CVE-2023-28252	Vulmatch/CVE-2023-28252	https://github.com/Vulmatch/CVE-2023-28252
CVE-2023-29336	m-cetin/CVE-2023-29336	https://github.com/m-cetin/CVE-2023-29336
CVE-2023-29357	Chocapikk/CVE-2023-29357	https://github.com/Chocapikk/CVE-2023-29357
CVE-2023-29357	LuemmelSec/CVE-2023-29357	https://github.com/LuemmelSec/CVE-2023-29357
CVE-2023-29357	KeyStrOke95/CVE-2023-29357-ExE	https://github.com/KeyStrOke95/CVE-2023-29357-ExE
CVE-2023-29357	Guillaume-Risch/cve-2023-29357-Sharepoint	https://github.com/Guillaume-Risch/cve-2023-29357-Sharepoint
CVE-2023-29357	Jev1337/CVE-2023-29357-Check	https://github.com/Jev1337/CVE-2023-29357-Check
CVE-2023-29357	AhmedMansour93/Event-ID-189-Rule-Name-SOC227-CVE-2023-29357	https://github.com/AhmedMansour93/Event-ID-189-Rule-Name-SOC227-CVE-2023-29357
CVE-2023-29357	DeividasTerechovas/SOC227-Microsoft-SharePoint-Server-Elevation-of-Privilege-Possible-CVE-2023-29357-Exploitation	https://github.com/DeividasTerechovas/SOC227-Microsoft-SharePoint-Server-Elevation-of-Privilege-Possible-CVE-2023-29357-Exploitation
CVE-2023-29357	DonVorrin/CVE-2023-29357	https://github.com/DonVorrin/CVE-2023-29357
CVE-2023-29360	Nero22k/cve-2023-29360	https://github.com/Nero22k/cve-2023-29360
CVE-2023-29360	0xDivyanshu-new/CVE-2023-29360	https://github.com/0xDivyanshu-new/CVE-2023-29360
CVE-2023-29360	Scottman625/CVE-2023-29360	https://github.com/Scottman625/CVE-2023-29360
CVE-2023-35674	Thampakon/CVE-2023-35674	https://github.com/Thampakon/CVE-2023-35674
CVE-2023-35674	SpiralBL0CK/Guide-and-theoretical-code-for-CVE-2023-35674	https://github.com/SpiralBL0CK/Guide-and-theoretical-code-for-CVE-2023-35674
CVE-2023-36424	zerozenxlabs/CVE-2023-36424	https://github.com/zerozenxlabs/CVE-2023-36424
CVE-2023-36802	chompie1337/Windows_MSKSSRV_LPE_CVE-2023-36802	https://github.com/chompie1337/Windows_MSKSSRV_LPE_CVE-2023-36802
CVE-2023-36802	4zur-0312/CVE-2023-36802	https://github.com/4zur-0312/CVE-2023-36802
CVE-2023-36802	x0rb3l/CVE-2023-36802-MSKSSRV-LPE	https://github.com/x0rb3l/CVE-2023-36802-MSKSSRV-LPE
CVE-2023-36802	Nero22k/cve-2023-36802	https://github.com/Nero22k/cve-2023-36802
CVE-2023-36802	rahul0xkr/Reproducing-CVE-2023-36802	https://github.com/rahul0xkr/Reproducing-CVE-2023-36802
CVE-2023-36802	nhh9905/CVE-2023-36802	https://github.com/nhh9905/CVE-2023-36802
CVE-2023-36874	d0rb/CVE-2023-36874	https://github.com/d0rb/CVE-2023-36874
CVE-2023-36874	crisprss/CVE-2023-36874	https://github.com/crisprss/CVE-2023-36874
CVE-2023-36874	Wh04m1001/CVE-2023-36874	https://github.com/Wh04m1001/CVE-2023-36874
CVE-2023-36874	Octoberfest7/CVE-2023-36874_BOF	https://github.com/Octoberfest7/CVE-2023-36874_BOF
CVE-2023-36874	johnnygreeme/CVE-2023-36874	https://github.com/johnnygreeme/CVE-2023-36874
CVE-2023-41265	praetorian-inc/zeroqlik-detect	https://github.com/praetorian-inc/zeroqlik-detect
CVE-2023-41992	WHW0x455/CVE-2023-41992	https://github.com/WHW0x455/CVE-2023-41992
CVE-2023-42824	619555798/cve-2023-42824	https://github.com/619555798/cve-2023-42824
CVE-2022-0185	Crusaders-of-Rust/CVE-2022-0185	https://github.com/Crusaders-of-Rust/CVE-2022-0185
CVE-2022-0185	discordianfish/cve-2022-0185-crash-poc	https://github.com/discordianfish/cve-2022-0185-crash-poc
CVE-2022-0185	khaclep007/CVE-2022-0185	https://github.com/khaclep007/CVE-2022-0185
CVE-2022-0185	chenaotian/CVE-2022-0185	https://github.com/chenaotian/CVE-2022-0185
CVE-2022-0185	veritas501/CVE-2022-0185-PipeVersion	https://github.com/veritas501/CVE-2022-0185-PipeVersion
CVE-2022-0185	featherL/CVE-2022-0185-exploit	https://github.com/featherL/CVE-2022-0185-exploit
CVE-2022-0185	dcheng69/CVE-2022-0185-Case-Study	https://github.com/dcheng69/CVE-2022-0185-Case-Study
CVE-2022-0185	sandesh9978/CVE-2022-0185-Analysis-and-Exploit	https://github.com/sandesh9978/CVE-2022-0185-Analysis-and-Exploit
CVE-2022-0185	prabeershakya/CVE-2022-0185-POC	https://github.com/prabeershakya/CVE-2022-0185-POC
CVE-2022-0185	shakyanayann/CVE-2022-0185	https://github.com/shakyanayann/CVE-2022-0185
CVE-2022-0492	PaloAltoNetworks/can-ctr-escape-cve-2022-0492	https://github.com/PaloAltoNetworks/can-ctr-escape-cve-2022-0492
CVE-2022-0492	SofianeHamlaoui/CVE-2022-0492-Checker	https://github.com/SofianeHamlaoui/CVE-2022-0492-Checker
CVE-2022-0492	chenaotian/CVE-2022-0492	https://github.com/chenaotian/CVE-2022-0492
CVE-2022-0492	Trinadh465/device_renesas_kernel_AOSP10_r33_CVE-2022-0492	https://github.com/Trinadh465/device_renesas_kernel_AOSP10_r33_CVE-2022-0492
CVE-2022-0492	KianaBin/CVE-2022-0492-Container-Escape	https://github.com/KianaBin/CVE-2022-0492-Container-Escape
CVE-2022-0492	T1erno/CVE-2022-0492-Docker-Breakout-Checker-and-PoC	https://github.com/T1erno/CVE-2022-0492-Docker-Breakout-Checker-and-PoC
CVE-2022-0492	Perimora/cve_2022_0492	https://github.com/Perimora/cve_2022_0492
CVE-2022-0847	bbaranoff/CVE-2022-0847	https://github.com/bbaranoff/CVE-2022-0847
CVE-2022-0847	xndpxs/CVE-2022-0847	https://github.com/xndpxs/CVE-2022-0847
CVE-2022-0847	r1is/CVE-2022-0847	https://github.com/r1is/CVE-2022-0847
CVE-2022-0847	Arinerron/CVE-2022-0847-DirtyPipe-Exploit	https://github.com/Arinerron/CVE-2022-0847-DirtyPipe-Exploit
CVE-2022-0847	crowsec-edtech/Dirty-Pipe	https://github.com/crowsec-edtech/Dirty-Pipe
CVE-2022-0847	lucksec/CVE-2022-0847	https://github.com/lucksec/CVE-2022-0847
CVE-2022-0847	si1ent-le/CVE-2022-0847	https://github.com/si1ent-le/CVE-2022-0847
CVE-2022-0847	bohr777/cve-2022-0847dirtypipe-exploit	https://github.com/bohr777/cve-2022-0847dirtypipe-exploit
CVE-2022-0847	ZZ-SOCMAP/CVE-2022-0847	https://github.com/ZZ-SOCMAP/CVE-2022-0847
CVE-2022-0847	cspshivam/CVE-2022-0847-dirty-pipe-exploit	https://github.com/cspshivam/CVE-2022-0847-dirty-pipe-exploit
CVE-2022-0847	febinrev/dirtypipez-exploit	https://github.com/febinrev/dirtypipez-exploit
CVE-2022-0847	ahrixia/CVE_2022_0847	https://github.com/ahrixia/CVE_2022_0847
CVE-2022-0847	knqyf263/CVE-2022-0847	https://github.com/knqyf263/CVE-2022-0847
CVE-2022-0847	puckiestyle/CVE-2022-0847	https://github.com/puckiestyle/CVE-2022-0847
CVE-2022-0847	0xIronGoat/dirty-pipe	https://github.com/0xIronGoat/dirty-pipe
CVE-2022-0847	ITMarcin2211/CVE-2022-0847-DirtyPipe-Exploit	https://github.com/ITMarcin2211/CVE-2022-0847-DirtyPipe-Exploit
CVE-2022-0847	mrchucu1/CVE-2022-0847-Docker	https://github.com/mrchucu1/CVE-2022-0847-Docker
CVE-2022-0847	basharkey/CVE-2022-0847-dirty-pipe-checker	https://github.com/basharkey/CVE-2022-0847-dirty-pipe-checker
CVE-2022-0847	4luc4rdr5290/CVE-2022-0847	https://github.com/4luc4rdr5290/CVE-2022-0847
CVE-2022-0847	dadhee/CVE-2022-0847_DirtyPipeExploit	https://github.com/dadhee/CVE-2022-0847_DirtyPipeExploit
CVE-2022-0847	Greetdawn/CVE-2022-0847-DirtyPipe	https://github.com/Greetdawn/CVE-2022-0847-DirtyPipe
CVE-2022-0847	Al1ex/CVE-2022-0847	https://github.com/Al1ex/CVE-2022-0847
CVE-2022-0847	Mustafa1986/CVE-2022-0847-DirtyPipe-Exploit	https://github.com/Mustafa1986/CVE-2022-0847-DirtyPipe-Exploit
CVE-2022-0847	nanaao/Dirtypipe-exploit	https://github.com/nanaao/Dirtypipe-exploit
CVE-2022-0847	AyoubNajim/cve-2022-0847dirtypipe-exploit	https://github.com/AyoubNajim/cve-2022-0847dirtypipe-exploit
CVE-2022-0847	pentestblogin/pentestblog-CVE-2022-0847	https://github.com/pentestblogin/pentestblog-CVE-2022-0847
CVE-2022-0847	gyaansastra/CVE-2022-0847	https://github.com/gyaansastra/CVE-2022-0847
CVE-2022-0847	DataDog/dirtypipe-container-breakout-poc	https://github.com/DataDog/dirtypipe-container-breakout-poc
CVE-2022-0847	babyshen/CVE-2022-0847	https://github.com/babyshen/CVE-2022-0847
CVE-2022-0847	edsonjt81/CVE-2022-0847-Linux	https://github.com/edsonjt81/CVE-2022-0847-Linux
CVE-2022-0847	chenaotian/CVE-2022-0847	https://github.com/chenaotian/CVE-2022-0847
CVE-2022-0847	V0WKeep3r/CVE-2022-0847-DirtyPipe-Exploit	https://github.com/V0WKeep3r/CVE-2022-0847-DirtyPipe-Exploit
CVE-2022-0847	osungjinwoo/CVE-2022-0847-Dirty-Pipe	https://github.com/osungjinwoo/CVE-2022-0847-Dirty-Pipe
CVE-2022-0847	Greetdawn/CVE-2022-0847-DirtyPipe-	https://github.com/Greetdawn/CVE-2022-0847-DirtyPipe-
CVE-2022-0847	crusoe112/DirtyPipePython	https://github.com/crusoe112/DirtyPipePython
CVE-2022-0847	nanaao/dirtyPipe-automaticRoot	https://github.com/nanaao/dirtyPipe-automaticRoot
CVE-2022-0847	arttnba3/CVE-2022-0847	https://github.com/arttnba3/CVE-2022-0847
CVE-2022-0847	AlexisAhmed/CVE-2022-0847-DirtyPipe-Exploits	https://github.com/AlexisAhmed/CVE-2022-0847-DirtyPipe-Exploits
CVE-2022-0847	sa-infinity8888/Dirty-Pipe-CVE-2022-0847	https://github.com/sa-infinity8888/Dirty-Pipe-CVE-2022-0847
CVE-2022-0847	realbatuhan/dirtypipetester	https://github.com/realbatuhan/dirtypipetester
CVE-2022-0847	CYB3RK1D/CVE-2022-0847-POC	https://github.com/CYB3RK1D/CVE-2022-0847-POC
CVE-2022-0847	breachnix/dirty-pipe-poc	https://github.com/breachnix/dirty-pipe-poc
CVE-2022-0847	Shotokhan/cve_2022_0847_shellcode	https://github.com/Shotokhan/cve_2022_0847_shellcode
CVE-2022-0847	githublihaha/DirtyPIPE-CVE-2022-0847	https://github.com/githublihaha/DirtyPIPE-CVE-2022-0847
CVE-2022-0847	MrP1xel/CVE-2022-0847-dirty-pipe-kernel-checker	https://github.com/MrP1xel/CVE-2022-0847-dirty-pipe-kernel-checker
CVE-2022-0847	jpts/CVE-2022-0847-DirtyPipe-Container-Breakout	https://github.com/jpts/CVE-2022-0847-DirtyPipe-Container-Breakout
CVE-2022-0847	LudovicPatho/CVE-2022-0847_dirty-pipe	https://github.com/LudovicPatho/CVE-2022-0847_dirty-pipe
CVE-2022-0847	DanaEpp/pwncat_dirtypipe	https://github.com/DanaEpp/pwncat_dirtypipe
CVE-2022-0847	tmoneypenny/CVE-2022-0847	https://github.com/tmoneypenny/CVE-2022-0847
CVE-2022-0847	scopion/dirty-pipe	https://github.com/scopion/dirty-pipe
CVE-2022-0847	stfnw/Debugging_Dirty_Pipe_CVE-2022-0847	https://github.com/stfnw/Debugging_Dirty_Pipe_CVE-2022-0847
CVE-2022-0847	drapl0n/dirtypipe	https://github.com/drapl0n/dirtypipe
CVE-2022-0847	0xr1l3s/CVE-2022-0847	https://github.com/0xr1l3s/CVE-2022-0847
CVE-2022-0847	mhanief/dirtypipe	https://github.com/mhanief/dirtypipe
CVE-2022-0847	tufanturhan/CVE-2022-0847-L-nux-PrivEsc	https://github.com/tufanturhan/CVE-2022-0847-L-nux-PrivEsc
CVE-2022-0847	rexpository/linux-privilege-escalation	https://github.com/rexpository/linux-privilege-escalation
CVE-2022-0847	isaiahsimeone/COMP3320-VAPT	https://github.com/isaiahsimeone/COMP3320-VAPT
CVE-2022-0847	VinuKalana/DirtyPipe-CVE-2022-0847	https://github.com/VinuKalana/DirtyPipe-CVE-2022-0847
CVE-2022-0847	ihenakaarachchi/debian11-dirty_pipe-patcher	https://github.com/ihenakaarachchi/debian11-dirty_pipe-patcher
CVE-2022-0847	greenhandatsjtu/CVE-2022-0847-Container-Escape	https://github.com/greenhandatsjtu/CVE-2022-0847-Container-Escape
CVE-2022-0847	jxpsx/CVE-2022-0847-DirtyPipe-Exploits	https://github.com/jxpsx/CVE-2022-0847-DirtyPipe-Exploits
CVE-2022-0847	airbus-cert/dirtypipe-ebpf_detection	https://github.com/airbus-cert/dirtypipe-ebpf_detection
CVE-2022-0847	rabomen/Dirty-Pipe	https://github.com/rabomen/Dirty-Pipe
CVE-2022-0847	eduquintanilha/CVE-2022-0847-DirtyPipe-Exploits	https://github.com/eduquintanilha/CVE-2022-0847-DirtyPipe-Exploits
CVE-2022-0847	EagleTube/CVE-2022-0847	https://github.com/EagleTube/CVE-2022-0847
CVE-2022-0847	KianaBin/CVE-2022-0847-Container-Escape	https://github.com/KianaBin/CVE-2022-0847-Container-Escape
CVE-2022-0847	notl0cal/dpipe	https://github.com/notl0cal/dpipe
CVE-2022-0847	Gustavo-Nogueira/Dirty-Pipe-Exploits	https://github.com/Gustavo-Nogueira/Dirty-Pipe-Exploits
CVE-2022-0847	b4dboy17/Dirty-Pipe-Oneshot	https://github.com/b4dboy17/Dirty-Pipe-Oneshot
CVE-2022-0847	edsonjt81/CVE-2022-0847-DirtyPipe-	https://github.com/edsonjt81/CVE-2022-0847-DirtyPipe-
CVE-2022-0847	mattlloyddavies/ps-lab-cve-2022-0847	https://github.com/mattlloyddavies/ps-lab-cve-2022-0847
CVE-2022-0847	qwert419/linux-	https://github.com/qwert419/linux-
CVE-2022-0847	DataFox/CVE-2022-0847	https://github.com/DataFox/CVE-2022-0847
CVE-2022-0847	pmihsan/Dirty-Pipe-CVE-2022-0847	https://github.com/pmihsan/Dirty-Pipe-CVE-2022-0847
CVE-2022-0847	ajith737/Dirty-Pipe-CVE-2022-0847-POCs	https://github.com/ajith737/Dirty-Pipe-CVE-2022-0847-POCs
CVE-2022-0847	mutur4/CVE-2022-0847	https://github.com/mutur4/CVE-2022-0847
CVE-2022-0847	orsuprasad/CVE-2022-0847-DirtyPipe-Exploits	https://github.com/orsuprasad/CVE-2022-0847-DirtyPipe-Exploits
CVE-2022-0847	JlSakuya/CVE-2022-0847-container-escape	https://github.com/JlSakuya/CVE-2022-0847-container-escape
CVE-2022-0847	jonathanbest7/cve-2022-0847	https://github.com/jonathanbest7/cve-2022-0847
CVE-2022-0847	0xeremus/dirty-pipe-poc	https://github.com/0xeremus/dirty-pipe-poc
CVE-2022-0847	h4ckm310n/CVE-2022-0847-eBPF	https://github.com/h4ckm310n/CVE-2022-0847-eBPF
CVE-2022-0847	joeymeech/CVE-2022-0847-Exploit-Implementation	https://github.com/joeymeech/CVE-2022-0847-Exploit-Implementation
CVE-2022-0847	pashayogi/DirtyPipe	https://github.com/pashayogi/DirtyPipe
CVE-2022-0847	ayushx007/CVE-2022-0847-dirty-pipe-checker	https://github.com/ayushx007/CVE-2022-0847-dirty-pipe-checker
CVE-2022-0847	ayushx007/CVE-2022-0847-DirtyPipe-Exploits	https://github.com/ayushx007/CVE-2022-0847-DirtyPipe-Exploits
CVE-2022-0847	solomon12354/LockingGirl-----CVE-2022-0847-Dirty_Pipe_virus	https://github.com/solomon12354/LockingGirl-----CVE-2022-0847-Dirty_Pipe_virus
CVE-2022-0847	letsr00t/CVE-2022-0847	https://github.com/letsr00t/CVE-2022-0847
CVE-2022-0847	karanlvm/DirtyPipe-Exploit	https://github.com/karanlvm/DirtyPipe-Exploit
CVE-2022-0847	xsxtw/CVE-2022-0847	https://github.com/xsxtw/CVE-2022-0847
CVE-2022-0847	muhammad1596/CVE-2022-0847-dirty-pipe-checker	https://github.com/muhammad1596/CVE-2022-0847-dirty-pipe-checker
CVE-2022-0847	muhammad1596/CVE-2022-0847-DirtyPipe-Exploits	https://github.com/muhammad1596/CVE-2022-0847-DirtyPipe-Exploits
CVE-2022-0847	aswanepo/DirtyPipe	https://github.com/aswanepo/DirtyPipe
CVE-2022-0847	JustinYe377/CTF-CVE-2022-0847	https://github.com/JustinYe377/CTF-CVE-2022-0847
CVE-2022-0847	mithunmadhukuttan/Dirty-Pipe-Exploit	https://github.com/mithunmadhukuttan/Dirty-Pipe-Exploit
CVE-2022-0847	Mephierr/DirtyPipe_exploit	https://github.com/Mephierr/DirtyPipe_exploit
CVE-2022-0847	RogelioPumajulca/CVE-2022-0847	https://github.com/RogelioPumajulca/CVE-2022-0847
CVE-2022-0847	cypherlobo/DirtyPipe-BSI	https://github.com/cypherlobo/DirtyPipe-BSI
CVE-2022-0847	byteReaper77/Dirty-Pipe	https://github.com/byteReaper77/Dirty-Pipe
CVE-2022-0847	morgenm/dirtypipe	https://github.com/morgenm/dirtypipe
CVE-2022-0847	MingqiZhang7710/cve-2022-0847-poc-dockerimage	https://github.com/MingqiZhang7710/cve-2022-0847-poc-dockerimage
CVE-2022-0847	Shadow-Spinner/CVE-2022-0847	https://github.com/Shadow-Spinner/CVE-2022-0847
CVE-2022-0847	xiaoLvChen/CVE-2022-0847	https://github.com/xiaoLvChen/CVE-2022-0847
CVE-2022-0847	stfnw/reproducer-poc-CVE-2022-0847	https://github.com/stfnw/reproducer-poc-CVE-2022-0847
CVE-2022-0847	bluedragonsecurity/Linux-Kernel-Dirty-Pipe-Exploitation-Logic-Bug-	https://github.com/bluedragonsecurity/Linux-Kernel-Dirty-Pipe-Exploitation-Logic-Bug-
CVE-2022-0847	SimoesCTT/Chrono-Drip-Temporal-Viscosity-Exploitation-Framework-CVE-2022-0847	https://github.com/SimoesCTT/Chrono-Drip-Temporal-Viscosity-Exploitation-Framework-CVE-2022-0847
CVE-2022-0847	real-tim-johnston/megaquagga-pentest-report	https://github.com/real-tim-johnston/megaquagga-pentest-report
CVE-2022-0847	JeevanAnand1202/Penetration-Test	https://github.com/JeevanAnand1202/Penetration-Test
CVE-2022-0847	gaganhm3018-art/CVE-2022-0847-Dirty-Pipe-	https://github.com/gaganhm3018-art/CVE-2022-0847-Dirty-Pipe-
CVE-2022-0847	t1ckprivate/CVE-2022-0847-Dirty-Pipe	https://github.com/t1ckprivate/CVE-2022-0847-Dirty-Pipe
CVE-2022-0847	vudangducminh/CVE-2022-0847	https://github.com/vudangducminh/CVE-2022-0847
CVE-2022-0995	Bonfee/CVE-2022-0995	https://github.com/Bonfee/CVE-2022-0995
CVE-2022-0995	AndreevSemen/CVE-2022-0995	https://github.com/AndreevSemen/CVE-2022-0995
CVE-2022-0995	1nzag/CVE-2022-0995	https://github.com/1nzag/CVE-2022-0995
CVE-2022-0995	A1b2rt/cve-2022-0995	https://github.com/A1b2rt/cve-2022-0995
CVE-2022-20699	Audiobahn/CVE-2022-20699	https://github.com/Audiobahn/CVE-2022-20699
CVE-2022-20699	puckiestyle/CVE-2022-20699	https://github.com/puckiestyle/CVE-2022-20699
CVE-2022-21882	KaLendsi/CVE-2022-21882	https://github.com/KaLendsi/CVE-2022-21882
CVE-2022-21882	David-Honisch/CVE-2022-21882	https://github.com/David-Honisch/CVE-2022-21882
CVE-2022-21882	L4ys/CVE-2022-21882	https://github.com/L4ys/CVE-2022-21882
CVE-2022-21882	sailay1996/cve-2022-21882-poc	https://github.com/sailay1996/cve-2022-21882-poc
CVE-2022-21882	r1l4-i3pur1l4/CVE-2022-21882	https://github.com/r1l4-i3pur1l4/CVE-2022-21882
CVE-2022-21999	ly4k/SpoolFool	https://github.com/ly4k/SpoolFool
CVE-2022-22706	byt3quester/CVE-2022-22706-poc	https://github.com/byt3quester/CVE-2022-22706-poc
CVE-2022-22718	ahmetfurkans/CVE-2022-22718	https://github.com/ahmetfurkans/CVE-2022-22718
CVE-2022-23131	jweny/CVE-2022-23131	https://github.com/jweny/CVE-2022-23131
CVE-2022-23131	Mr-xn/cve-2022-23131	https://github.com/Mr-xn/cve-2022-23131
CVE-2022-23131	1mxml/CVE-2022-23131	https://github.com/1mxml/CVE-2022-23131
CVE-2022-23131	zwjjustdoit/cve-2022-23131	https://github.com/zwjjustdoit/cve-2022-23131
CVE-2022-23131	L0ading-x/cve-2022-23131	https://github.com/L0ading-x/cve-2022-23131
CVE-2022-23131	random-robbie/cve-2022-23131-exp	https://github.com/random-robbie/cve-2022-23131-exp
CVE-2022-23131	trganda/CVE-2022-23131	https://github.com/trganda/CVE-2022-23131
CVE-2022-23131	pykiller/CVE-2022-23131	https://github.com/pykiller/CVE-2022-23131
CVE-2022-23131	Fa1c0n35/zabbix-cve-2022-23131	https://github.com/Fa1c0n35/zabbix-cve-2022-23131
CVE-2022-23131	kh4sh3i/CVE-2022-23131	https://github.com/kh4sh3i/CVE-2022-23131
CVE-2022-23131	Kazaf6s/CVE-2022-23131	https://github.com/Kazaf6s/CVE-2022-23131
CVE-2022-23131	SCAMagic/CVE-2022-23131poc-exp-zabbix-	https://github.com/SCAMagic/CVE-2022-23131poc-exp-zabbix-
CVE-2022-23131	Vulnmachines/Zabbix-CVE-2022-23131	https://github.com/Vulnmachines/Zabbix-CVE-2022-23131
CVE-2022-23131	wr0x00/cve-2022-23131	https://github.com/wr0x00/cve-2022-23131
CVE-2022-23131	Arrnitage/CVE-2022-23131_exp	https://github.com/Arrnitage/CVE-2022-23131_exp
CVE-2022-23131	clearcdq/Zabbix-SAML-SSO-_CVE-2022-23131	https://github.com/clearcdq/Zabbix-SAML-SSO-_CVE-2022-23131
CVE-2022-23131	r10lab/CVE-2022-23131	https://github.com/r10lab/CVE-2022-23131
CVE-2022-23131	fork-bombed/CVE-2022-23131	https://github.com/fork-bombed/CVE-2022-23131
CVE-2022-23131	davidzzo23/CVE-2022-23131	https://github.com/davidzzo23/CVE-2022-23131
CVE-2022-23131	dagowda/Zabbix-cve-2022-23131-SSO-bypass	https://github.com/dagowda/Zabbix-cve-2022-23131-SSO-bypass
CVE-2022-24521	uname1able/CVE-2022-24521	https://github.com/uname1able/CVE-2022-24521
CVE-2022-24706	sadshade/CVE-2022-24706-CouchDB-Exploit	https://github.com/sadshade/CVE-2022-24706-CouchDB-Exploit
CVE-2022-24706	ahmetsabrimert/Apache-CouchDB-CVE-2022-24706-RCE-Exploits-Blog-post-	https://github.com/ahmetsabrimert/Apache-CouchDB-CVE-2022-24706-RCE-Exploits-Blog-post-
CVE-2022-24706	superzerosec/CVE-2022-24706	https://github.com/superzerosec/CVE-2022-24706
CVE-2022-24706	becrevex/CVE-2022-24706	https://github.com/becrevex/CVE-2022-24706
CVE-2022-24706	junghyeonkum/CVE-2022-24706	https://github.com/junghyeonkum/CVE-2022-24706
CVE-2022-26923	r1skkam/TryHackMe-CVE-2022-26923	https://github.com/r1skkam/TryHackMe-CVE-2022-26923
CVE-2022-26923	LudovicPatho/CVE-2022-26923_AD-Certificate-Services	https://github.com/LudovicPatho/CVE-2022-26923_AD-Certificate-Services
CVE-2022-26923	lsecqt/CVE-2022-26923-Powershell-POC	https://github.com/lsecqt/CVE-2022-26923-Powershell-POC
CVE-2022-26923	evilashz/PIGADVulnScanner	https://github.com/evilashz/PIGADVulnScanner
CVE-2022-26923	Gh-Badr/CVE-2022-26923	https://github.com/Gh-Badr/CVE-2022-26923
CVE-2022-26923	Yowise/CVE-2022-26923	https://github.com/Yowise/CVE-2022-26923
CVE-2022-26923	rayngnpc/CVE-2022-26923-rayng	https://github.com/rayngnpc/CVE-2022-26923-rayng
CVE-2022-26923	Eliasdekiniweek/CVE-2022-26923	https://github.com/Eliasdekiniweek/CVE-2022-26923
CVE-2022-26923	Nefhara/CVE-2022-26923	https://github.com/Nefhara/CVE-2022-26923
CVE-2022-37969	fortra/CVE-2022-37969	https://github.com/fortra/CVE-2022-37969
CVE-2022-37969	grass341/CVE-2022-37969	https://github.com/grass341/CVE-2022-37969
CVE-2022-37969	NoobCat2000/CVE-2022-37969	https://github.com/NoobCat2000/CVE-2022-37969
CVE-2022-37969	EmilC3978/CVE-2022-37969PoC	https://github.com/EmilC3978/CVE-2022-37969PoC
CVE-2022-37969	uname1able/CVE-2022-37969	https://github.com/uname1able/CVE-2022-37969
CVE-2022-37969	nhh9905/CVE-2022-37969	https://github.com/nhh9905/CVE-2022-37969
CVE-2022-41040	numanturle/CVE-2022-41040	https://github.com/numanturle/CVE-2022-41040
CVE-2022-41040	CentarisCyber/CVE-2022-41040_Mitigation	https://github.com/CentarisCyber/CVE-2022-41040_Mitigation
CVE-2022-41040	r3dcl1ff/CVE-2022-41040	https://github.com/r3dcl1ff/CVE-2022-41040
CVE-2022-41040	d3duct1v/CVE-2022-41040	https://github.com/d3duct1v/CVE-2022-41040
CVE-2022-41040	kljunowsky/CVE-2022-41040-POC	https://github.com/kljunowsky/CVE-2022-41040-POC
CVE-2022-41040	rjsudlow/proxynotshell-IOC-Checker	https://github.com/rjsudlow/proxynotshell-IOC-Checker
CVE-2022-41040	ITPATJIDR/CVE-2022-41040	https://github.com/ITPATJIDR/CVE-2022-41040
CVE-2022-41040	TaroballzChen/CVE-2022-41040-metasploit-ProxyNotShell	https://github.com/TaroballzChen/CVE-2022-41040-metasploit-ProxyNotShell
CVE-2022-41040	0-Gram/CVE-2022-41040	https://github.com/0-Gram/CVE-2022-41040
CVE-2022-41080	ohnonoyesyes/CVE-2022-41080	https://github.com/ohnonoyesyes/CVE-2022-41080
CVE-2021-4034	ryaagard/CVE-2021-4034	https://github.com/ryaagard/CVE-2021-4034
CVE-2021-4034	berdav/CVE-2021-4034	https://github.com/berdav/CVE-2021-4034
CVE-2021-4034	clubby789/CVE-2021-4034	https://github.com/clubby789/CVE-2021-4034
CVE-2021-4034	gbrsh/CVE-2021-4034	https://github.com/gbrsh/CVE-2021-4034
CVE-2021-4034	arthepsy/CVE-2021-4034	https://github.com/arthepsy/CVE-2021-4034
CVE-2021-4034	Audiobahn/CVE-2021-4034	https://github.com/Audiobahn/CVE-2021-4034
CVE-2021-4034	dzonerzy/poc-cve-2021-4034	https://github.com/dzonerzy/poc-cve-2021-4034
CVE-2021-4034	nikaiw/CVE-2021-4034	https://github.com/nikaiw/CVE-2021-4034
CVE-2021-4034	mebeim/CVE-2021-4034	https://github.com/mebeim/CVE-2021-4034
CVE-2021-4034	Ayrx/CVE-2021-4034	https://github.com/Ayrx/CVE-2021-4034
CVE-2021-4034	Y3A/CVE-2021-4034	https://github.com/Y3A/CVE-2021-4034
CVE-2021-4034	An00bRektn/CVE-2021-4034	https://github.com/An00bRektn/CVE-2021-4034
CVE-2021-4034	ayypril/CVE-2021-4034	https://github.com/ayypril/CVE-2021-4034
CVE-2021-4034	wongwaituck/CVE-2021-4034	https://github.com/wongwaituck/CVE-2021-4034
CVE-2021-4034	0x05a/my-cve-2021-4034-poc	https://github.com/0x05a/my-cve-2021-4034-poc
CVE-2021-4034	silocityit/cve-2021-4034-playground	https://github.com/silocityit/cve-2021-4034-playground
CVE-2021-4034	zhzyker/CVE-2021-4034	https://github.com/zhzyker/CVE-2021-4034
CVE-2021-4034	Immersive-Labs-Sec/CVE-2021-4034	https://github.com/Immersive-Labs-Sec/CVE-2021-4034
CVE-2021-4034	kimusan/pkwner	https://github.com/kimusan/pkwner
CVE-2021-4034	N1et/CVE-2021-4034	https://github.com/N1et/CVE-2021-4034
CVE-2021-4034	Nero22k/CVE-2021-4034	https://github.com/Nero22k/CVE-2021-4034
CVE-2021-4034	LukeGix/CVE-2021-4034	https://github.com/LukeGix/CVE-2021-4034
CVE-2021-4034	aus-mate/CVE-2021-4034-POC	https://github.com/aus-mate/CVE-2021-4034-POC
CVE-2021-4034	chenaotian/CVE-2021-4034	https://github.com/chenaotian/CVE-2021-4034
CVE-2021-4034	moldabekov/CVE-2021-4034	https://github.com/moldabekov/CVE-2021-4034
CVE-2021-4034	jostmart/-CVE-2021-4034	https://github.com/jostmart/-CVE-2021-4034
CVE-2021-4034	c3l3si4n/pwnkit	https://github.com/c3l3si4n/pwnkit
CVE-2021-4034	h3x0v3rl0rd/CVE-2021-4034	https://github.com/h3x0v3rl0rd/CVE-2021-4034
CVE-2021-4034	ly4k/PwnKit	https://github.com/ly4k/PwnKit
CVE-2021-4034	san3ncrypt3d/CVE-2021-4034-POC	https://github.com/san3ncrypt3d/CVE-2021-4034-POC
CVE-2021-4034	fdellwing/CVE-2021-4034	https://github.com/fdellwing/CVE-2021-4034
CVE-2021-4034	xcanwin/CVE-2021-4034-UniontechOS	https://github.com/xcanwin/CVE-2021-4034-UniontechOS
CVE-2021-4034	azminawwar/CVE-2021-4034	https://github.com/azminawwar/CVE-2021-4034
CVE-2021-4034	PeterGottesman/pwnkit-exploit	https://github.com/PeterGottesman/pwnkit-exploit
CVE-2021-4034	sunny0day/CVE-2021-4034	https://github.com/sunny0day/CVE-2021-4034
CVE-2021-4034	artemis-mike/cve-2021-4034	https://github.com/artemis-mike/cve-2021-4034
CVE-2021-4034	whokilleddb/CVE-2021-4034	https://github.com/whokilleddb/CVE-2021-4034
CVE-2021-4034	dadvlingd/CVE-2021-4034	https://github.com/dadvlingd/CVE-2021-4034
CVE-2021-4034	zcrosman/cve-2021-4034	https://github.com/zcrosman/cve-2021-4034
CVE-2021-4034	robemmerson/CVE-2021-4034	https://github.com/robemmerson/CVE-2021-4034
CVE-2021-4034	joeammond/CVE-2021-4034	https://github.com/joeammond/CVE-2021-4034
CVE-2021-4034	luijait/PwnKit-Exploit	https://github.com/luijait/PwnKit-Exploit
CVE-2021-4034	Anonymous-Family/CVE-2021-4034	https://github.com/Anonymous-Family/CVE-2021-4034
CVE-2021-4034	phvilasboas/CVE-2021-4034	https://github.com/phvilasboas/CVE-2021-4034
CVE-2021-4034	vilasboasph/CVE-2021-4034	https://github.com/vilasboasph/CVE-2021-4034
CVE-2021-4034	callrbx/pkexec-lpe-poc	https://github.com/callrbx/pkexec-lpe-poc
CVE-2021-4034	cd80-ctf/CVE-2021-4034	https://github.com/cd80-ctf/CVE-2021-4034
CVE-2021-4034	Al1ex/CVE-2021-4034	https://github.com/Al1ex/CVE-2021-4034
CVE-2021-4034	ashutoshrohilla/CVE-2021-4034	https://github.com/ashutoshrohilla/CVE-2021-4034
CVE-2021-4034	nikip72/CVE-2021-4034	https://github.com/nikip72/CVE-2021-4034
CVE-2021-4034	NiS3x/CVE-2021-4034	https://github.com/NiS3x/CVE-2021-4034
CVE-2021-4034	thatstraw/CVE-2021-4034	https://github.com/thatstraw/CVE-2021-4034
CVE-2021-4034	luckythandel/CVE-2021-4034	https://github.com/luckythandel/CVE-2021-4034
CVE-2021-4034	Plethore/CVE-2021-4034	https://github.com/Plethore/CVE-2021-4034
CVE-2021-4034	evdenis/lsm_bpf_check_argc0	https://github.com/evdenis/lsm_bpf_check_argc0
CVE-2021-4034	tahaafarooq/poppy	https://github.com/tahaafarooq/poppy
CVE-2021-4034	DosAmp/pkwned	https://github.com/DosAmp/pkwned
CVE-2021-4034	PwnFunction/CVE-2021-4034	https://github.com/PwnFunction/CVE-2021-4034
CVE-2021-4034	NULL0B/CVE-2021-4034	https://github.com/NULL0B/CVE-2021-4034
CVE-2021-4034	locksec/CVE-2021-4034	https://github.com/locksec/CVE-2021-4034
CVE-2021-4034	deoxykev/CVE-2021-4034-Rust	https://github.com/deoxykev/CVE-2021-4034-Rust
CVE-2021-4034	c3c/CVE-2021-4034	https://github.com/c3c/CVE-2021-4034
CVE-2021-4034	Fato07/Pwnkit-exploit	https://github.com/Fato07/Pwnkit-exploit
CVE-2021-4034	EstamelGG/CVE-2021-4034-NoGCC	https://github.com/EstamelGG/CVE-2021-4034-NoGCC
CVE-2021-4034	pengalaman-1t/CVE-2021-4034	https://github.com/pengalaman-1t/CVE-2021-4034
CVE-2021-4034	jpmcb/pwnkit-go	https://github.com/jpmcb/pwnkit-go
CVE-2021-4034	JoyGhoshs/CVE-2021-4034	https://github.com/JoyGhoshs/CVE-2021-4034
CVE-2021-4034	galoget/PwnKit-CVE-2021-4034	https://github.com/galoget/PwnKit-CVE-2021-4034
CVE-2021-4034	Yakumwamba/POC-CVE-2021-4034	https://github.com/Yakumwamba/POC-CVE-2021-4034
CVE-2021-4034	ayoub-elbouzi/CVE-2021-4034-Pwnkit	https://github.com/ayoub-elbouzi/CVE-2021-4034-Pwnkit
CVE-2021-4034	oreosec/pwnkit	https://github.com/oreosec/pwnkit
CVE-2021-4034	CYB3RK1D/CVE-2021-4034-POC	https://github.com/CYB3RK1D/CVE-2021-4034-POC
CVE-2021-4034	Rvn0xsy/CVE-2021-4034	https://github.com/Rvn0xsy/CVE-2021-4034
CVE-2021-4034	Kirill89/CVE-2021-4034	https://github.com/Kirill89/CVE-2021-4034
CVE-2021-4034	NeonWhiteRabbit/CVE-2021-4034	https://github.com/NeonWhiteRabbit/CVE-2021-4034
CVE-2021-4034	sofire/polkit-0.96-CVE-2021-4034	https://github.com/sofire/polkit-0.96-CVE-2021-4034
CVE-2021-4034	codiobert/pwnkit-scanner	https://github.com/codiobert/pwnkit-scanner
CVE-2021-4034	v-rzh/CVE-2021-4034	https://github.com/v-rzh/CVE-2021-4034
CVE-2021-4034	TW-D/PwnKit-Vulnerability_CVE-2021-4034	https://github.com/TW-D/PwnKit-Vulnerability_CVE-2021-4034
CVE-2021-4034	OXDBXKXO/ez-pwnkit	https://github.com/OXDBXKXO/ez-pwnkit
CVE-2021-4034	milot/dissecting-pkexec-cve-2021-4034	https://github.com/milot/dissecting-pkexec-cve-2021-4034
CVE-2021-4034	0x01-sec/CVE-2021-4034-	https://github.com/0x01-sec/CVE-2021-4034-
CVE-2021-4034	navisec/CVE-2021-4034-PwnKit	https://github.com/navisec/CVE-2021-4034-PwnKit
CVE-2021-4034	Almorabea/pkexec-exploit	https://github.com/Almorabea/pkexec-exploit
CVE-2021-4034	teelrabbit/Polkit-pkexec-exploit-for-Linux	https://github.com/teelrabbit/Polkit-pkexec-exploit-for-Linux
CVE-2021-4034	scent2d/PoC-CVE-2021-4034	https://github.com/scent2d/PoC-CVE-2021-4034
CVE-2021-4034	HrishitJoshi/CVE-2021-4034	https://github.com/HrishitJoshi/CVE-2021-4034
CVE-2021-4034	Ankit-Ojha16/CVE-2021-4034	https://github.com/Ankit-Ojha16/CVE-2021-4034
CVE-2021-4034	G01d3nW01f/CVE-2021-4034	https://github.com/G01d3nW01f/CVE-2021-4034
CVE-2021-4034	drapl0n/pwnKit	https://github.com/drapl0n/pwnKit
CVE-2021-4034	rvzsec/CVE-2021-4034	https://github.com/rvzsec/CVE-2021-4034
CVE-2021-4034	Joffr3y/Polkit-CVE-2021-4034-HLP	https://github.com/Joffr3y/Polkit-CVE-2021-4034-HLP
CVE-2021-4034	ziadsaleemi/polkit_CVE-2021-4034	https://github.com/ziadsaleemi/polkit_CVE-2021-4034
CVE-2021-4034	FDlucifer/Pwnkit-go	https://github.com/FDlucifer/Pwnkit-go
CVE-2021-4034	pombredanne/CVE-2021-4034	https://github.com/pombredanne/CVE-2021-4034
CVE-2021-4034	cspshivam/cve-2021-4034	https://github.com/cspshivam/cve-2021-4034
CVE-2021-4034	an0n7os/CVE-2021-4034	https://github.com/an0n7os/CVE-2021-4034
CVE-2021-4034	DanaEpp/pwncat_pwnkit	https://github.com/DanaEpp/pwncat_pwnkit
CVE-2021-4034	x04000/CVE-2021-4034	https://github.com/x04000/CVE-2021-4034
CVE-2021-4034	x04000/AutoPwnkit	https://github.com/x04000/AutoPwnkit
CVE-2021-4034	hohn/codeql-sample-polkit	https://github.com/hohn/codeql-sample-polkit
CVE-2021-4034	ck00004/CVE-2021-4034	https://github.com/ck00004/CVE-2021-4034
CVE-2021-4034	LJP-TW/CVE-2021-4034	https://github.com/LJP-TW/CVE-2021-4034
CVE-2021-4034	fnknda/CVE-2021-4034_POC	https://github.com/fnknda/CVE-2021-4034_POC
CVE-2021-4034	Tanmay-N/CVE-2021-4034	https://github.com/Tanmay-N/CVE-2021-4034
CVE-2021-4034	hahaleyile/CVE-2021-4034	https://github.com/hahaleyile/CVE-2021-4034
CVE-2021-4034	movvamrocks/PwnKit-CVE-2021-4034	https://github.com/movvamrocks/PwnKit-CVE-2021-4034
CVE-2021-4034	Squirre17/CVE-2021-4034	https://github.com/Squirre17/CVE-2021-4034
CVE-2021-4034	Jesrat/make_me_root	https://github.com/Jesrat/make_me_root
CVE-2021-4034	defhacks/cve-2021-4034	https://github.com/defhacks/cve-2021-4034
CVE-2021-4034	ITMarcin2211/Polkit-s-Pkexec-CVE-2021-4034	https://github.com/ITMarcin2211/Polkit-s-Pkexec-CVE-2021-4034
CVE-2021-4034	edsonjt81/CVE-2021-4034-Linux	https://github.com/edsonjt81/CVE-2021-4034-Linux
CVE-2021-4034	nel0x/pwnkit-vulnerability	https://github.com/nel0x/pwnkit-vulnerability
CVE-2021-4034	TomSgn/CVE-2021-4034	https://github.com/TomSgn/CVE-2021-4034
CVE-2021-4034	TheJoyOfHacking/berdav-CVE-2021-4034	https://github.com/TheJoyOfHacking/berdav-CVE-2021-4034
CVE-2021-4034	tzwlhack/CVE-2021-4034	https://github.com/tzwlhack/CVE-2021-4034
CVE-2021-4034	jcatala/f_poc_cve-2021-4034	https://github.com/jcatala/f_poc_cve-2021-4034
CVE-2021-4034	Nosferatuvjr/PwnKit	https://github.com/Nosferatuvjr/PwnKit
CVE-2021-4034	TotallyNotAHaxxer/CVE-2021-4034	https://github.com/TotallyNotAHaxxer/CVE-2021-4034
CVE-2021-4034	0x4ndy/CVE-2021-4034-PoC	https://github.com/0x4ndy/CVE-2021-4034-PoC
CVE-2021-4034	antoinenguyen-09/CVE-2021-4034	https://github.com/antoinenguyen-09/CVE-2021-4034
CVE-2021-4034	wudicainiao/cve-2021-4034	https://github.com/wudicainiao/cve-2021-4034
CVE-2021-4034	TanmoyG1800/CVE-2021-4034	https://github.com/TanmoyG1800/CVE-2021-4034
CVE-2021-4034	CronoX1/CVE-2021-4034	https://github.com/CronoX1/CVE-2021-4034
CVE-2021-4034	supportingmx/cve-2021-4034	https://github.com/supportingmx/cve-2021-4034
CVE-2021-4034	A1vinSmith/CVE-2021-4034	https://github.com/A1vinSmith/CVE-2021-4034
CVE-2021-4034	HellGateCorp/pwnkit	https://github.com/HellGateCorp/pwnkit
CVE-2021-4034	Silencecyber/cve-2021-4034	https://github.com/Silencecyber/cve-2021-4034
CVE-2021-4034	Geni0r/cve-2021-4034-poc	https://github.com/Geni0r/cve-2021-4034-poc
CVE-2021-4034	RakhithJK/CVE-2021-4034-new	https://github.com/RakhithJK/CVE-2021-4034-new
CVE-2021-4034	Pixailz/CVE-2021-4034	https://github.com/Pixailz/CVE-2021-4034
CVE-2021-4034	toecesws/CVE-2021-4034	https://github.com/toecesws/CVE-2021-4034
CVE-2021-4034	tachote/CVE-2021-4034	https://github.com/tachote/CVE-2021-4034
CVE-2021-4034	fei9747/CVE-2021-4034	https://github.com/fei9747/CVE-2021-4034
CVE-2021-4034	pyhrr0/pwnkit	https://github.com/pyhrr0/pwnkit
CVE-2021-4034	mutur4/CVE-2021-4034	https://github.com/mutur4/CVE-2021-4034
CVE-2021-4034	h3x0v3rl0rd/CVE-2021-4034_Python3	https://github.com/h3x0v3rl0rd/CVE-2021-4034_Python3
CVE-2021-4034	ps-interactive/lab_cve-2021-4034-polkit-emulation-and-detection	https://github.com/ps-interactive/lab_cve-2021-4034-polkit-emulation-and-detection
CVE-2021-4034	asepsaepdin/CVE-2021-4034	https://github.com/asepsaepdin/CVE-2021-4034
CVE-2021-4034	JohnGilbert57/CVE-2021-4034-Capture-the-flag	https://github.com/JohnGilbert57/CVE-2021-4034-Capture-the-flag
CVE-2021-4034	Part01-Pai/Polkit-Permission-promotion-compiled	https://github.com/Part01-Pai/Polkit-Permission-promotion-compiled
CVE-2021-4034	cdxiaodong/CVE-2021-4034-touch	https://github.com/cdxiaodong/CVE-2021-4034-touch
CVE-2021-4034	LucasPDiniz/CVE-2021-4034	https://github.com/LucasPDiniz/CVE-2021-4034
CVE-2021-4034	Pol-Ruiz/CVE-2021-4034	https://github.com/Pol-Ruiz/CVE-2021-4034
CVE-2021-4034	cerodah/CVE-2021-4034	https://github.com/cerodah/CVE-2021-4034
CVE-2021-4034	FancySauce/PwnKit-CVE-2021-4034	https://github.com/FancySauce/PwnKit-CVE-2021-4034
CVE-2021-4034	wechicken456/CVE-2021-4034-CTF-writeup	https://github.com/wechicken456/CVE-2021-4034-CTF-writeup
CVE-2021-4034	ASG-CASTLE/CVE-2021-4034	https://github.com/ASG-CASTLE/CVE-2021-4034
CVE-2021-4034	X-Projetion/Exploiting-PwnKit-CVE-2021-4034-	https://github.com/X-Projetion/Exploiting-PwnKit-CVE-2021-4034-
CVE-2021-4034	evkl1d/CVE-2021-4034	https://github.com/evkl1d/CVE-2021-4034
CVE-2021-4034	zxybfq/CVE-2021-4034	https://github.com/zxybfq/CVE-2021-4034
CVE-2021-4034	EuJin03/CVE-2021-4034-PoC	https://github.com/EuJin03/CVE-2021-4034-PoC
CVE-2021-4034	dh4r4/PwnKit-CVE-2021-4034-	https://github.com/dh4r4/PwnKit-CVE-2021-4034-
CVE-2021-4034	12bijaya/CVE-2021-4034-PwnKit-	https://github.com/12bijaya/CVE-2021-4034-PwnKit-
CVE-2021-4034	nagorealbisu/CVE-2021-4034	https://github.com/nagorealbisu/CVE-2021-4034
CVE-2021-4034	igonzalez357/CVE-2021-4034-PwnKit-	https://github.com/igonzalez357/CVE-2021-4034-PwnKit-
CVE-2021-4034	marcosChoucino/CVE-2021-4034	https://github.com/marcosChoucino/CVE-2021-4034
CVE-2021-4034	ikerSandoval003/CVE-2021-4034	https://github.com/ikerSandoval003/CVE-2021-4034
CVE-2021-4034	AsierEgana/cve-2021-4034	https://github.com/AsierEgana/cve-2021-4034
CVE-2021-4034	Z3R0space/CVE-2021-4034	https://github.com/Z3R0space/CVE-2021-4034
CVE-2021-4034	Milad-Rafie/PwnKit-Local-Privilege-Escalation-Vulnerability-Discovered-in-polkit-s-pkexec-CVE-2021-4034	https://github.com/Milad-Rafie/PwnKit-Local-Privilege-Escalation-Vulnerability-Discovered-in-polkit-s-pkexec-CVE-2021-4034
CVE-2021-4034	kali-guru/Pwnkit-CVE-2021-4034	https://github.com/kali-guru/Pwnkit-CVE-2021-4034
CVE-2021-4034	jscamposx/hack	https://github.com/jscamposx/hack
CVE-2021-4034	BugVex/Poison-HTB-Report	https://github.com/BugVex/Poison-HTB-Report
CVE-2021-4034	dr4xp/pwnkit-helper	https://github.com/dr4xp/pwnkit-helper
CVE-2021-4034	boro03/CVE-2021-4034	https://github.com/boro03/CVE-2021-4034
CVE-2021-4034	ramahmdr/PwnKit	https://github.com/ramahmdr/PwnKit
CVE-2021-4034	Abbykito/KERNELexploits	https://github.com/Abbykito/KERNELexploits
CVE-2021-4034	Allu-mette/cve-2021-4034	https://github.com/Allu-mette/cve-2021-4034
CVE-2021-4034	devianntsec/CVE-2021-4034	https://github.com/devianntsec/CVE-2021-4034
CVE-2021-4034	vaibhavkrishna12004/ubuntu-privesc-lab	https://github.com/vaibhavkrishna12004/ubuntu-privesc-lab
CVE-2021-4034	Murguii/DEV-CVE-2021-4034	https://github.com/Murguii/DEV-CVE-2021-4034
CVE-2021-4034	B1gN0Se/PwnKit_CVE-2021-4034	https://github.com/B1gN0Se/PwnKit_CVE-2021-4034
CVE-2021-4034	usmansec/-CVE-2021-4034	https://github.com/usmansec/-CVE-2021-4034
CVE-2021-4034	vorkampfer/pwnkit_safety_check	https://github.com/vorkampfer/pwnkit_safety_check
CVE-2021-4034	rusakalimantan/PwnKit-CVE-2021-4034	https://github.com/rusakalimantan/PwnKit-CVE-2021-4034
CVE-2021-4034	jayhutajulu1/PwnKit-CVE-2021-4034	https://github.com/jayhutajulu1/PwnKit-CVE-2021-4034
CVE-2021-4034	Leemyunglyul/cve-2021-4034-mock	https://github.com/Leemyunglyul/cve-2021-4034-mock
CVE-2021-4034	mac3d0/CVE-2021-4034-pwnkit	https://github.com/mac3d0/CVE-2021-4034-pwnkit
CVE-2021-4034	krleejihyeong/WHS4_CVE-2021-4034	https://github.com/krleejihyeong/WHS4_CVE-2021-4034
CVE-2021-4034	nicoibarburu/CVE-2021-4034	https://github.com/nicoibarburu/CVE-2021-4034
CVE-2021-4034	iurhfiu6/CVE-2021-4034	https://github.com/iurhfiu6/CVE-2021-4034
CVE-2021-4034	r00t-byte/Pwnkit-CVE-2021-4034-LPE	https://github.com/r00t-byte/Pwnkit-CVE-2021-4034-LPE
CVE-2021-22600	sendINUX/CVE-2021-22600__DirtyPagetable	https://github.com/sendINUX/CVE-2021-22600__DirtyPagetable
CVE-2021-22600	Chinmay1743/af_packet.c	https://github.com/Chinmay1743/af_packet.c
CVE-2021-1732	KaLendsi/CVE-2021-1732-Exploit	https://github.com/KaLendsi/CVE-2021-1732-Exploit
CVE-2021-1732	flyinbedxyz/CVE-2021-1732	https://github.com/flyinbedxyz/CVE-2021-1732
CVE-2021-1732	oneoy/CVE-2021-1732-Exploit	https://github.com/oneoy/CVE-2021-1732-Exploit
CVE-2021-1732	linuxdy/CVE-2021-1732_exp	https://github.com/linuxdy/CVE-2021-1732_exp
CVE-2021-1732	po4sec/CVE-2021-1732	https://github.com/po4sec/CVE-2021-1732
CVE-2021-1732	exploitblizzard/Windows-Privilege-Escalation-CVE-2021-1732	https://github.com/exploitblizzard/Windows-Privilege-Escalation-CVE-2021-1732
CVE-2021-1732	BeneficialCode/CVE-2021-1732	https://github.com/BeneficialCode/CVE-2021-1732
CVE-2021-1732	ExploitCN/CVE-2021-1732-EXP-	https://github.com/ExploitCN/CVE-2021-1732-EXP-
CVE-2021-1732	r1l4-i3pur1l4/CVE-2021-1732	https://github.com/r1l4-i3pur1l4/CVE-2021-1732
CVE-2021-1732	fenalik/CVE-2021-1732	https://github.com/fenalik/CVE-2021-1732
CVE-2021-1732	4dp/CVE-2021-1732	https://github.com/4dp/CVE-2021-1732
CVE-2021-1732	yangshifan-git/CVE-2021-1732	https://github.com/yangshifan-git/CVE-2021-1732
CVE-2021-1732	asepsaepdin/CVE-2021-1732	https://github.com/asepsaepdin/CVE-2021-1732
CVE-2021-1782	raymontag/cve-2021-1782	https://github.com/raymontag/cve-2021-1782
CVE-2021-1782	synacktiv/CVE-2021-1782	https://github.com/synacktiv/CVE-2021-1782
CVE-2021-3156	mr-r3b00t/CVE-2021-3156	https://github.com/mr-r3b00t/CVE-2021-3156
CVE-2021-3156	nexcess/sudo_cve-2021-3156	https://github.com/nexcess/sudo_cve-2021-3156
CVE-2021-3156	reverse-ex/CVE-2021-3156	https://github.com/reverse-ex/CVE-2021-3156
CVE-2021-3156	unauth401/CVE-2021-3156	https://github.com/unauth401/CVE-2021-3156
CVE-2021-3156	ymrsmns/CVE-2021-3156	https://github.com/ymrsmns/CVE-2021-3156
CVE-2021-3156	elbee-cyber/CVE-2021-3156-PATCHER	https://github.com/elbee-cyber/CVE-2021-3156-PATCHER
CVE-2021-3156	kernelzeroday/CVE-2021-3156-Baron-Samedit	https://github.com/kernelzeroday/CVE-2021-3156-Baron-Samedit
CVE-2021-3156	yaunsky/cve-2021-3156	https://github.com/yaunsky/cve-2021-3156
CVE-2021-3156	baka9moe/CVE-2021-3156-Exp	https://github.com/baka9moe/CVE-2021-3156-Exp
CVE-2021-3156	ph4ntonn/CVE-2021-3156	https://github.com/ph4ntonn/CVE-2021-3156
CVE-2021-3156	binw2018/CVE-2021-3156-SCRIPT	https://github.com/binw2018/CVE-2021-3156-SCRIPT
CVE-2021-3156	freeFV/CVE-2021-3156	https://github.com/freeFV/CVE-2021-3156
CVE-2021-3156	mbcrump/CVE-2021-3156	https://github.com/mbcrump/CVE-2021-3156
CVE-2021-3156	stong/CVE-2021-3156	https://github.com/stong/CVE-2021-3156
CVE-2021-3156	nobodyatall648/CVE-2021-3156	https://github.com/nobodyatall648/CVE-2021-3156
CVE-2021-3156	blasty/CVE-2021-3156	https://github.com/blasty/CVE-2021-3156
CVE-2021-3156	teamtopkarl/CVE-2021-3156	https://github.com/teamtopkarl/CVE-2021-3156
CVE-2021-3156	Q4n/CVE-2021-3156	https://github.com/Q4n/CVE-2021-3156
CVE-2021-3156	kal1gh0st/CVE-2021-3156	https://github.com/kal1gh0st/CVE-2021-3156
CVE-2021-3156	apogiatzis/docker-CVE-2021-3156	https://github.com/apogiatzis/docker-CVE-2021-3156
CVE-2021-3156	Ashish-dawani/CVE-2021-3156-Patch	https://github.com/Ashish-dawani/CVE-2021-3156-Patch
CVE-2021-3156	SantiagoSerrao/ScannerCVE-2021-3156	https://github.com/SantiagoSerrao/ScannerCVE-2021-3156
CVE-2021-3156	DanielAzulayy/CTF-2021	https://github.com/DanielAzulayy/CTF-2021
CVE-2021-3156	dinhbaouit/CVE-2021-3156	https://github.com/dinhbaouit/CVE-2021-3156
CVE-2021-3156	CptGibbon/CVE-2021-3156	https://github.com/CptGibbon/CVE-2021-3156
CVE-2021-3156	perlun/sudo-1.8.3p1-patched	https://github.com/perlun/sudo-1.8.3p1-patched
CVE-2021-3156	1N53C/CVE-2021-3156-PoC	https://github.com/1N53C/CVE-2021-3156-PoC
CVE-2021-3156	0xdevil/CVE-2021-3156	https://github.com/0xdevil/CVE-2021-3156
CVE-2021-3156	gmldbd94/cve-2021-3156	https://github.com/gmldbd94/cve-2021-3156
CVE-2021-3156	jm33-m0/CVE-2021-3156	https://github.com/jm33-m0/CVE-2021-3156
CVE-2021-3156	Rvn0xsy/CVE-2021-3156-plus	https://github.com/Rvn0xsy/CVE-2021-3156-plus
CVE-2021-3156	oneoy/CVE-2021-3156	https://github.com/oneoy/CVE-2021-3156
CVE-2021-3156	worawit/CVE-2021-3156	https://github.com/worawit/CVE-2021-3156
CVE-2021-3156	lmol/CVE-2021-3156	https://github.com/lmol/CVE-2021-3156
CVE-2021-3156	BearCat4/CVE-2021-3156	https://github.com/BearCat4/CVE-2021-3156
CVE-2021-3156	capturingcats/CVE-2021-3156	https://github.com/capturingcats/CVE-2021-3156
CVE-2021-3156	LiveOverflow/pwnedit	https://github.com/LiveOverflow/pwnedit
CVE-2021-3156	ajtech-hue/CVE-2021-3156-Mitigation-ShellScript-Build	https://github.com/ajtech-hue/CVE-2021-3156-Mitigation-ShellScript-Build
CVE-2021-3156	donghyunlee00/CVE-2021-3156	https://github.com/donghyunlee00/CVE-2021-3156
CVE-2021-3156	TheFlash2k/CVE-2021-3156	https://github.com/TheFlash2k/CVE-2021-3156
CVE-2021-3156	Exodusro/CVE-2021-3156	https://github.com/Exodusro/CVE-2021-3156
CVE-2021-3156	0x7183/CVE-2021-3156	https://github.com/0x7183/CVE-2021-3156
CVE-2021-3156	sbladiamond/CVE-2021-3156	https://github.com/sbladiamond/CVE-2021-3156
CVE-2021-3156	redhawkeye/sudo-exploit	https://github.com/redhawkeye/sudo-exploit
CVE-2021-3156	d3c3ptic0n/CVE-2021-3156	https://github.com/d3c3ptic0n/CVE-2021-3156
CVE-2021-3156	musergi/CVE-2021-3156	https://github.com/musergi/CVE-2021-3156
CVE-2021-3156	halissha/CVE-2021-3156	https://github.com/halissha/CVE-2021-3156
CVE-2021-3156	sharkmoos/Baron-Samedit	https://github.com/sharkmoos/Baron-Samedit
CVE-2021-3156	chenaotian/CVE-2021-3156	https://github.com/chenaotian/CVE-2021-3156
CVE-2021-3156	ret2basic/SudoScience	https://github.com/ret2basic/SudoScience
CVE-2021-3156	puckiestyle/CVE-2021-3156	https://github.com/puckiestyle/CVE-2021-3156
CVE-2021-3156	barebackbandit/CVE-2021-3156	https://github.com/barebackbandit/CVE-2021-3156
CVE-2021-3156	RodricBr/CVE-2021-3156	https://github.com/RodricBr/CVE-2021-3156
CVE-2021-3156	ypl6/heaplens	https://github.com/ypl6/heaplens
CVE-2021-3156	wangqian06/CVE-2021-3156	https://github.com/wangqian06/CVE-2021-3156
CVE-2021-3156	arvindshima/CVE-2021-3156	https://github.com/arvindshima/CVE-2021-3156
CVE-2021-3156	Mhackiori/CVE-2021-3156	https://github.com/Mhackiori/CVE-2021-3156
CVE-2021-3156	PhuketIsland/CVE-2021-3156-centos7	https://github.com/PhuketIsland/CVE-2021-3156-centos7
CVE-2021-3156	0x4ndy/clif	https://github.com/0x4ndy/clif
CVE-2021-3156	hycheng15/CVE-2021-3156	https://github.com/hycheng15/CVE-2021-3156
CVE-2021-3156	mutur4/CVE-2021-3156	https://github.com/mutur4/CVE-2021-3156
CVE-2021-3156	PurpleOzone/PE_CVE-CVE-2021-3156	https://github.com/PurpleOzone/PE_CVE-CVE-2021-3156
CVE-2021-3156	asepsaepdin/CVE-2021-3156	https://github.com/asepsaepdin/CVE-2021-3156
CVE-2021-3156	DDayLuong/CVE-2021-3156	https://github.com/DDayLuong/CVE-2021-3156
CVE-2021-3156	DASICS-ICT/DASICS-CVE-2021-3156	https://github.com/DASICS-ICT/DASICS-CVE-2021-3156
CVE-2021-3156	wurwur/CVE-2021-3156	https://github.com/wurwur/CVE-2021-3156
CVE-2021-3156	lypd0/CVE-2021-3156-checker	https://github.com/lypd0/CVE-2021-3156-checker
CVE-2021-3156	Bad3r/CVE-2021-3156-without-ip-command	https://github.com/Bad3r/CVE-2021-3156-without-ip-command
CVE-2021-3156	Sebastianbedoya25/CVE-2021-3156	https://github.com/Sebastianbedoya25/CVE-2021-3156
CVE-2021-3156	czeti/baron-samedit	https://github.com/czeti/baron-samedit
CVE-2021-3156	Sornphut/CVE-2021-3156-Heap-Based-Buffer-Overflow-in-Sudo-Baron-Samedit-	https://github.com/Sornphut/CVE-2021-3156-Heap-Based-Buffer-Overflow-in-Sudo-Baron-Samedit-
CVE-2021-3156	shishirpandey18/CVE-2021-3156	https://github.com/shishirpandey18/CVE-2021-3156
CVE-2021-3156	Shuhaib88/Baron-Samedit-Heap-Buffer-Overflow-CVE-2021-3156	https://github.com/Shuhaib88/Baron-Samedit-Heap-Buffer-Overflow-CVE-2021-3156
CVE-2021-3156	gmh5225/cve-2021-3156-	https://github.com/gmh5225/cve-2021-3156-
CVE-2021-3156	TopskiyPavelQwertyGang/Review.CVE-2021-3156	https://github.com/TopskiyPavelQwertyGang/Review.CVE-2021-3156
CVE-2021-3156	Maalfer/Sudo-CVE-2021-3156	https://github.com/Maalfer/Sudo-CVE-2021-3156
CVE-2021-3156	HuzaifaTariqAfzalKhan/CVE-Exploit-Research-Development-ITSOLERA	https://github.com/HuzaifaTariqAfzalKhan/CVE-Exploit-Research-Development-ITSOLERA
CVE-2021-3156	VilmarTuminskii/cve-2021-3156-sudo-lab	https://github.com/VilmarTuminskii/cve-2021-3156-sudo-lab
CVE-2021-3156	DakerQirszh/cve-2021-3156	https://github.com/DakerQirszh/cve-2021-3156
CVE-2021-3156	TheLeopard65/CVE-2021-3156-Baron-Samedit	https://github.com/TheLeopard65/CVE-2021-3156-Baron-Samedit
CVE-2021-3156	Rana-Ali93/CVE-2021-3156-Sudo-Buffer-Overflow-Linux	https://github.com/Rana-Ali93/CVE-2021-3156-Sudo-Buffer-Overflow-Linux
CVE-2021-3156	ngtuonghung/CVE-2021-3156	https://github.com/ngtuonghung/CVE-2021-3156
CVE-2021-3156	Robblackcatchai/porfolio-Baron-Samedit	https://github.com/Robblackcatchai/porfolio-Baron-Samedit
CVE-2021-3156	calonnuotcabe/CVE-2021-3156	https://github.com/calonnuotcabe/CVE-2021-3156
CVE-2021-3156	Kranti08/CVE-2021-3156-Baron-Samedit	https://github.com/Kranti08/CVE-2021-3156-Baron-Samedit
CVE-2021-3156	IJBaig/CVE-2021-3156	https://github.com/IJBaig/CVE-2021-3156
CVE-2021-3156	WhatsWrongAndWhy/CVE-2021-3156	https://github.com/WhatsWrongAndWhy/CVE-2021-3156
CVE-2021-3156	Shams-Ul-Mehmood/CVE-2021-3156-Project	https://github.com/Shams-Ul-Mehmood/CVE-2021-3156-Project
CVE-2021-3493	briskets/CVE-2021-3493	https://github.com/briskets/CVE-2021-3493
CVE-2021-3493	oneoy/CVE-2021-3493	https://github.com/oneoy/CVE-2021-3493
CVE-2021-3493	Abdennour-py/CVE-2021-3493	https://github.com/Abdennour-py/CVE-2021-3493
CVE-2021-3493	inspiringz/CVE-2021-3493	https://github.com/inspiringz/CVE-2021-3493
CVE-2021-3493	derek-turing/CVE-2021-3493	https://github.com/derek-turing/CVE-2021-3493
CVE-2021-3493	cerodah/overlayFS-CVE-2021-3493	https://github.com/cerodah/overlayFS-CVE-2021-3493
CVE-2021-3493	puckiestyle/CVE-2021-3493	https://github.com/puckiestyle/CVE-2021-3493
CVE-2021-3493	fei9747/CVE-2021-3493	https://github.com/fei9747/CVE-2021-3493
CVE-2021-3493	pmihsan/OverlayFS-CVE-2021-3493	https://github.com/pmihsan/OverlayFS-CVE-2021-3493
CVE-2021-3493	ptkhai15/OverlayFS---CVE-2021-3493	https://github.com/ptkhai15/OverlayFS---CVE-2021-3493
CVE-2021-3493	iamz24/CVE-2021-3493_CVE-2022-3357	https://github.com/iamz24/CVE-2021-3493_CVE-2022-3357
CVE-2021-3493	fathallah17/OverlayFS-CVE-2021-3493	https://github.com/fathallah17/OverlayFS-CVE-2021-3493
CVE-2021-3493	Sornphut/OverlayFS---CVE-2021-3493	https://github.com/Sornphut/OverlayFS---CVE-2021-3493
CVE-2021-3493	cyberx-1/OverlayFS-CVE-2021-3493	https://github.com/cyberx-1/OverlayFS-CVE-2021-3493
CVE-2021-3493	George-Yanni/DeepRoot	https://github.com/George-Yanni/DeepRoot
CVE-2021-3493	iqbalhussainas/OverlayFS-LPE-Exploit	https://github.com/iqbalhussainas/OverlayFS-LPE-Exploit
CVE-2021-3493	Ayham-Megdadi/Zero-Day-Legacy	https://github.com/Ayham-Megdadi/Zero-Day-Legacy
CVE-2021-3493	WhatsWrongAndWhy/CVE-2021-3493	https://github.com/WhatsWrongAndWhy/CVE-2021-3493
CVE-2021-3493	0xlane/CVE-2021-3493	https://github.com/0xlane/CVE-2021-3493
CVE-2021-3493	r3dw4n48m3d/CVE-2021-3493-Exploit	https://github.com/r3dw4n48m3d/CVE-2021-3493-Exploit
CVE-2021-21551	waldo-irc/CVE-2021-21551	https://github.com/waldo-irc/CVE-2021-21551
CVE-2021-21551	ch3rn0byl/CVE-2021-21551	https://github.com/ch3rn0byl/CVE-2021-21551
CVE-2021-21551	arnaudluti/PS-CVE-2021-21551	https://github.com/arnaudluti/PS-CVE-2021-21551
CVE-2021-21551	mathisvickie/CVE-2021-21551	https://github.com/mathisvickie/CVE-2021-21551
CVE-2021-21551	mzakocs/CVE-2021-21551-POC	https://github.com/mzakocs/CVE-2021-21551-POC
CVE-2021-21551	ihack4falafel/Dell-Driver-EoP-CVE-2021-21551	https://github.com/ihack4falafel/Dell-Driver-EoP-CVE-2021-21551
CVE-2021-21551	tijme/kernel-mii	https://github.com/tijme/kernel-mii
CVE-2021-21551	nanabingies/CVE-2021-21551	https://github.com/nanabingies/CVE-2021-21551
CVE-2021-21551	Eap2468/CVE-2021-21551	https://github.com/Eap2468/CVE-2021-21551
CVE-2021-21551	IlanDudnik/CVE-2021-21551	https://github.com/IlanDudnik/CVE-2021-21551
CVE-2021-21551	luke0x90/CVE-2021-21551	https://github.com/luke0x90/CVE-2021-21551
CVE-2021-21551	bengabay1994/cve-2021-21551-PoC	https://github.com/bengabay1994/cve-2021-21551-PoC
CVE-2021-21972	psc4re/NSE-scripts	https://github.com/psc4re/NSE-scripts
CVE-2021-21972	QmF0c3UK/CVE-2021-21972-vCenter-6.5-7.0-RCE-POC	https://github.com/QmF0c3UK/CVE-2021-21972-vCenter-6.5-7.0-RCE-POC
CVE-2021-21972	NS-Sp4ce/CVE-2021-21972	https://github.com/NS-Sp4ce/CVE-2021-21972
CVE-2021-21972	yaunsky/CVE-2021-21972	https://github.com/yaunsky/CVE-2021-21972
CVE-2021-21972	horizon3ai/CVE-2021-21972	https://github.com/horizon3ai/CVE-2021-21972
CVE-2021-21972	Osyanina/westone-CVE-2021-21972-scanner	https://github.com/Osyanina/westone-CVE-2021-21972-scanner
CVE-2021-21972	alt3kx/CVE-2021-21972	https://github.com/alt3kx/CVE-2021-21972
CVE-2021-21972	milo2012/CVE-2021-21972	https://github.com/milo2012/CVE-2021-21972
CVE-2021-21972	conjojo/VMware_vCenter_UNAuthorized_RCE_CVE-2021-21972	https://github.com/conjojo/VMware_vCenter_UNAuthorized_RCE_CVE-2021-21972
CVE-2021-21972	L-pin/CVE-2021-21972	https://github.com/L-pin/CVE-2021-21972
CVE-2021-21972	B1anda0/CVE-2021-21972	https://github.com/B1anda0/CVE-2021-21972
CVE-2021-21972	renini/CVE-2021-21972	https://github.com/renini/CVE-2021-21972
CVE-2021-21972	GuayoyoCyber/CVE-2021-21972	https://github.com/GuayoyoCyber/CVE-2021-21972
CVE-2021-21972	JMousqueton/Detect-CVE-2021-21972	https://github.com/JMousqueton/Detect-CVE-2021-21972
CVE-2021-21972	robwillisinfo/VMware_vCenter_CVE-2021-21972	https://github.com/robwillisinfo/VMware_vCenter_CVE-2021-21972
CVE-2021-21972	Ma1Dong/vcenter_rce	https://github.com/Ma1Dong/vcenter_rce
CVE-2021-21972	d3sh1n/cve-2021-21972	https://github.com/d3sh1n/cve-2021-21972
CVE-2021-21972	ByZain/CVE-2021-21972	https://github.com/ByZain/CVE-2021-21972
CVE-2021-21972	TaroballzChen/CVE-2021-21972	https://github.com/TaroballzChen/CVE-2021-21972
CVE-2021-21972	murataydemir/CVE-2021-21972	https://github.com/murataydemir/CVE-2021-21972
CVE-2021-21972	pettyhacks/vSphereyeeter	https://github.com/pettyhacks/vSphereyeeter
CVE-2021-21972	haidv35/CVE-2021-21972	https://github.com/haidv35/CVE-2021-21972
CVE-2021-21972	TAI-REx/CVE-2021-21972	https://github.com/TAI-REx/CVE-2021-21972
CVE-2021-21972	orangmuda/CVE-2021-21972	https://github.com/orangmuda/CVE-2021-21972
CVE-2021-21972	Schira4396/VcenterKiller	https://github.com/Schira4396/VcenterKiller
CVE-2021-21972	SimoesCTT/CTT-enhanced-VMware-vCenter	https://github.com/SimoesCTT/CTT-enhanced-VMware-vCenter
CVE-2021-21972	Hurrrraaaa/CVE-2021-21972	https://github.com/Hurrrraaaa/CVE-2021-21972
CVE-2021-21985	bigbroke/CVE-2021-21985	https://github.com/bigbroke/CVE-2021-21985
CVE-2021-21985	alt3kx/CVE-2021-21985_PoC	https://github.com/alt3kx/CVE-2021-21985_PoC
CVE-2021-21985	onSec-fr/CVE-2021-21985-Checker	https://github.com/onSec-fr/CVE-2021-21985-Checker
CVE-2021-21985	mauricelambert/CVE-2021-21985	https://github.com/mauricelambert/CVE-2021-21985
CVE-2021-21985	xnianq/cve-2021-21985_exp	https://github.com/xnianq/cve-2021-21985_exp
CVE-2021-21985	daedalus/CVE-2021-21985	https://github.com/daedalus/CVE-2021-21985
CVE-2021-21985	testanull/Project_CVE-2021-21985_PoC	https://github.com/testanull/Project_CVE-2021-21985_PoC
CVE-2021-21985	haidv35/CVE-2021-21985	https://github.com/haidv35/CVE-2021-21985
CVE-2021-21985	aristosMiliaressis/CVE-2021-21985	https://github.com/aristosMiliaressis/CVE-2021-21985
CVE-2021-21985	sknux/CVE-2021-21985_PoC	https://github.com/sknux/CVE-2021-21985_PoC
CVE-2021-22555	JoneyJunior/cve-2021-22555	https://github.com/JoneyJunior/cve-2021-22555
CVE-2021-22555	xyjl-ly/CVE-2021-22555-Exploit	https://github.com/xyjl-ly/CVE-2021-22555-Exploit
CVE-2021-22555	cgwalters/container-cve-2021-22555	https://github.com/cgwalters/container-cve-2021-22555
CVE-2021-22555	daletoniris/CVE-2021-22555-esc-priv	https://github.com/daletoniris/CVE-2021-22555-esc-priv
CVE-2021-22555	veritas501/CVE-2021-22555-PipeVersion	https://github.com/veritas501/CVE-2021-22555-PipeVersion
CVE-2021-22555	masjohncook/netsec-project	https://github.com/masjohncook/netsec-project
CVE-2021-22555	tukru/CVE-2021-22555	https://github.com/tukru/CVE-2021-22555
CVE-2021-22555	pashayogi/CVE-2021-22555	https://github.com/pashayogi/CVE-2021-22555
CVE-2021-22555	letsr00t/-2021-LOCALROOT-CVE-2021-22555	https://github.com/letsr00t/-2021-LOCALROOT-CVE-2021-22555
CVE-2021-22555	letsr00t/CVE-2021-22555	https://github.com/letsr00t/CVE-2021-22555
CVE-2021-22555	Spydomain/CVE-2021-22555-Poc	https://github.com/Spydomain/CVE-2021-22555-Poc
CVE-2021-22555	glutton-su/CVE-2021-22555	https://github.com/glutton-su/CVE-2021-22555
CVE-2021-22555	WhatsWrongAndWhy/CVE-2021-22555	https://github.com/WhatsWrongAndWhy/CVE-2021-22555
CVE-2021-27876	wingerbijay/CVE-2021-27876	https://github.com/wingerbijay/CVE-2021-27876
CVE-2021-27876	hyderpwn/veritas-backup	https://github.com/hyderpwn/veritas-backup
CVE-2021-27877	yashswarup12/CVE-2021-27877-PoC	https://github.com/yashswarup12/CVE-2021-27877-PoC
CVE-2021-28310	Rafael-Svechinskaya/IOC_for_CVE-2021-28310	https://github.com/Rafael-Svechinskaya/IOC_for_CVE-2021-28310
CVE-2021-28663	lntrx/CVE-2021-28663	https://github.com/lntrx/CVE-2021-28663
CVE-2021-28664	woaphone/CVE-2021-28664-PoC	https://github.com/woaphone/CVE-2021-28664-PoC
CVE-2021-30807	jsherman212/iomfb-exploit	https://github.com/jsherman212/iomfb-exploit
CVE-2021-30807	30440r/gex	https://github.com/30440r/gex
CVE-2021-31955	freeide/CVE-2021-31955-POC	https://github.com/freeide/CVE-2021-31955-POC
CVE-2021-31955	ApexPredator-InfoSec/forti_shield	https://github.com/ApexPredator-InfoSec/forti_shield
CVE-2021-31956	hzshang/CVE-2021-31956	https://github.com/hzshang/CVE-2021-31956
CVE-2021-31956	aazhuliang/CVE-2021-31956-EXP	https://github.com/aazhuliang/CVE-2021-31956-EXP
CVE-2021-31956	Y3A/CVE-2021-31956	https://github.com/Y3A/CVE-2021-31956
CVE-2021-31956	hoangprod/CVE-2021-31956-POC	https://github.com/hoangprod/CVE-2021-31956-POC
CVE-2021-31956	DaoshuReal/UAC-Elevation-CVE	https://github.com/DaoshuReal/UAC-Elevation-CVE
CVE-2021-31956	deletehead/Pool-Overflow-CVE-2021-31956	https://github.com/deletehead/Pool-Overflow-CVE-2021-31956
CVE-2021-33739	freeide2017/CVE-2021-33739-POC	https://github.com/freeide2017/CVE-2021-33739-POC
CVE-2021-33739	giwon9977/CVE-2021-33739_PoC_Analysis	https://github.com/giwon9977/CVE-2021-33739_PoC_Analysis
CVE-2021-34486	KaLendsi/CVE-2021-34486	https://github.com/KaLendsi/CVE-2021-34486
CVE-2021-34486	b1tg/CVE-2021-34486-exp	https://github.com/b1tg/CVE-2021-34486-exp
CVE-2021-34523	mithridates1313/ProxyShell_POC	https://github.com/mithridates1313/ProxyShell_POC
CVE-2021-34523	SUPRAAA-1337/CVE-2021-34523	https://github.com/SUPRAAA-1337/CVE-2021-34523
CVE-2021-34527	DenizSe/CVE-2021-34527	https://github.com/DenizSe/CVE-2021-34527
CVE-2021-34527	JohnHammond/CVE-2021-34527	https://github.com/JohnHammond/CVE-2021-34527
CVE-2021-34527	twi1ight00/PrintNightmare	https://github.com/twi1ight00/PrintNightmare
CVE-2021-34527	nemo-wq/PrintNightmare-CVE-2021-34527	https://github.com/nemo-wq/PrintNightmare-CVE-2021-34527
CVE-2021-34527	rdboboia/disable-RegisterSpoolerRemoteRpcEndPoint	https://github.com/rdboboia/disable-RegisterSpoolerRemoteRpcEndPoint
CVE-2021-34527	geekbrett/CVE-2021-34527-PrintNightmare-Workaround	https://github.com/geekbrett/CVE-2021-34527-PrintNightmare-Workaround
CVE-2021-34527	byt3bl33d3r/ItWasAllADream	https://github.com/byt3bl33d3r/ItWasAllADream
CVE-2021-34527	vinaysudheer/Disable-Spooler-Service-PrintNightmare-CVE-2021-34527	https://github.com/vinaysudheer/Disable-Spooler-Service-PrintNightmare-CVE-2021-34527
CVE-2021-34527	powershellpr0mpt/PrintNightmare-CVE-2021-34527	https://github.com/powershellpr0mpt/PrintNightmare-CVE-2021-34527
CVE-2021-34527	WidespreadPandemic/CVE-2021-34527_ACL_mitigation	https://github.com/WidespreadPandemic/CVE-2021-34527_ACL_mitigation
CVE-2021-34527	glorisonlai/printnightmare	https://github.com/glorisonlai/printnightmare
CVE-2021-34527	dywhoami/CVE-2021-34527-Scanner-Based-On-cube0x0-POC	https://github.com/dywhoami/CVE-2021-34527-Scanner-Based-On-cube0x0-POC
CVE-2021-34527	Eutectico/Printnightmare	https://github.com/Eutectico/Printnightmare
CVE-2021-34527	syntaxbearror/PowerShell-PrintNightmare	https://github.com/syntaxbearror/PowerShell-PrintNightmare
CVE-2021-34527	0xirison/PrintNightmare-Patcher	https://github.com/0xirison/PrintNightmare-Patcher
CVE-2021-34527	fengjixuchui/CVE-2021-34527-1675	https://github.com/fengjixuchui/CVE-2021-34527-1675
CVE-2021-34527	Tomparte/PrintNightmare	https://github.com/Tomparte/PrintNightmare
CVE-2021-34527	Amaranese/CVE-2021-34527	https://github.com/Amaranese/CVE-2021-34527
CVE-2021-34527	cyb3rpeace/CVE-2021-34527	https://github.com/cyb3rpeace/CVE-2021-34527
CVE-2021-34527	m8sec/CVE-2021-34527	https://github.com/m8sec/CVE-2021-34527
CVE-2021-34527	hackerhouse-opensource/cve-2021-34527	https://github.com/hackerhouse-opensource/cve-2021-34527
CVE-2021-34527	d0rb/CVE-2021-34527	https://github.com/d0rb/CVE-2021-34527
CVE-2021-34527	TieuLong21Prosper/detect_bruteforce	https://github.com/TieuLong21Prosper/detect_bruteforce
CVE-2021-34527	Hirusha-N/CVE-2021-34527-CVE-2023-38831-and-CVE-2023-32784	https://github.com/Hirusha-N/CVE-2021-34527-CVE-2023-38831-and-CVE-2023-32784
CVE-2021-34527	AUSK1LL9/CVE-2021-34527	https://github.com/AUSK1LL9/CVE-2021-34527
CVE-2021-34527	AlDawli/CVE-2021-34527-	https://github.com/AlDawli/CVE-2021-34527-
CVE-2021-34527	KaritaMW/printnightmare-detection-mitigation-lab	https://github.com/KaritaMW/printnightmare-detection-mitigation-lab
CVE-2021-34527	joertx07/printnightmare-detection-lab	https://github.com/joertx07/printnightmare-detection-lab
CVE-2021-35211	NattiSamson/Serv-U-CVE-2021-35211	https://github.com/NattiSamson/Serv-U-CVE-2021-35211
CVE-2021-35211	0xhaggis/CVE-2021-35211	https://github.com/0xhaggis/CVE-2021-35211
CVE-2021-35211	BishopFox/CVE-2021-35211	https://github.com/BishopFox/CVE-2021-35211
CVE-2021-36934	HuskyHacks/ShadowSteal	https://github.com/HuskyHacks/ShadowSteal
CVE-2021-36934	JoranSlingerland/CVE-2021-36934	https://github.com/JoranSlingerland/CVE-2021-36934
CVE-2021-36934	n3tsurge/CVE-2021-36934	https://github.com/n3tsurge/CVE-2021-36934
CVE-2021-36934	Wh04m1001/VSSCopy	https://github.com/Wh04m1001/VSSCopy
CVE-2021-36934	WiredPulse/Invoke-HiveNightmare	https://github.com/WiredPulse/Invoke-HiveNightmare
CVE-2021-36934	romarroca/SeriousSam	https://github.com/romarroca/SeriousSam
CVE-2021-36934	WiredPulse/Invoke-HiveDreams	https://github.com/WiredPulse/Invoke-HiveDreams
CVE-2021-36934	tda90/CVE-2021-36934	https://github.com/tda90/CVE-2021-36934
CVE-2021-36934	VertigoRay/CVE-2021-36934	https://github.com/VertigoRay/CVE-2021-36934
CVE-2021-36934	bytesizedalex/CVE-2021-36934	https://github.com/bytesizedalex/CVE-2021-36934
CVE-2021-36934	Preventions/CVE-2021-36934	https://github.com/Preventions/CVE-2021-36934
CVE-2021-36934	Sp00kySkelet0n/PyNightmare	https://github.com/Sp00kySkelet0n/PyNightmare
CVE-2021-36934	jmaddington/Serious-Sam---CVE-2021-36934-Mitigation-for-Datto-RMM	https://github.com/jmaddington/Serious-Sam---CVE-2021-36934-Mitigation-for-Datto-RMM
CVE-2021-36934	0x0D1n/CVE-2021-36934	https://github.com/0x0D1n/CVE-2021-36934
CVE-2021-36934	exploitblizzard/CVE-2021-36934	https://github.com/exploitblizzard/CVE-2021-36934
CVE-2021-36934	irissentinel/CVE-2021-36934	https://github.com/irissentinel/CVE-2021-36934
CVE-2021-36934	websecnl/CVE-2021-36934	https://github.com/websecnl/CVE-2021-36934
CVE-2021-36934	grishinpv/poc_CVE-2021-36934	https://github.com/grishinpv/poc_CVE-2021-36934
CVE-2021-36934	shaktavist/SeriousSam	https://github.com/shaktavist/SeriousSam
CVE-2021-36934	OlivierLaflamme/CVE-2021-36934-export-shadow-volume-POC	https://github.com/OlivierLaflamme/CVE-2021-36934-export-shadow-volume-POC
CVE-2021-36934	chron1k/oxide_hive	https://github.com/chron1k/oxide_hive
CVE-2021-36934	P1rat3R00t/Why-so-Serious-SAM	https://github.com/P1rat3R00t/Why-so-Serious-SAM
CVE-2021-36934	d4yon/CVE-2021-36934-HiveNightmare-Lab	https://github.com/d4yon/CVE-2021-36934-HiveNightmare-Lab
CVE-2021-36934	DuyDuongDuyDuong/CVE-2021-36934-DLL-Hijacking-DFIR-Investigation	https://github.com/DuyDuongDuyDuong/CVE-2021-36934-DLL-Hijacking-DFIR-Investigation
CVE-2021-36955	JiaJinRong12138/CVE-2021-36955-EXP	https://github.com/JiaJinRong12138/CVE-2021-36955-EXP
CVE-2021-40449	ly4k/CallbackHell	https://github.com/ly4k/CallbackHell
CVE-2021-40449	KaLendsi/CVE-2021-40449-Exploit	https://github.com/KaLendsi/CVE-2021-40449-Exploit
CVE-2021-40449	hakivvi/CVE-2021-40449	https://github.com/hakivvi/CVE-2021-40449
CVE-2021-40449	Kristal-g/CVE-2021-40449_poc	https://github.com/Kristal-g/CVE-2021-40449_poc
CVE-2021-40449	CppXL/cve-2021-40449-poc	https://github.com/CppXL/cve-2021-40449-poc
CVE-2021-40449	BL0odz/CVE-2021-40449-NtGdiResetDC-UAF	https://github.com/BL0odz/CVE-2021-40449-NtGdiResetDC-UAF
CVE-2021-40449	SamuelTulach/voidmap	https://github.com/SamuelTulach/voidmap
CVE-2021-42278	safebuffer/sam-the-admin	https://github.com/safebuffer/sam-the-admin
CVE-2021-42278	Ridter/noPac	https://github.com/Ridter/noPac
CVE-2021-42278	waterrr/noPac	https://github.com/waterrr/noPac
CVE-2021-42278	ly4k/Pachine	https://github.com/ly4k/Pachine
CVE-2021-42278	cybersecurityworks553/noPac-detection	https://github.com/cybersecurityworks553/noPac-detection
CVE-2021-42278	xLTJ/noPac	https://github.com/xLTJ/noPac
CVE-2021-42287	cube0x0/noPac	https://github.com/cube0x0/noPac
CVE-2021-42287	ricardojba/Invoke-noPac	https://github.com/ricardojba/Invoke-noPac
CVE-2021-42287	knightswd/NoPacScan	https://github.com/knightswd/NoPacScan
CVE-2021-42287	XiaoliChan/Invoke-sAMSpoofing	https://github.com/XiaoliChan/Invoke-sAMSpoofing
CVE-2021-42287	TryA9ain/noPac	https://github.com/TryA9ain/noPac
CVE-2021-42287	DanielFEXKEX/CVE-Scanner	https://github.com/DanielFEXKEX/CVE-Scanner
CVE-2021-42287	Chrisync/CVE-Scanner	https://github.com/Chrisync/CVE-Scanner
CVE-2021-43226	Rosayxy/cve-2021-43226PoC	https://github.com/Rosayxy/cve-2021-43226PoC
CVE-2020-0041	bluefrostsecurity/CVE-2020-0041	https://github.com/bluefrostsecurity/CVE-2020-0041
CVE-2020-0041	j4nn/CVE-2020-0041	https://github.com/j4nn/CVE-2020-0041
CVE-2020-0041	koharin/CVE-2020-0041	https://github.com/koharin/CVE-2020-0041
CVE-2020-0041	vaginessa/CVE-2020-0041-Pixel-3a	https://github.com/vaginessa/CVE-2020-0041-Pixel-3a
CVE-2020-0041	jcalabres/root-exploit-pixel3	https://github.com/jcalabres/root-exploit-pixel3
CVE-2020-0069	R0rt1z2/AutomatedRoot	https://github.com/R0rt1z2/AutomatedRoot
CVE-2020-0069	TheRealJunior/mtk-su-reverse-cve-2020-0069	https://github.com/TheRealJunior/mtk-su-reverse-cve-2020-0069
CVE-2020-0069	quarkslab/CVE-2020-0069_poc	https://github.com/quarkslab/CVE-2020-0069_poc
CVE-2020-0069	0xf15h/mtk_su	https://github.com/0xf15h/mtk_su
CVE-2020-0683	padovah4ck/CVE-2020-0683	https://github.com/padovah4ck/CVE-2020-0683
CVE-2020-0787	cbwang505/CVE-2020-0787-EXP-ALL-WINDOWS-VERSION	https://github.com/cbwang505/CVE-2020-0787-EXP-ALL-WINDOWS-VERSION
CVE-2020-0787	yanghaoi/CVE-2020-0787	https://github.com/yanghaoi/CVE-2020-0787
CVE-2020-1054	0xeb-bp/cve-2020-1054	https://github.com/0xeb-bp/cve-2020-1054
CVE-2020-1054	Iamgublin/CVE-2020-1054	https://github.com/Iamgublin/CVE-2020-1054
CVE-2020-1054	KaLendsi/CVE-2020-1054	https://github.com/KaLendsi/CVE-2020-1054
CVE-2020-1054	Graham382/CVE-2020-1054	https://github.com/Graham382/CVE-2020-1054
CVE-2020-1472	Tobey123/CVE-2020-1472-visualizer	https://github.com/Tobey123/CVE-2020-1472-visualizer
CVE-2020-1472	bvcyber/CVE-2020-1472	https://github.com/bvcyber/CVE-2020-1472
CVE-2020-1472	cube0x0/CVE-2020-1472	https://github.com/cube0x0/CVE-2020-1472
CVE-2020-1472	dirkjanm/CVE-2020-1472	https://github.com/dirkjanm/CVE-2020-1472
CVE-2020-1472	VoidSec/CVE-2020-1472	https://github.com/VoidSec/CVE-2020-1472
CVE-2020-1472	risksense/zerologon	https://github.com/risksense/zerologon
CVE-2020-1472	bb00/zer0dump	https://github.com/bb00/zer0dump
CVE-2020-1472	0xkami/CVE-2020-1472	https://github.com/0xkami/CVE-2020-1472
CVE-2020-1472	NAXG/CVE-2020-1472	https://github.com/NAXG/CVE-2020-1472
CVE-2020-1472	thatonesecguy/zerologon-CVE-2020-1472	https://github.com/thatonesecguy/zerologon-CVE-2020-1472
CVE-2020-1472	k8gege/CVE-2020-1472-EXP	https://github.com/k8gege/CVE-2020-1472-EXP
CVE-2020-1472	jiushill/CVE-2020-1472	https://github.com/jiushill/CVE-2020-1472
CVE-2020-1472	McKinnonIT/zabbix-template-CVE-2020-1472	https://github.com/McKinnonIT/zabbix-template-CVE-2020-1472
CVE-2020-1472	mstxq17/cve-2020-1472	https://github.com/mstxq17/cve-2020-1472
CVE-2020-1472	Fa1c0n35/CVE-2020-1472	https://github.com/Fa1c0n35/CVE-2020-1472
CVE-2020-1472	Fa1c0n35/SecuraBV-CVE-2020-1472	https://github.com/Fa1c0n35/SecuraBV-CVE-2020-1472
CVE-2020-1472	CanciuCostin/CVE-2020-1472	https://github.com/CanciuCostin/CVE-2020-1472
CVE-2020-1472	0xcccc666/cve-2020-1472_Tool-collection	https://github.com/0xcccc666/cve-2020-1472_Tool-collection
CVE-2020-1472	murataydemir/CVE-2020-1472	https://github.com/murataydemir/CVE-2020-1472
CVE-2020-1472	npocmak/CVE-2020-1472	https://github.com/npocmak/CVE-2020-1472
CVE-2020-1472	FaFcFF41/CVE-2020-1472	https://github.com/FaFcFF41/CVE-2020-1472
CVE-2020-1472	zeronetworks/zerologon	https://github.com/zeronetworks/zerologon
CVE-2020-1472	sv3nbeast/CVE-2020-1472	https://github.com/sv3nbeast/CVE-2020-1472
CVE-2020-1472	midpipps/CVE-2020-1472-Easy	https://github.com/midpipps/CVE-2020-1472-Easy
CVE-2020-1472	hectorgie/CVE-2020-1472	https://github.com/hectorgie/CVE-2020-1472
CVE-2020-1472	johnpathe/zerologon-cve-2020-1472-notes	https://github.com/johnpathe/zerologon-cve-2020-1472-notes
CVE-2020-1472	t31m0/CVE-2020-1472	https://github.com/t31m0/CVE-2020-1472
CVE-2020-1472	grupooruss/CVE-2020-1472	https://github.com/grupooruss/CVE-2020-1472
CVE-2020-1472	striveben/CVE-2020-1472	https://github.com/striveben/CVE-2020-1472
CVE-2020-1472	Fa1c0n35/CVE-2020-1472-02-	https://github.com/Fa1c0n35/CVE-2020-1472-02-
CVE-2020-1472	Whippet0/CVE-2020-1472	https://github.com/Whippet0/CVE-2020-1472
CVE-2020-1472	WiIs0n/Zerologon_CVE-2020-1472	https://github.com/WiIs0n/Zerologon_CVE-2020-1472
CVE-2020-1472	Privia-Security/ADZero	https://github.com/Privia-Security/ADZero
CVE-2020-1472	Ken-Abruzzi/cve-2020-1472	https://github.com/Ken-Abruzzi/cve-2020-1472
CVE-2020-1472	rhymeswithmogul/Set-ZerologonMitigation	https://github.com/rhymeswithmogul/Set-ZerologonMitigation
CVE-2020-1472	shanfenglan/cve-2020-1472	https://github.com/shanfenglan/cve-2020-1472
CVE-2020-1472	maikelnight/zerologon	https://github.com/maikelnight/zerologon
CVE-2020-1472	CPO-EH/CVE-2020-1472_ZeroLogonChecker	https://github.com/CPO-EH/CVE-2020-1472_ZeroLogonChecker
CVE-2020-1472	puckiestyle/CVE-2020-1472	https://github.com/puckiestyle/CVE-2020-1472
CVE-2020-1472	mingchen-script/CVE-2020-1472-visualizer	https://github.com/mingchen-script/CVE-2020-1472-visualizer
CVE-2020-1472	JayP232/The_big_Zero	https://github.com/JayP232/The_big_Zero
CVE-2020-1472	b1ack0wl/CVE-2020-1472	https://github.com/b1ack0wl/CVE-2020-1472
CVE-2020-1472	SaharAttackit/CVE-2020-1472	https://github.com/SaharAttackit/CVE-2020-1472
CVE-2020-1472	wrathfulDiety/zerologon	https://github.com/wrathfulDiety/zerologon
CVE-2020-1472	YossiSassi/ZeroLogon-Exploitation-Check	https://github.com/YossiSassi/ZeroLogon-Exploitation-Check
CVE-2020-1472	sho-luv/zerologon	https://github.com/sho-luv/zerologon
CVE-2020-1472	hell-moon/ZeroLogon-Exploit	https://github.com/hell-moon/ZeroLogon-Exploit
CVE-2020-1472	Udyz/Zerologon	https://github.com/Udyz/Zerologon
CVE-2020-1472	itssmikefm/CVE-2020-1472	https://github.com/itssmikefm/CVE-2020-1472
CVE-2020-1472	B34MR/zeroscan	https://github.com/B34MR/zeroscan
CVE-2020-1472	TheJoyOfHacking/SecuraBV-CVE-2020-1472	https://github.com/TheJoyOfHacking/SecuraBV-CVE-2020-1472
CVE-2020-1472	TheJoyOfHacking/dirkjanm-CVE-2020-1472	https://github.com/TheJoyOfHacking/dirkjanm-CVE-2020-1472
CVE-2020-1472	Anonymous-Family/Zero-day-scanning	https://github.com/Anonymous-Family/Zero-day-scanning
CVE-2020-1472	Anonymous-Family/CVE-2020-1472	https://github.com/Anonymous-Family/CVE-2020-1472
CVE-2020-1472	carlos55ml/zerologon	https://github.com/carlos55ml/zerologon
CVE-2020-1472	Rvn0xsy/ZeroLogon	https://github.com/Rvn0xsy/ZeroLogon
CVE-2020-1472	guglia001/MassZeroLogon	https://github.com/guglia001/MassZeroLogon
CVE-2020-1472	likeww/MassZeroLogon	https://github.com/likeww/MassZeroLogon
CVE-2020-1472	dr4g0n23/CVE-2020-1472	https://github.com/dr4g0n23/CVE-2020-1472
CVE-2020-1472	Akash7350/CVE-2020-1472	https://github.com/Akash7350/CVE-2020-1472
CVE-2020-1472	c3rrberu5/ZeroLogon-to-Shell	https://github.com/c3rrberu5/ZeroLogon-to-Shell
CVE-2020-1472	logg-1/0logon	https://github.com/logg-1/0logon
CVE-2020-1472	whoami-chmod777/Zerologon-Attack-CVE-2020-1472-POC	https://github.com/whoami-chmod777/Zerologon-Attack-CVE-2020-1472-POC
CVE-2020-1472	metehangelgi/CVE-2020-1472-LAB	https://github.com/metehangelgi/CVE-2020-1472-LAB
CVE-2020-1472	JolynNgSC/Zerologon_CVE-2020-1472	https://github.com/JolynNgSC/Zerologon_CVE-2020-1472
CVE-2020-1472	blackh00d/zerologon-poc	https://github.com/blackh00d/zerologon-poc
CVE-2020-1472	TuanCui22/ZerologonWithImpacket-CVE2020-1472	https://github.com/TuanCui22/ZerologonWithImpacket-CVE2020-1472
CVE-2020-1472	PakwanSK/Simulating-and-preventing-Zerologon-CVE-2020-1472-vulnerability-attacks.	https://github.com/PakwanSK/Simulating-and-preventing-Zerologon-CVE-2020-1472-vulnerability-attacks.
CVE-2020-1472	tdevworks/CVE-2020-1472-ZeroLogon-Demo-Detection-Mitigation	https://github.com/tdevworks/CVE-2020-1472-ZeroLogon-Demo-Detection-Mitigation
CVE-2020-1472	100HnoMeuNome/ZeroLogon-CVE-2020-1472-lab	https://github.com/100HnoMeuNome/ZeroLogon-CVE-2020-1472-lab
CVE-2020-1472	nyambiblaise/Domain-Controller-DC-Exploitation-with-Metasploit-Impacket	https://github.com/nyambiblaise/Domain-Controller-DC-Exploitation-with-Metasploit-Impacket
CVE-2020-1472	mods20hh/ZeroLogon-PoC-DC-Pwn	https://github.com/mods20hh/ZeroLogon-PoC-DC-Pwn
CVE-2020-1472	commit2main/zerologon-lab	https://github.com/commit2main/zerologon-lab
CVE-2020-1472	abdullah50i/internal-penetration-testing-project-using-Metasploit	https://github.com/abdullah50i/internal-penetration-testing-project-using-Metasploit
CVE-2020-1472	ckq7703/CVE-2020-1472	https://github.com/ckq7703/CVE-2020-1472
CVE-2020-3153	shubham0d/CVE-2020-3153	https://github.com/shubham0d/CVE-2020-3153
CVE-2020-3153	raspberry-pie/CVE-2020-3153	https://github.com/raspberry-pie/CVE-2020-3153
CVE-2020-3153	goichot/CVE-2020-3153	https://github.com/goichot/CVE-2020-3153
CVE-2020-3433	goichot/CVE-2020-3433	https://github.com/goichot/CVE-2020-3433
CVE-2020-14883	murataydemir/CVE-2020-14883	https://github.com/murataydemir/CVE-2020-14883
CVE-2020-14883	B1anda0/CVE-2020-14883	https://github.com/B1anda0/CVE-2020-14883
CVE-2020-14883	fan1029/CVE-2020-14883EXP	https://github.com/fan1029/CVE-2020-14883EXP
CVE-2020-14883	Osyanina/westone-CVE-2020-14883-scanner	https://github.com/Osyanina/westone-CVE-2020-14883-scanner
CVE-2020-14883	1n7erface/PocList	https://github.com/1n7erface/PocList
CVE-2020-14883	amacloudobia/CVE-2020-14883	https://github.com/amacloudobia/CVE-2020-14883
CVE-2020-17087	revengsh/CVE-2020-17087	https://github.com/revengsh/CVE-2020-17087
CVE-2020-17087	ykg88/OHTS_IE6052-CVE-2020-17087	https://github.com/ykg88/OHTS_IE6052-CVE-2020-17087
CVE-2020-17087	raiden757/CVE-2020-17087	https://github.com/raiden757/CVE-2020-17087
CVE-2019-0211	ozkanbilge/Apache-Exploit-2019	https://github.com/ozkanbilge/Apache-Exploit-2019
CVE-2019-0211	Jeanback1/CVE-2019-0211-exploit	https://github.com/Jeanback1/CVE-2019-0211-exploit
CVE-2019-0803	Iamgublin/CVE-2019-0803	https://github.com/Iamgublin/CVE-2019-0803
CVE-2019-0803	ExpLife0011/CVE-2019-0803	https://github.com/ExpLife0011/CVE-2019-0803
CVE-2019-0808	ze0r/cve-2019-0808-poc	https://github.com/ze0r/cve-2019-0808-poc
CVE-2019-0808	rakesh143/CVE-2019-0808	https://github.com/rakesh143/CVE-2019-0808
CVE-2019-0808	exodusintel/CVE-2019-0808	https://github.com/exodusintel/CVE-2019-0808
CVE-2019-0841	rogue-kdc/CVE-2019-0841	https://github.com/rogue-kdc/CVE-2019-0841
CVE-2019-0841	likekabin/CVE-2019-0841	https://github.com/likekabin/CVE-2019-0841
CVE-2019-0841	0x00-0x00/CVE-2019-0841-BYPASS	https://github.com/0x00-0x00/CVE-2019-0841-BYPASS
CVE-2019-0841	mappl3/CVE-2019-0841	https://github.com/mappl3/CVE-2019-0841
CVE-2019-0859	Sheisback/CVE-2019-0859-1day-Exploit	https://github.com/Sheisback/CVE-2019-0859-1day-Exploit
CVE-2019-1064	RythmStick/CVE-2019-1064	https://github.com/RythmStick/CVE-2019-1064
CVE-2019-1064	0x00-0x00/CVE-2019-1064	https://github.com/0x00-0x00/CVE-2019-1064
CVE-2019-1064	attackgithub/CVE-2019-1064	https://github.com/attackgithub/CVE-2019-1064
CVE-2019-1069	S3cur3Th1sSh1t/SharpPolarBear	https://github.com/S3cur3Th1sSh1t/SharpPolarBear
CVE-2019-1132	Vlad-tri/CVE-2019-1132	https://github.com/Vlad-tri/CVE-2019-1132
CVE-2019-1132	petercc/CVE-2019-1132	https://github.com/petercc/CVE-2019-1132
CVE-2019-1215	bluefrostsecurity/CVE-2019-1215	https://github.com/bluefrostsecurity/CVE-2019-1215
CVE-2019-1253	rogue-kdc/CVE-2019-1253	https://github.com/rogue-kdc/CVE-2019-1253
CVE-2019-1253	likekabin/CVE-2019-1253	https://github.com/likekabin/CVE-2019-1253
CVE-2019-1253	padovah4ck/CVE-2019-1253	https://github.com/padovah4ck/CVE-2019-1253
CVE-2019-1253	sgabe/CVE-2019-1253	https://github.com/sgabe/CVE-2019-1253
CVE-2019-1315	Mayter/CVE-2019-1315	https://github.com/Mayter/CVE-2019-1315
CVE-2019-1388	jas502n/CVE-2019-1388	https://github.com/jas502n/CVE-2019-1388
CVE-2019-1388	jaychouzzk/CVE-2019-1388	https://github.com/jaychouzzk/CVE-2019-1388
CVE-2019-1388	sv3nbeast/CVE-2019-1388	https://github.com/sv3nbeast/CVE-2019-1388
CVE-2019-1388	nobodyatall648/CVE-2019-1388	https://github.com/nobodyatall648/CVE-2019-1388
CVE-2019-1388	suprise4u/CVE-2019-1388	https://github.com/suprise4u/CVE-2019-1388
CVE-2019-1388	Tafloh/CVE-2019-1388-Privilege-Escalation--2021-	https://github.com/Tafloh/CVE-2019-1388-Privilege-Escalation--2021-
CVE-2019-1405	apt69/COMahawk	https://github.com/apt69/COMahawk
CVE-2019-1458	piotrflorczyk/cve-2019-1458_POC	https://github.com/piotrflorczyk/cve-2019-1458_POC
CVE-2019-1458	rip1s/CVE-2019-1458	https://github.com/rip1s/CVE-2019-1458
CVE-2019-2215	timwr/CVE-2019-2215	https://github.com/timwr/CVE-2019-2215
CVE-2019-2215	kangtastic/cve-2019-2215	https://github.com/kangtastic/cve-2019-2215
CVE-2019-2215	ATorNinja/CVE-2019-2215	https://github.com/ATorNinja/CVE-2019-2215
CVE-2019-2215	LIznzn/CVE-2019-2215	https://github.com/LIznzn/CVE-2019-2215
CVE-2019-2215	DimitriFourny/cve-2019-2215	https://github.com/DimitriFourny/cve-2019-2215
CVE-2019-2215	codecat007/CVE-2019-2215	https://github.com/codecat007/CVE-2019-2215
CVE-2019-2215	qre0ct/android-kernel-exploitation-ashfaq-CVE-2019-2215	https://github.com/qre0ct/android-kernel-exploitation-ashfaq-CVE-2019-2215
CVE-2019-2215	sharif-dev/AndroidKernelVulnerability	https://github.com/sharif-dev/AndroidKernelVulnerability
CVE-2019-2215	c3r34lk1ll3r/CVE-2019-2215	https://github.com/c3r34lk1ll3r/CVE-2019-2215
CVE-2019-2215	Byte-Master-101/CVE-2019-2215	https://github.com/Byte-Master-101/CVE-2019-2215
CVE-2019-2215	mufidmb38/CVE-2019-2215	https://github.com/mufidmb38/CVE-2019-2215
CVE-2019-2215	nicchongwb/Rootsmart-v2.0	https://github.com/nicchongwb/Rootsmart-v2.0
CVE-2019-2215	CrackerCat/Rootsmart-v2.0	https://github.com/CrackerCat/Rootsmart-v2.0
CVE-2019-2215	Enceka/cve-2019-2215-3.18	https://github.com/Enceka/cve-2019-2215-3.18
CVE-2019-2215	elbiazo/CVE-2019-2215	https://github.com/elbiazo/CVE-2019-2215
CVE-2019-2215	stevejubx/CVE-2019-2215	https://github.com/stevejubx/CVE-2019-2215
CVE-2019-2215	willboka/CVE-2019-2215-HuaweiP20Lite	https://github.com/willboka/CVE-2019-2215-HuaweiP20Lite
CVE-2019-2215	mutur4/CVE-2019-2215	https://github.com/mutur4/CVE-2019-2215
CVE-2019-2215	R0rt1z2/huawei-unlock	https://github.com/R0rt1z2/huawei-unlock
CVE-2019-2215	raymontag/CVE-2019-2215	https://github.com/raymontag/CVE-2019-2215
CVE-2019-2215	XiaozaYa/CVE-2019-2215	https://github.com/XiaozaYa/CVE-2019-2215
CVE-2019-2215	llccd/TempRoot-Huawei	https://github.com/llccd/TempRoot-Huawei
CVE-2019-2215	0xbinder/android-kernel-exploitation-lab	https://github.com/0xbinder/android-kernel-exploitation-lab
CVE-2019-2215	mouseos/cve-2019-2215_SH-M08	https://github.com/mouseos/cve-2019-2215_SH-M08
CVE-2019-2215	i-redbyte/android-badbinder-demo	https://github.com/i-redbyte/android-badbinder-demo
CVE-2019-2215	wired0ut/CVE-2019-2215	https://github.com/wired0ut/CVE-2019-2215
CVE-2019-2215	mythicaltree/CVE-2019-2215	https://github.com/mythicaltree/CVE-2019-2215
CVE-2019-2215	flipphoneguy/root-sonim-xp3800	https://github.com/flipphoneguy/root-sonim-xp3800
CVE-2019-2215	NESTle19/CVE-2019-2215	https://github.com/NESTle19/CVE-2019-2215
CVE-2019-2215	0xbinder/CVE_2019_2215	https://github.com/0xbinder/CVE_2019_2215
CVE-2019-2215	Begitdj/cve-2019-2215-markw	https://github.com/Begitdj/cve-2019-2215-markw
CVE-2019-2215	saaedimam/sony-bravia-root-toolkit	https://github.com/saaedimam/sony-bravia-root-toolkit
CVE-2019-13272	jas502n/CVE-2019-13272	https://github.com/jas502n/CVE-2019-13272
CVE-2019-13272	Cyc1eC/CVE-2019-13272	https://github.com/Cyc1eC/CVE-2019-13272
CVE-2019-13272	bigbigliang-malwarebenchmark/cve-2019-13272	https://github.com/bigbigliang-malwarebenchmark/cve-2019-13272
CVE-2019-13272	oneoy/CVE-2019-13272	https://github.com/oneoy/CVE-2019-13272
CVE-2019-13272	polosec/CVE-2019-13272	https://github.com/polosec/CVE-2019-13272
CVE-2019-13272	sumedhaDharmasena/-Kernel-ptrace-c-mishandles-vulnerability-CVE-2019-13272	https://github.com/sumedhaDharmasena/-Kernel-ptrace-c-mishandles-vulnerability-CVE-2019-13272
CVE-2019-13272	Tharana/Exploiting-a-Linux-kernel-vulnerability	https://github.com/Tharana/Exploiting-a-Linux-kernel-vulnerability
CVE-2019-13272	RashmikaEkanayake/Privilege-Escalation-CVE-2019-13272-	https://github.com/RashmikaEkanayake/Privilege-Escalation-CVE-2019-13272-
CVE-2019-13272	Tharana/vulnerability-exploitation	https://github.com/Tharana/vulnerability-exploitation
CVE-2019-13272	teddy47/CVE-2019-13272---Documentation	https://github.com/teddy47/CVE-2019-13272---Documentation
CVE-2019-13272	datntsec/CVE-2019-13272	https://github.com/datntsec/CVE-2019-13272
CVE-2019-13272	jana30116/CVE-2019-13272-Local-Privilege-Escalation	https://github.com/jana30116/CVE-2019-13272-Local-Privilege-Escalation
CVE-2019-13272	babyshen/CVE-2019-13272	https://github.com/babyshen/CVE-2019-13272
CVE-2019-13272	GgKendall/secureCodingDemo	https://github.com/GgKendall/secureCodingDemo
CVE-2019-13272	asepsaepdin/CVE-2019-13272	https://github.com/asepsaepdin/CVE-2019-13272
CVE-2019-13272	MDS1GNAL/ptrace_scope-CVE-2019-13272-privilege-escalation	https://github.com/MDS1GNAL/ptrace_scope-CVE-2019-13272-privilege-escalation
CVE-2019-13272	josemlwdf/CVE-2019-13272	https://github.com/josemlwdf/CVE-2019-13272
CVE-2019-13272	Chinmay1743/ptrace-vuln	https://github.com/Chinmay1743/ptrace-vuln
CVE-2019-13272	letsr00t/CVE-2019-13272	https://github.com/letsr00t/CVE-2019-13272
CVE-2018-8120	bigric3/cve-2018-8120	https://github.com/bigric3/cve-2018-8120
CVE-2018-8120	rip1s/CVE-2018-8120	https://github.com/rip1s/CVE-2018-8120
CVE-2018-8120	ne1llee/cve-2018-8120	https://github.com/ne1llee/cve-2018-8120
CVE-2018-8120	alpha1ab/CVE-2018-8120	https://github.com/alpha1ab/CVE-2018-8120
CVE-2018-8120	EVOL4/CVE-2018-8120	https://github.com/EVOL4/CVE-2018-8120
CVE-2018-8120	ozkanbilge/CVE-2018-8120	https://github.com/ozkanbilge/CVE-2018-8120
CVE-2018-8120	qiantu88/CVE-2018-8120	https://github.com/qiantu88/CVE-2018-8120
CVE-2018-8120	Y0n0Y/cve-2018-8120-exp	https://github.com/Y0n0Y/cve-2018-8120-exp
CVE-2018-8120	StartZYP/CVE-2018-8120	https://github.com/StartZYP/CVE-2018-8120
CVE-2018-8120	wikiZ/cve-2018-8120	https://github.com/wikiZ/cve-2018-8120
CVE-2018-8440	sourceincite/CVE-2018-8440	https://github.com/sourceincite/CVE-2018-8440
CVE-2018-8453	Mkv4/cve-2018-8453-exp	https://github.com/Mkv4/cve-2018-8453-exp
CVE-2018-8453	ze0r/cve-2018-8453-exp	https://github.com/ze0r/cve-2018-8453-exp
CVE-2018-8453	thepwnrip/leHACK-Analysis-of-CVE-2018-8453	https://github.com/thepwnrip/leHACK-Analysis-of-CVE-2018-8453
CVE-2018-8581	WyAtu/CVE-2018-8581	https://github.com/WyAtu/CVE-2018-8581
CVE-2018-8581	qiantu88/CVE-2018-8581	https://github.com/qiantu88/CVE-2018-8581
CVE-2018-8581	Ridter/Exchange2domain	https://github.com/Ridter/Exchange2domain
CVE-2018-8611	lsw29475/CVE-2018-8611	https://github.com/lsw29475/CVE-2018-8611
CVE-2018-8611	ahm3dgg/cve-2018-8611	https://github.com/ahm3dgg/cve-2018-8611
CVE-2018-8639	ze0r/CVE-2018-8639-exp	https://github.com/ze0r/CVE-2018-8639-exp
CVE-2018-8639	timwhitez/CVE-2018-8639-EXP	https://github.com/timwhitez/CVE-2018-8639-EXP
CVE-2018-14634	luan0ap/cve-2018-14634	https://github.com/luan0ap/cve-2018-14634
CVE-2018-15133	kozmic/laravel-poc-CVE-2018-15133	https://github.com/kozmic/laravel-poc-CVE-2018-15133
CVE-2018-15133	Bilelxdz/Laravel-CVE-2018-15133	https://github.com/Bilelxdz/Laravel-CVE-2018-15133
CVE-2018-15133	Prabesh01/Laravel-PHP-Unit-RCE-Auto-shell-uploader	https://github.com/Prabesh01/Laravel-PHP-Unit-RCE-Auto-shell-uploader
CVE-2018-15133	bukitbarisan/laravel-rce-cve-2018-15133	https://github.com/bukitbarisan/laravel-rce-cve-2018-15133
CVE-2018-15133	AlienX2001/better-poc-for-CVE-2018-15133	https://github.com/AlienX2001/better-poc-for-CVE-2018-15133
CVE-2018-15133	aljavier/exploit_laravel_cve-2018-15133	https://github.com/aljavier/exploit_laravel_cve-2018-15133
CVE-2018-15133	pwnedshell/Larascript	https://github.com/pwnedshell/Larascript
CVE-2018-15133	AzhariKun/CVE-2018-15133	https://github.com/AzhariKun/CVE-2018-15133
CVE-2018-15133	NatteeSetobol/CVE-2018-15133-Lavel-Expliot	https://github.com/NatteeSetobol/CVE-2018-15133-Lavel-Expliot
CVE-2018-15133	Cr4zyD14m0nd137/Lab-for-cve-2018-15133	https://github.com/Cr4zyD14m0nd137/Lab-for-cve-2018-15133
CVE-2018-15133	0xSalle/cve-2018-15133	https://github.com/0xSalle/cve-2018-15133
CVE-2018-15133	yeahhbean/Laravel-CVE-2018-15133	https://github.com/yeahhbean/Laravel-CVE-2018-15133
CVE-2018-15133	Loaxert/CVE-2018-15133-PoC	https://github.com/Loaxert/CVE-2018-15133-PoC
CVE-2018-15133	flame-11/CVE-2018-15133-laravel-framework	https://github.com/flame-11/CVE-2018-15133-laravel-framework
CVE-2018-19321	nanabingies/Driver-RW	https://github.com/nanabingies/Driver-RW
CVE-2018-19321	nanabingies/CVE-2018-19321	https://github.com/nanabingies/CVE-2018-19321
CVE-2018-19410	himash/CVE-2018-19410-POC	https://github.com/himash/CVE-2018-19410-POC
CVE-2017-0005	sheri31/0005poc	https://github.com/sheri31/0005poc
CVE-2017-0213	shaheemirza/CVE-2017-0213-	https://github.com/shaheemirza/CVE-2017-0213-
CVE-2017-0213	zcgonvh/CVE-2017-0213	https://github.com/zcgonvh/CVE-2017-0213
CVE-2017-0213	billa3283/CVE-2017-0213	https://github.com/billa3283/CVE-2017-0213
CVE-2017-0213	jbooz1/CVE-2017-0213	https://github.com/jbooz1/CVE-2017-0213
CVE-2017-0213	eonrickity/CVE-2017-0213	https://github.com/eonrickity/CVE-2017-0213
CVE-2017-0213	Anonymous-Family/CVE-2017-0213	https://github.com/Anonymous-Family/CVE-2017-0213
CVE-2017-0263	R06otMD5/cve-2017-0263-poc	https://github.com/R06otMD5/cve-2017-0263-poc
CVE-2017-3881	artkond/cisco-rce	https://github.com/artkond/cisco-rce
CVE-2017-3881	homjxi0e/CVE-2017-3881-exploit-cisco-	https://github.com/homjxi0e/CVE-2017-3881-exploit-cisco-
CVE-2017-3881	homjxi0e/CVE-2017-3881-Cisco	https://github.com/homjxi0e/CVE-2017-3881-Cisco
CVE-2017-3881	mzakyz666/PoC-CVE-2017-3881	https://github.com/mzakyz666/PoC-CVE-2017-3881
CVE-2017-3881	1337g/CVE-2017-3881	https://github.com/1337g/CVE-2017-3881
CVE-2017-5689	CerberusSecurity/CVE-2017-5689	https://github.com/CerberusSecurity/CVE-2017-5689
CVE-2017-5689	Bijaye/intel_amt_bypass	https://github.com/Bijaye/intel_amt_bypass
CVE-2017-5689	MlSebrell/amthoneypot	https://github.com/MlSebrell/amthoneypot
CVE-2017-5689	embedi/amt_auth_bypass_poc	https://github.com/embedi/amt_auth_bypass_poc
CVE-2017-5689	TheWay-hue/CVE-2017-5689-Checker	https://github.com/TheWay-hue/CVE-2017-5689-Checker
CVE-2017-7921	JrDw0/CVE-2017-7921-EXP	https://github.com/JrDw0/CVE-2017-7921-EXP
CVE-2017-7921	BurnyMcDull/CVE-2017-7921	https://github.com/BurnyMcDull/CVE-2017-7921
CVE-2017-7921	MisakaMikato/cve-2017-7921-golang	https://github.com/MisakaMikato/cve-2017-7921-golang
CVE-2017-7921	chrisjd20/hikvision_CVE-2017-7921_auth_bypass_config_decryptor	https://github.com/chrisjd20/hikvision_CVE-2017-7921_auth_bypass_config_decryptor
CVE-2017-7921	p4tq/hikvision_CVE-2017-7921_auth_bypass_config_decryptor	https://github.com/p4tq/hikvision_CVE-2017-7921_auth_bypass_config_decryptor
CVE-2017-7921	alkaid176/CVE-2017-7921	https://github.com/alkaid176/CVE-2017-7921
CVE-2017-7921	inj3ction/CVE-2017-7921-EXP	https://github.com/inj3ction/CVE-2017-7921-EXP
CVE-2017-7921	krypton612/hikivision	https://github.com/krypton612/hikivision
CVE-2017-7921	K3ysTr0K3R/CVE-2017-7921-EXPLOIT	https://github.com/K3ysTr0K3R/CVE-2017-7921-EXPLOIT
CVE-2017-7921	blacksheepstudio/CVE-2017-7921-EXP	https://github.com/blacksheepstudio/CVE-2017-7921-EXP
CVE-2017-7921	AnonkiGroup/AnonHik	https://github.com/AnonkiGroup/AnonHik
CVE-2017-7921	b3pwn3d/CVE-2017-7921	https://github.com/b3pwn3d/CVE-2017-7921
CVE-2017-7921	kooroshsanaei/HikVision-CVE-2017-7921	https://github.com/kooroshsanaei/HikVision-CVE-2017-7921
CVE-2017-7921	aengussong/hikvision_probe	https://github.com/aengussong/hikvision_probe
CVE-2017-7921	GabrielAvls/CVE-2017-7921	https://github.com/GabrielAvls/CVE-2017-7921
CVE-2017-7921	lastvocher/Hikvision-CVE-2017-7921-decryptor	https://github.com/lastvocher/Hikvision-CVE-2017-7921-decryptor
CVE-2017-7921	voidsshadows/Hikvision-City-Hunter	https://github.com/voidsshadows/Hikvision-City-Hunter
CVE-2017-7921	0xf3d0rq/CVE-2017-7921	https://github.com/0xf3d0rq/CVE-2017-7921
CVE-2017-7921	saaydmr/hikvision-exploiter	https://github.com/saaydmr/hikvision-exploiter
CVE-2017-7921	Wyl-cmd/CVE-2017-7921-Research-Toolkit	https://github.com/Wyl-cmd/CVE-2017-7921-Research-Toolkit
CVE-2017-7921	mverschu/CVE-2017-7921	https://github.com/mverschu/CVE-2017-7921
CVE-2017-7921	KelvinWin10/CVE-2017-7921-rewrite	https://github.com/KelvinWin10/CVE-2017-7921-rewrite
CVE-2017-7921	MK-ULTRA-project-monarch/CVE-2017-7921-Writeup-2026	https://github.com/MK-ULTRA-project-monarch/CVE-2017-7921-Writeup-2026
CVE-2017-7921	xjghnxhlh/hikihack	https://github.com/xjghnxhlh/hikihack
CVE-2015-2291	Tare05/Intel-CVE-2015-2291	https://github.com/Tare05/Intel-CVE-2015-2291
CVE-2015-2291	gmh5225/CVE-2015-2291	https://github.com/gmh5225/CVE-2015-2291
CVE-2015-2291	ethanedits/iqvw64e-privilege-escalation	https://github.com/ethanedits/iqvw64e-privilege-escalation
CVE-2016-0040	Rootkitsmm-zz/cve-2016-0040	https://github.com/Rootkitsmm-zz/cve-2016-0040
CVE-2016-0040	de7ec7ed/CVE-2016-0040	https://github.com/de7ec7ed/CVE-2016-0040
CVE-2016-0099	zcgonvh/MS16-032	https://github.com/zcgonvh/MS16-032
CVE-2016-3309	siberas/CVE-2016-3309_Reloaded	https://github.com/siberas/CVE-2016-3309_Reloaded
CVE-2016-5195	ASRTeam/CVE-2016-5195	https://github.com/ASRTeam/CVE-2016-5195
CVE-2016-5195	timwr/CVE-2016-5195	https://github.com/timwr/CVE-2016-5195
CVE-2016-5195	xlucas/dirtycow.cr	https://github.com/xlucas/dirtycow.cr
CVE-2016-5195	istenrot/centos-dirty-cow-ansible	https://github.com/istenrot/centos-dirty-cow-ansible
CVE-2016-5195	pgporada/ansible-role-cve	https://github.com/pgporada/ansible-role-cve
CVE-2016-5195	sideeffect42/DirtyCOWTester	https://github.com/sideeffect42/DirtyCOWTester
CVE-2016-5195	scumjr/dirtycow-vdso	https://github.com/scumjr/dirtycow-vdso
CVE-2016-5195	gbonacini/CVE-2016-5195	https://github.com/gbonacini/CVE-2016-5195
CVE-2016-5195	DavidBuchanan314/cowroot	https://github.com/DavidBuchanan314/cowroot
CVE-2016-5195	aishee/scan-dirtycow	https://github.com/aishee/scan-dirtycow
CVE-2016-5195	oleg-fiksel/ansible_CVE-2016-5195_check	https://github.com/oleg-fiksel/ansible_CVE-2016-5195_check
CVE-2016-5195	ldenevi/CVE-2016-5195	https://github.com/ldenevi/CVE-2016-5195
CVE-2016-5195	whu-enjoy/CVE-2016-5195	https://github.com/whu-enjoy/CVE-2016-5195
CVE-2016-5195	firefart/dirtycow	https://github.com/firefart/dirtycow
CVE-2016-5195	ndobson/inspec_CVE-2016-5195	https://github.com/ndobson/inspec_CVE-2016-5195
CVE-2016-5195	sribaba/android-CVE-2016-5195	https://github.com/sribaba/android-CVE-2016-5195
CVE-2016-5195	esc0rtd3w/org.cowpoop.moooooo	https://github.com/esc0rtd3w/org.cowpoop.moooooo
CVE-2016-5195	hyln9/VIKIROOT	https://github.com/hyln9/VIKIROOT
CVE-2016-5195	droidvoider/dirtycow-replacer	https://github.com/droidvoider/dirtycow-replacer
CVE-2016-5195	FloridSleeves/os-experiment-4	https://github.com/FloridSleeves/os-experiment-4
CVE-2016-5195	arbll/dirtycow	https://github.com/arbll/dirtycow
CVE-2016-5195	titanhp/Dirty-COW-CVE-2016-5195-Testing	https://github.com/titanhp/Dirty-COW-CVE-2016-5195-Testing
CVE-2016-5195	acidburnmi/CVE-2016-5195-master	https://github.com/acidburnmi/CVE-2016-5195-master
CVE-2016-5195	xpcmdshell/derpyc0w	https://github.com/xpcmdshell/derpyc0w
CVE-2016-5195	Brucetg/DirtyCow-EXP	https://github.com/Brucetg/DirtyCow-EXP
CVE-2016-5195	jas502n/CVE-2016-5195	https://github.com/jas502n/CVE-2016-5195
CVE-2016-5195	imust6226/dirtcow	https://github.com/imust6226/dirtcow
CVE-2016-5195	zakariamaaraki/Dirty-COW-CVE-2016-5195-	https://github.com/zakariamaaraki/Dirty-COW-CVE-2016-5195-
CVE-2016-5195	shanuka-ashen/Dirty-Cow-Explanation-CVE-2016-5195-	https://github.com/shanuka-ashen/Dirty-Cow-Explanation-CVE-2016-5195-
CVE-2016-5195	dulanjaya23/Dirty-Cow-CVE-2016-5195-	https://github.com/dulanjaya23/Dirty-Cow-CVE-2016-5195-
CVE-2016-5195	KaviDk/dirtyCow	https://github.com/KaviDk/dirtyCow
CVE-2016-5195	DanielEbert/CVE-2016-5195	https://github.com/DanielEbert/CVE-2016-5195
CVE-2016-5195	arttnba3/CVE-2016-5195	https://github.com/arttnba3/CVE-2016-5195
CVE-2016-5195	talsim/root-dirtyc0w	https://github.com/talsim/root-dirtyc0w
CVE-2016-5195	KasunPriyashan/Y2S1-Project-Linux-Exploitaion-using-CVE-2016-5195-Vulnerability	https://github.com/KasunPriyashan/Y2S1-Project-Linux-Exploitaion-using-CVE-2016-5195-Vulnerability
CVE-2016-5195	th3-5had0w/DirtyCOW-PoC	https://github.com/th3-5had0w/DirtyCOW-PoC
CVE-2016-5195	r1is/CVE-2022-0847	https://github.com/r1is/CVE-2022-0847
CVE-2016-5195	TotallyNotAHaxxer/CVE-2016-5195	https://github.com/TotallyNotAHaxxer/CVE-2016-5195
CVE-2016-5195	passionchenjianyegmail8/scumjrs	https://github.com/passionchenjianyegmail8/scumjrs
CVE-2016-5195	malinthag62/The-exploitation-of-Dirty-Cow-CVE-2016-5195	https://github.com/malinthag62/The-exploitation-of-Dirty-Cow-CVE-2016-5195
CVE-2016-5195	fei9747/CVE-2016-5195	https://github.com/fei9747/CVE-2016-5195
CVE-2016-5195	LinuxKernelContent/DirtyCow	https://github.com/LinuxKernelContent/DirtyCow
CVE-2016-5195	h1n4mx0z/Research-CVE-2016-5195	https://github.com/h1n4mx0z/Research-CVE-2016-5195
CVE-2016-5195	EDLLT/CVE-2016-5195-master	https://github.com/EDLLT/CVE-2016-5195-master
CVE-2016-5195	ZhiQiAnSecFork/DirtyCOW_CVE-2016-5195	https://github.com/ZhiQiAnSecFork/DirtyCOW_CVE-2016-5195
CVE-2016-5195	sakilahamed/Linux-Kernel-Exploit-LAB	https://github.com/sakilahamed/Linux-Kernel-Exploit-LAB
CVE-2016-5195	ASUKA39/CVE-2016-5195	https://github.com/ASUKA39/CVE-2016-5195
CVE-2016-5195	LiEnby/PSSRoot	https://github.com/LiEnby/PSSRoot
CVE-2016-5195	0x3n19m4/CVE-2016-5195	https://github.com/0x3n19m4/CVE-2016-5195
CVE-2016-5195	Samuel-G3/Escalamiento-de-Privilegios-usando-el-Kernel-Exploit-Dirty-Cow	https://github.com/Samuel-G3/Escalamiento-de-Privilegios-usando-el-Kernel-Exploit-Dirty-Cow
CVE-2016-5195	mohammadamin382/dirtycow-lab	https://github.com/mohammadamin382/dirtycow-lab
CVE-2016-5195	MarioAlejos-Cs/dirtycow-lab	https://github.com/MarioAlejos-Cs/dirtycow-lab
CVE-2016-5195	ramahmdr/dirtycow	https://github.com/ramahmdr/dirtycow
CVE-2016-5195	elhaddadalaa788-alt/kernel-exploit-dirtycow-project-subm	https://github.com/elhaddadalaa788-alt/kernel-exploit-dirtycow-project-subm
CVE-2016-5195	theo543/OSDS_Paper_CVE-2016-5195	https://github.com/theo543/OSDS_Paper_CVE-2016-5195
CVE-2016-5195	maur0amaya/Escalamiento-de-Privilegios-usando-el-Kernel-Exploit-Dirty-Cow	https://github.com/maur0amaya/Escalamiento-de-Privilegios-usando-el-Kernel-Exploit-Dirty-Cow
CVE-2016-5195	rauljvc8/Exploit-Dirty-Cow	https://github.com/rauljvc8/Exploit-Dirty-Cow
CVE-2016-5195	GonzaBot/kernel-exploit-dirtycow	https://github.com/GonzaBot/kernel-exploit-dirtycow
CVE-2016-5195	gogooma125732/CVE-2016-5195	https://github.com/gogooma125732/CVE-2016-5195
CVE-2016-5195	voidgguy/lenovo-a1000g-mt8317-A412_01_09_130907-kernel-3.4.0-root-cve-2016-5195	https://github.com/voidgguy/lenovo-a1000g-mt8317-A412_01_09_130907-kernel-3.4.0-root-cve-2016-5195
CVE-2016-5195	KongQBin/CVE-2016-5195	https://github.com/KongQBin/CVE-2016-5195
CVE-2016-5195	vudangducminh/CVE-2016-5195	https://github.com/vudangducminh/CVE-2016-5195
CVE-2016-7255	heh3/CVE-2016-7255	https://github.com/heh3/CVE-2016-7255
CVE-2016-7255	FSecureLABS/CVE-2016-7255	https://github.com/FSecureLABS/CVE-2016-7255
CVE-2016-7255	homjxi0e/CVE-2016-7255	https://github.com/homjxi0e/CVE-2016-7255
CVE-2016-7255	yuvatia/page-table-exploitation	https://github.com/yuvatia/page-table-exploitation
CVE-2016-7255	bbolmin/cve-2016-7255_x86_x64	https://github.com/bbolmin/cve-2016-7255_x86_x64
CVE-2015-1701	hfiref0x/CVE-2015-1701	https://github.com/hfiref0x/CVE-2015-1701
CVE-2015-1701	Anonymous-Family/CVE-2015-1701	https://github.com/Anonymous-Family/CVE-2015-1701
CVE-2015-1701	Anonymous-Family/CVE-2015-1701-download	https://github.com/Anonymous-Family/CVE-2015-1701-download
CVE-2015-1769	int0/CVE-2015-1769	https://github.com/int0/CVE-2015-1769
CVE-2015-2546	k0keoyo/CVE-2015-2546-Exploit	https://github.com/k0keoyo/CVE-2015-2546-Exploit
CVE-2015-3246	HORKimhab/CVE-2015-3246	https://github.com/HORKimhab/CVE-2015-3246
CVE-2015-4495	vincd/CVE-2015-4495	https://github.com/vincd/CVE-2015-4495
CVE-2015-5287	HORKimhab/CVE-2015-5287	https://github.com/HORKimhab/CVE-2015-5287
CVE-2014-0196	SunRain/CVE-2014-0196	https://github.com/SunRain/CVE-2014-0196
CVE-2014-0196	tempbottle/CVE-2014-0196	https://github.com/tempbottle/CVE-2014-0196
CVE-2014-1812	mauricelambert/gpp-encrypt	https://github.com/mauricelambert/gpp-encrypt
CVE-2014-3153	timwr/CVE-2014-3153	https://github.com/timwr/CVE-2014-3153
CVE-2014-3153	android-rooting-tools/libfutex_exploit	https://github.com/android-rooting-tools/libfutex_exploit
CVE-2014-3153	geekben/towelroot	https://github.com/geekben/towelroot
CVE-2014-3153	lieanu/CVE-2014-3153	https://github.com/lieanu/CVE-2014-3153
CVE-2014-3153	zerodavinci/CVE-2014-3153-exploit	https://github.com/zerodavinci/CVE-2014-3153-exploit
CVE-2014-3153	c3c/CVE-2014-3153	https://github.com/c3c/CVE-2014-3153
CVE-2014-3153	dangtunguyen/TowelRoot	https://github.com/dangtunguyen/TowelRoot
CVE-2014-3153	elongl/CVE-2014-3153	https://github.com/elongl/CVE-2014-3153
CVE-2014-3153	c4mx/Linux-kernel-code-injection_CVE-2014-3153	https://github.com/c4mx/Linux-kernel-code-injection_CVE-2014-3153
CVE-2014-4113	johnjohnsp1/CVE-2014-4113	https://github.com/johnjohnsp1/CVE-2014-4113
CVE-2014-4113	nsxz/Exploit-CVE-2014-4113	https://github.com/nsxz/Exploit-CVE-2014-4113
CVE-2014-4113	sam-b/CVE-2014-4113	https://github.com/sam-b/CVE-2014-4113
CVE-2014-4113	wikiZ/cve-2014-4113	https://github.com/wikiZ/cve-2014-4113
CVE-2014-7169	chef-boneyard/bash-shellshock	https://github.com/chef-boneyard/bash-shellshock
CVE-2014-7169	gina-alaska/bash-cve-2014-7169-cookbook	https://github.com/gina-alaska/bash-cve-2014-7169-cookbook
CVE-2014-7169	Gobinath-B/SHELL-SCHOCK	https://github.com/Gobinath-B/SHELL-SCHOCK
CVE-2014-7169	Kushiro45/shellshock-poc-cve-2014-7169	https://github.com/Kushiro45/shellshock-poc-cve-2014-7169
CVE-2013-2597	fi01/libmsm_acdb_exploit	https://github.com/fi01/libmsm_acdb_exploit
CVE-2013-2094	realtalk/cve-2013-2094	https://github.com/realtalk/cve-2013-2094
CVE-2013-2094	hiikezoe/libperf_event_exploit	https://github.com/hiikezoe/libperf_event_exploit
CVE-2013-2094	Pashkela/CVE-2013-2094	https://github.com/Pashkela/CVE-2013-2094
CVE-2013-2094	tarunyadav/fix-cve-2013-2094	https://github.com/tarunyadav/fix-cve-2013-2094
CVE-2013-2094	timhsutw/cve-2013-2094	https://github.com/timhsutw/cve-2013-2094
CVE-2013-2094	vnik5287/CVE-2013-2094	https://github.com/vnik5287/CVE-2013-2094
CVE-2013-2094	letsr00t/CVE-2013-2094	https://github.com/letsr00t/CVE-2013-2094
CVE-2013-2596	hiikezoe/libfb_mem_exploit	https://github.com/hiikezoe/libfb_mem_exploit
CVE-2013-3660	ExploitCN/CVE-2013-3660-x64-WIN7	https://github.com/ExploitCN/CVE-2013-3660-x64-WIN7
CVE-2013-5065	Friarfukd/RobbinHood	https://github.com/Friarfukd/RobbinHood
CVE-2013-6282	fi01/libput_user_exploit	https://github.com/fi01/libput_user_exploit
CVE-2013-6282	fi01/libget_user_exploit	https://github.com/fi01/libget_user_exploit
CVE-2013-6282	jeboo/bypasslkm	https://github.com/jeboo/bypasslkm
CVE-2013-6282	timwr/CVE-2013-6282	https://github.com/timwr/CVE-2013-6282
CVE-2010-0232	azorfus/CVE-2010-0232	https://github.com/azorfus/CVE-2010-0232
CVE-2010-3904	redhatkaty/-cve-2010-3904-report	https://github.com/redhatkaty/-cve-2010-3904-report
CVE-2026-0009	cduram/NotCVE-2026-0009	https://github.com/cduram/NotCVE-2026-0009
CVE-2026-0010	cduram/NotCVE-2026-0010	https://github.com/cduram/NotCVE-2026-0010
CVE-2026-0013	inforcqb/cve-2026-0013-exploit	https://github.com/inforcqb/cve-2026-0013-exploit
CVE-2026-0013	XiaoBaiLovesStirring/cve-2026-0013-poc	https://github.com/XiaoBaiLovesStirring/cve-2026-0013-poc
CVE-2026-0023	QM4RS/CVE-2026-0023-Update-Ownership-PoC	https://github.com/QM4RS/CVE-2026-0023-Update-Ownership-PoC
CVE-2026-0047	mobilehackinglab/CVE-2026-0047-poc	https://github.com/mobilehackinglab/CVE-2026-0047-poc
CVE-2026-0075	QM4RS/CVE-2026-0075	https://github.com/QM4RS/CVE-2026-0075
CVE-2026-0091	canyie/TransitionPlayer	https://github.com/canyie/TransitionPlayer
CVE-2026-0092	Majorjayyy1/CVE-2026-0092	https://github.com/Majorjayyy1/CVE-2026-0092
CVE-2026-0163	sentinel-aidefense/CVE-2026-0163-EXP	https://github.com/sentinel-aidefense/CVE-2026-0163-EXP
CVE-2026-0596	SparshBiswas-AI/CVE-2026-0596-Reproduction	https://github.com/SparshBiswas-AI/CVE-2026-0596-Reproduction
CVE-2026-0776	whenx/CVE-2026-0776	https://github.com/whenx/CVE-2026-0776
CVE-2026-0827	ZeroMemoryEx/CVE-2026-0827	https://github.com/ZeroMemoryEx/CVE-2026-0827
CVE-2026-1010	George0Papasotiriou/CVE-2026-1010-WebSocket-Connection-Smuggling-via-Malformed-Upgrade-Header	https://github.com/George0Papasotiriou/CVE-2026-1010-WebSocket-Connection-Smuggling-via-Malformed-Upgrade-Header
CVE-2026-1232	horrister/beyondtrust-cve-2026-1232	https://github.com/horrister/beyondtrust-cve-2026-1232
CVE-2026-1457	ii4gsp/CVE-2026-1457	https://github.com/ii4gsp/CVE-2026-1457
CVE-2026-1880	seokjohn/CVE-2026-1880	https://github.com/seokjohn/CVE-2026-1880
CVE-2026-1937	Nxploited/CVE-2026-1937	https://github.com/Nxploited/CVE-2026-1937
CVE-2026-3609	BlackSnufkin/BYOVD	https://github.com/BlackSnufkin/BYOVD
CVE-2026-3609	BlackSnufkin/CredsHunter	https://github.com/BlackSnufkin/CredsHunter
CVE-2026-3629	PySecTools/CVE-2026-3629	https://github.com/PySecTools/CVE-2026-3629
CVE-2026-3888	fevar54/CVE-2026-3888-POC-all-from-the-Qualys-platform.	https://github.com/fevar54/CVE-2026-3888-POC-all-from-the-Qualys-platform.
CVE-2026-3888	Many-Hat-Group/Ubuntu-CVE-2026-3888-patcher	https://github.com/Many-Hat-Group/Ubuntu-CVE-2026-3888-patcher
CVE-2026-3888	netw0rk7/CVE-2026-3888-PoC	https://github.com/netw0rk7/CVE-2026-3888-PoC
CVE-2026-3888	TheCyberGeek/CVE-2026-3888-snap-confine-systemd-tmpfiles-LPE	https://github.com/TheCyberGeek/CVE-2026-3888-snap-confine-systemd-tmpfiles-LPE
CVE-2026-3888	noambouillet/CVE-2026-3888	https://github.com/noambouillet/CVE-2026-3888
CVE-2026-3888	DanielTangnes/CVE-2026-3888	https://github.com/DanielTangnes/CVE-2026-3888
CVE-2026-3888	hewhomusntbenamed/CVE-2026-3888-fixed	https://github.com/hewhomusntbenamed/CVE-2026-3888-fixed
CVE-2026-4112	Hann1bl3L3ct3r/CVE-2026-4112	https://github.com/Hann1bl3L3ct3r/CVE-2026-4112
CVE-2026-4255	Ard33/CVE-2026-4255	https://github.com/Ard33/CVE-2026-4255
CVE-2026-4282	hex0user/CVE-2026-4282-Scanner	https://github.com/hex0user/CVE-2026-4282-Scanner
CVE-2026-4484	Nxploited/CVE-2026-4484	https://github.com/Nxploited/CVE-2026-4484
CVE-2026-5118	zycoder0day/CVE-2026-5118	https://github.com/zycoder0day/CVE-2026-5118
CVE-2026-5118	puj790201-lab/CVE-2026-5118	https://github.com/puj790201-lab/CVE-2026-5118
CVE-2026-5118	Jenderal92/CVE-2026-5118	https://github.com/Jenderal92/CVE-2026-5118
CVE-2026-5118	Yucaerin/CVE-2026-5118	https://github.com/Yucaerin/CVE-2026-5118
CVE-2026-5118	1beelze/CVE-2026-5118	https://github.com/1beelze/CVE-2026-5118
CVE-2026-5118	SangSenimanWartefak/CVE-2026-5118	https://github.com/SangSenimanWartefak/CVE-2026-5118
CVE-2026-6356	Penguinsecq/CVE-2026-6356	https://github.com/Penguinsecq/CVE-2026-6356
CVE-2026-6741	xxconi/CVE-2026-6741	https://github.com/xxconi/CVE-2026-6741
CVE-2026-6857	HORKimhab/CVE-2026-6857	https://github.com/HORKimhab/CVE-2026-6857
CVE-2026-7791	BenZamir/CVE-2026-7791	https://github.com/BenZamir/CVE-2026-7791
CVE-2026-7867	azqzazq1/CVE-2026-7867-disk2root	https://github.com/azqzazq1/CVE-2026-7867-disk2root
CVE-2026-8069	S1eezer/CVE-2026-8069	https://github.com/S1eezer/CVE-2026-8069
CVE-2026-8181	zycoder0day/CVE-2026-8181	https://github.com/zycoder0day/CVE-2026-8181
CVE-2026-8181	murrez/CVE-2026-8181	https://github.com/murrez/CVE-2026-8181
CVE-2026-8181	Jenderal92/CVE-2026-8181	https://github.com/Jenderal92/CVE-2026-8181
CVE-2026-8181	whattheslime/CVE-2026-8181	https://github.com/whattheslime/CVE-2026-8181
CVE-2026-8181	rootdirective-sec/CVE-2026-8181-Lab	https://github.com/rootdirective-sec/CVE-2026-8181-Lab
CVE-2026-8181	xShadow-Here/CVE-2026-8181	https://github.com/xShadow-Here/CVE-2026-8181
CVE-2026-8181	x48ps/CVE-2026-8181	https://github.com/x48ps/CVE-2026-8181
CVE-2026-8181	Yucaerin/CVE-2026-8181	https://github.com/Yucaerin/CVE-2026-8181
CVE-2026-8181	Ez4rd1x1/CVE-2026-8181	https://github.com/Ez4rd1x1/CVE-2026-8181
CVE-2026-8181	Squamity/CVE-2026-8181-PoC	https://github.com/Squamity/CVE-2026-8181-PoC
CVE-2026-8181	HudzaifahArrantisi/CVE-2026-8181	https://github.com/HudzaifahArrantisi/CVE-2026-8181
CVE-2026-8181	0xTerror/CVE-2026-8181	https://github.com/0xTerror/CVE-2026-8181
CVE-2026-8206	Jenderal92/CVE-2026-8206	https://github.com/Jenderal92/CVE-2026-8206
CVE-2026-8206	rootdirective-sec/CVE-2026-8206-Lab	https://github.com/rootdirective-sec/CVE-2026-8206-Lab
CVE-2026-8206	izxci/CVE-2026-8206	https://github.com/izxci/CVE-2026-8206
CVE-2026-8206	Dungsocool/CVE-2026-8206	https://github.com/Dungsocool/CVE-2026-8206
CVE-2026-8732	xShadow-Here/CVE-2026-8732	https://github.com/xShadow-Here/CVE-2026-8732
CVE-2026-8732	zycoder0day/CVE-2026-8732	https://github.com/zycoder0day/CVE-2026-8732
CVE-2026-8732	Jenderal92/CVE-2026-8732	https://github.com/Jenderal92/CVE-2026-8732
CVE-2026-8732	HORKimhab/CVE-2026-8732	https://github.com/HORKimhab/CVE-2026-8732
CVE-2026-8732	p3Nt3st3r-sTAr/CVE-2026-8732-POC	https://github.com/p3Nt3st3r-sTAr/CVE-2026-8732-POC
CVE-2026-8732	Diznev/CVE-2026-8732-EXPLOIT	https://github.com/Diznev/CVE-2026-8732-EXPLOIT
CVE-2026-8732	fientix/CVE-2026-8732-PoC	https://github.com/fientix/CVE-2026-8732-PoC
CVE-2026-8809	izxci/CVE-2026-8809	https://github.com/izxci/CVE-2026-8809
CVE-2026-9018	xxconi/CVE-2026-9018	https://github.com/xxconi/CVE-2026-9018
CVE-2026-9055	EXEcution-py/CVE-2026-9055	https://github.com/EXEcution-py/CVE-2026-9055
CVE-2026-9560	HORKimhab/CVE-2026-9560	https://github.com/HORKimhab/CVE-2026-9560
CVE-2026-9789	ugvxb/CVE-2026-9789	https://github.com/ugvxb/CVE-2026-9789
CVE-2026-11103	George0Papasotiriou/CVE-2026-11103-GraphQL-Batching-Alias-Rate-Limit-Bypass	https://github.com/George0Papasotiriou/CVE-2026-11103-GraphQL-Batching-Alias-Rate-Limit-Bypass
CVE-2026-11108	George0Papasotiriou/CVE-2026-11108-Integer-Overflow-in-Memory-Allocator-kmalloc-Sim-	https://github.com/George0Papasotiriou/CVE-2026-11108-Integer-Overflow-in-Memory-Allocator-kmalloc-Sim-
CVE-2026-11115	George0Papasotiriou/CVE-2026-11115-Database-Connection-String-Injection-via-Env-Variable	https://github.com/George0Papasotiriou/CVE-2026-11115-Database-Connection-String-Injection-via-Env-Variable
CVE-2026-11387	1beelze/CVE-2026-11387	https://github.com/1beelze/CVE-2026-11387
CVE-2026-11387	abraxas/CVE-2026-11387-WooCommerce-SMS-OTP	https://github.com/abraxas/CVE-2026-11387-WooCommerce-SMS-OTP
CVE-2026-11551	Polosss/By-Poloss..-..CVE-2026-11551-PoC	https://github.com/Polosss/By-Poloss..-..CVE-2026-11551-PoC
CVE-2026-11551	xxconi/2026-11551	https://github.com/xxconi/2026-11551
CVE-2026-11551	ubaydev/CVE-2026-11551-PoC	https://github.com/ubaydev/CVE-2026-11551-PoC
CVE-2026-11834	mattgsys/CVE-2026-11834	https://github.com/mattgsys/CVE-2026-11834
CVE-2026-11837	M8seven/cve-2026-11837-ansible-posix-authorized-key	https://github.com/M8seven/cve-2026-11837-ansible-posix-authorized-key
CVE-2026-12415	xxconi/CVE-2026-12415-or-CVE-2026-12416.py	https://github.com/xxconi/CVE-2026-12415-or-CVE-2026-12416.py
CVE-2026-12793	murrez/CVE-2026-12793	https://github.com/murrez/CVE-2026-12793
CVE-2026-12793	rootxn/CVE-2026-12793	https://github.com/rootxn/CVE-2026-12793
CVE-2026-12793	abraxas/CVE-2026-12793	https://github.com/abraxas/CVE-2026-12793
CVE-2026-13355	murrez/CVE-2026-13355	https://github.com/murrez/CVE-2026-13355
CVE-2026-14281	murrez/CVE-2026-14281	https://github.com/murrez/CVE-2026-14281
CVE-2026-14281	langz337/CVE-2026-14281	https://github.com/langz337/CVE-2026-14281
CVE-2026-14856	jonastrikex/CVE-2026-14856-TastyIgniter	https://github.com/jonastrikex/CVE-2026-14856-TastyIgniter
CVE-2026-15430	BlackSnufkin/AxHunter	https://github.com/BlackSnufkin/AxHunter
CVE-2026-18322	I3IT/CVE-2026-18322	https://github.com/I3IT/CVE-2026-18322
CVE-2026-19295	rmhowe425/POC-CVE-2026-19295	https://github.com/rmhowe425/POC-CVE-2026-19295
CVE-2026-19598	ksotaria1337/CVE-2026-19598	https://github.com/ksotaria1337/CVE-2026-19598
CVE-2026-19598	DeadExpl0it/CVE-2026-19598-PoC	https://github.com/DeadExpl0it/CVE-2026-19598-PoC
CVE-2026-19598	sag-asab/CVE-2026-19598	https://github.com/sag-asab/CVE-2026-19598
CVE-2026-19598	0xCyp1337/CVE-2026-19598-	https://github.com/0xCyp1337/CVE-2026-19598-
CVE-2026-20180	kaleth4/CVE-2026-20180	https://github.com/kaleth4/CVE-2026-20180
CVE-2026-20200	NSIDE-ATTACK-LOGIC/CIMCown	https://github.com/NSIDE-ATTACK-LOGIC/CIMCown
CVE-2026-20516	Dingo97/CVE-2026-20516	https://github.com/Dingo97/CVE-2026-20516
CVE-2026-20817	oxfemale/CVE-2026-20817	https://github.com/oxfemale/CVE-2026-20817
CVE-2026-20817	dwgth4i/CVE-2026-20817	https://github.com/dwgth4i/CVE-2026-20817
CVE-2026-20820	uname1able/CVE-2026-20820	https://github.com/uname1able/CVE-2026-20820
CVE-2026-21250	kaleth4/CVE-2026-21250	https://github.com/kaleth4/CVE-2026-21250
CVE-2026-21508	0xc4r/CVE-2026-21508_POC	https://github.com/0xc4r/CVE-2026-21508_POC
CVE-2026-21636	Pauldechassey/CVE-2026-21636	https://github.com/Pauldechassey/CVE-2026-21636
CVE-2026-21721	Leonideath/Exploit-LPE-CVE-2026-21721	https://github.com/Leonideath/Exploit-LPE-CVE-2026-21721
CVE-2026-23111	HORKimhab/CVE-2026-23111	https://github.com/HORKimhab/CVE-2026-23111
CVE-2026-23111	criann/check-cve-2026-23111	https://github.com/criann/check-cve-2026-23111
CVE-2026-23111	0xBlackash/CVE-2026-23111	https://github.com/0xBlackash/CVE-2026-23111
CVE-2026-23111	seguridadentrerios/CVE-2026-23111	https://github.com/seguridadentrerios/CVE-2026-23111
CVE-2026-23111	ishankaru/CVE-2026-23111-nftables-lab	https://github.com/ishankaru/CVE-2026-23111-nftables-lab
CVE-2026-23111	Baba01hacker666/CVE-2026-23111	https://github.com/Baba01hacker666/CVE-2026-23111
CVE-2026-23111	bakano98/cve-2026-23111-poc	https://github.com/bakano98/cve-2026-23111-poc
CVE-2026-23111	vrtlbob/Linux-Kernel-Vulnerabilities-CVE-2026-23111	https://github.com/vrtlbob/Linux-Kernel-Vulnerabilities-CVE-2026-23111
CVE-2026-23111	Knz-source/CVE-2026-23111-POC-noddlenpottato	https://github.com/Knz-source/CVE-2026-23111-POC-noddlenpottato
CVE-2026-23111	vvsy46/CVE-2026-23111-PoC	https://github.com/vvsy46/CVE-2026-23111-PoC
CVE-2026-23550	cyberdudebivash/CYBERDUDEBIVASH-Modular-DS-CVE-2026-23550-Detector	https://github.com/cyberdudebivash/CYBERDUDEBIVASH-Modular-DS-CVE-2026-23550-Detector
CVE-2026-23550	TheTorjanCaptain/CVE-2026-23550-PoC	https://github.com/TheTorjanCaptain/CVE-2026-23550-PoC
CVE-2026-23550	dzmind2312/Mass-CVE-2026-23550-Exploit	https://github.com/dzmind2312/Mass-CVE-2026-23550-Exploit
CVE-2026-23550	epsilonpoint88-glitch/EpSiLoNPoInT-	https://github.com/epsilonpoint88-glitch/EpSiLoNPoInT-
CVE-2026-23550	DedsecTeam-BlackHat/CVE-2026-23550	https://github.com/DedsecTeam-BlackHat/CVE-2026-23550
CVE-2026-23550	SangSenimanWartefak/CVE-2026-23550	https://github.com/SangSenimanWartefak/CVE-2026-23550
CVE-2026-23550	1beelze/CVE-2026-23550	https://github.com/1beelze/CVE-2026-23550
CVE-2026-23550	baktistr/cve-2026-23550-poc	https://github.com/baktistr/cve-2026-23550-poc
CVE-2026-24018	febin0x10/Fortinet_FortiClient_Exploit_CVE-2026-24018	https://github.com/febin0x10/Fortinet_FortiClient_Exploit_CVE-2026-24018
CVE-2026-24049	kriskimmerle/wheelaudit	https://github.com/kriskimmerle/wheelaudit
CVE-2026-24072	meh098/CVE-2026-24072-Analysis	https://github.com/meh098/CVE-2026-24072-Analysis
CVE-2026-24207	offseckit/CVE-2026-24207	https://github.com/offseckit/CVE-2026-24207
CVE-2026-24291	n0isegat3/RegPwnBRc4BOF	https://github.com/n0isegat3/RegPwnBRc4BOF
CVE-2026-24291	lennertdefauw/CVE-2026-24291	https://github.com/lennertdefauw/CVE-2026-24291
CVE-2026-24291	tracyliving606/RegPwn	https://github.com/tracyliving606/RegPwn
CVE-2026-24291	uname1able/CVE-2026-24291	https://github.com/uname1able/CVE-2026-24291
CVE-2026-24291	ZeroDayVPN/CVE-2026-24291	https://github.com/ZeroDayVPN/CVE-2026-24291
CVE-2026-24294	0xNDI/CVE-2026-24294	https://github.com/0xNDI/CVE-2026-24294
CVE-2026-24306	ExploreUnknowed/CVE-2026-24306	https://github.com/ExploreUnknowed/CVE-2026-24306
CVE-2026-24480	pvharmo2/gha-lab-b16a4f3554	https://github.com/pvharmo2/gha-lab-b16a4f3554
CVE-2026-24516	poxsky/CVE-2026-24516-DigitalOcean-RCE	https://github.com/poxsky/CVE-2026-24516-DigitalOcean-RCE
CVE-2026-24516	poxsky/CVE-2026-24516-DigitalOcean-RCE.	https://github.com/poxsky/CVE-2026-24516-DigitalOcean-RCE.
CVE-2026-25177	danaug23/detect_CVE-2026-25177	https://github.com/danaug23/detect_CVE-2026-25177
CVE-2026-25177	HORKimhab/CVE-2026-25177	https://github.com/HORKimhab/CVE-2026-25177
CVE-2026-25232	H1sok444/CVE-2026-25232-PoC	https://github.com/H1sok444/CVE-2026-25232-PoC
CVE-2026-25769	hakaioffsec/CVE-2026-25769	https://github.com/hakaioffsec/CVE-2026-25769
CVE-2026-25769	Samres27/CVE-2026-25769---CVE-2026-25770	https://github.com/Samres27/CVE-2026-25769---CVE-2026-25770
CVE-2026-25769	njeru-codes/CVE-2026-25769	https://github.com/njeru-codes/CVE-2026-25769
CVE-2026-25769	0xBlackash/CVE-2026-25769	https://github.com/0xBlackash/CVE-2026-25769
CVE-2026-26118	j-dahl7/mcp-attack-detection-sentinel	https://github.com/j-dahl7/mcp-attack-detection-sentinel
CVE-2026-26119	Cyb3rWitch3r/CVE-2026-26119	https://github.com/Cyb3rWitch3r/CVE-2026-26119
CVE-2026-26119	r3vpwnx/CVE-2026-26119	https://github.com/r3vpwnx/CVE-2026-26119
CVE-2026-26128	jarnovandenbrink/CVE-2026-26128	https://github.com/jarnovandenbrink/CVE-2026-26128
CVE-2026-26179	nikosecurity/CVE-2026-26179	https://github.com/nikosecurity/CVE-2026-26179
CVE-2026-26416	aksalsalimi/CVE-2026-26416	https://github.com/aksalsalimi/CVE-2026-26416
CVE-2026-27541	rootdirective-sec/CVE-2026-27541-Analysis-Lab	https://github.com/rootdirective-sec/CVE-2026-27541-Analysis-Lab
CVE-2026-27542	Nxploited/CVE-2026-27542-CVE-2026-27540-	https://github.com/Nxploited/CVE-2026-27542-CVE-2026-27540-
CVE-2026-27912	Semperis-Community/ResetNightmare	https://github.com/Semperis-Community/ResetNightmare
CVE-2026-27912	mihat2/ResetNightmare-impacket	https://github.com/mihat2/ResetNightmare-impacket
CVE-2026-27912	oxstussz-eng/Kerberos-CVE-2026-27912	https://github.com/oxstussz-eng/Kerberos-CVE-2026-27912
CVE-2026-28372	mbanyamer/CVE-2026-28372-GNU-inetutils-telnetd-Privilege-Escalation	https://github.com/mbanyamer/CVE-2026-28372-GNU-inetutils-telnetd-Privilege-Escalation
CVE-2026-28372	kalibb/CVE-2026-28372-GNU-inetutils-telnetd-Privilege-Escalation-main	https://github.com/kalibb/CVE-2026-28372-GNU-inetutils-telnetd-Privilege-Escalation-main
CVE-2026-28372	Rohitberiwala/CVE-2026-28372-telnetd-Privilege-Escalation	https://github.com/Rohitberiwala/CVE-2026-28372-telnetd-Privilege-Escalation
CVE-2026-29597	padayali-JD/CVE-2026-29597	https://github.com/padayali-JD/CVE-2026-29597
CVE-2026-29923	Smarttfoxx/CVE-2026-29923	https://github.com/Smarttfoxx/CVE-2026-29923
CVE-2026-29923	athenasec16/CVE-2026-29923	https://github.com/athenasec16/CVE-2026-29923
CVE-2026-29923	mein-0/cve-2026-29923	https://github.com/mein-0/cve-2026-29923
CVE-2026-30225	hackerking24/CVE-2026-30225-OliveTin-RCE	https://github.com/hackerking24/CVE-2026-30225-OliveTin-RCE
CVE-2026-30332	B1tBreaker/CVE-2026-30332	https://github.com/B1tBreaker/CVE-2026-30332
CVE-2026-30944	FilipeGaudard/CVE-2026-30944-PoC	https://github.com/FilipeGaudard/CVE-2026-30944-PoC
CVE-2026-32223	enki-kr/CVE-2026-32223-USBPrint-Exploit	https://github.com/enki-kr/CVE-2026-32223-USBPrint-Exploit
CVE-2026-32488	izxci/CVE-2026-32488	https://github.com/izxci/CVE-2026-32488
CVE-2026-32996	suce0155/CVE-2026-32996	https://github.com/suce0155/CVE-2026-32996
CVE-2026-33579	atalovesyou/openclaw-security-checker	https://github.com/atalovesyou/openclaw-security-checker
CVE-2026-34344	nhh9905/CVE-2026-34344	https://github.com/nhh9905/CVE-2026-34344
CVE-2026-35031	keraattin/CVE-2026-35031	https://github.com/keraattin/CVE-2026-35031
CVE-2026-36213	sec-zone/CVE-2026-36213	https://github.com/sec-zone/CVE-2026-36213
CVE-2026-36213	yzy0okrkv1hngo0r/CVE-2026-36213-poc	https://github.com/yzy0okrkv1hngo0r/CVE-2026-36213-poc
CVE-2026-37071	jfs-jfs/CVE-2026-37071	https://github.com/jfs-jfs/CVE-2026-37071
CVE-2026-38764	D7EAD/CVE-2026-38764	https://github.com/D7EAD/CVE-2026-38764
CVE-2026-38765	D7EAD/CVE-2026-38765	https://github.com/D7EAD/CVE-2026-38765
CVE-2026-38766	D7EAD/CVE-2026-38766	https://github.com/D7EAD/CVE-2026-38766
CVE-2026-38934	VadlaReddySai/cve-writeups	https://github.com/VadlaReddySai/cve-writeups
CVE-2026-39813	0xBlackash/CVE-2026-39813	https://github.com/0xBlackash/CVE-2026-39813
CVE-2026-39813	HORKimhab/CVE-2026-39813	https://github.com/HORKimhab/CVE-2026-39813
CVE-2026-39875	mac-123456789-lab/CVE-2026-39875-macOS-CUPS-LPE	https://github.com/mac-123456789-lab/CVE-2026-39875-macOS-CUPS-LPE
CVE-2026-39973	frawlaboy/CVE-2026-39973-PoC	https://github.com/frawlaboy/CVE-2026-39973-PoC
CVE-2026-40369	orinimron123/CVE-2026-40369-EXPLOIT	https://github.com/orinimron123/CVE-2026-40369-EXPLOIT
CVE-2026-40369	ercihan/CVE-2026-40369	https://github.com/ercihan/CVE-2026-40369
CVE-2026-40369	piffd0s/ntoskrnl-metadata	https://github.com/piffd0s/ntoskrnl-metadata
CVE-2026-40369	0xBlackash/CVE-2026-40369	https://github.com/0xBlackash/CVE-2026-40369
CVE-2026-40369	CCELEND/CVE-2026-40369	https://github.com/CCELEND/CVE-2026-40369
CVE-2026-40369	dbgbgtf1/cve-2026-40369-exploit	https://github.com/dbgbgtf1/cve-2026-40369-exploit
CVE-2026-41651	Vozec/CVE-2026-41651	https://github.com/Vozec/CVE-2026-41651
CVE-2026-41651	CipherCloak/CVE-2026-41651	https://github.com/CipherCloak/CVE-2026-41651
CVE-2026-41651	0xBlackash/CVE-2026-41651	https://github.com/0xBlackash/CVE-2026-41651
CVE-2026-41651	baph00met/CVE-2026-41651	https://github.com/baph00met/CVE-2026-41651
CVE-2026-41651	dinosn/pack2theroot-lab	https://github.com/dinosn/pack2theroot-lab
CVE-2026-41651	shibaaa204/Pack2TheRoot	https://github.com/shibaaa204/Pack2TheRoot
CVE-2026-41651	Kowntaewook/CVE-2026-41651-analysis	https://github.com/Kowntaewook/CVE-2026-41651-analysis
CVE-2026-41651	mawussid/CVE-2026-41651-Python	https://github.com/mawussid/CVE-2026-41651-Python
CVE-2026-41651	Lutfifakee-Project/CVE-2026-41651	https://github.com/Lutfifakee-Project/CVE-2026-41651
CVE-2026-41651	0xDVRK/CVE-2026-41651	https://github.com/0xDVRK/CVE-2026-41651
CVE-2026-41651	gbuyssens/CVE-2026-41651	https://github.com/gbuyssens/CVE-2026-41651
CVE-2026-42758	izxci/CVE-2026-42758	https://github.com/izxci/CVE-2026-42758
CVE-2026-42978	ZeroDayEvil/CVE-2026-42978-PoC-Research	https://github.com/ZeroDayEvil/CVE-2026-42978-PoC-Research
CVE-2026-42978	grizzzer/CVE-2026-42978-PoC-Research	https://github.com/grizzzer/CVE-2026-42978-PoC-Research
CVE-2026-42978	SyntaxMethod/CVE-2026-42978-PoC-Research	https://github.com/SyntaxMethod/CVE-2026-42978-PoC-Research
CVE-2026-42978	coactionbrittlemaidenhair51/CVE-2026-42978-PoC-Research	https://github.com/coactionbrittlemaidenhair51/CVE-2026-42978-PoC-Research
CVE-2026-42978	coactionbrittlemaidenhair51/coactionbrittlemaidenhair51.github.io	https://github.com/coactionbrittlemaidenhair51/coactionbrittlemaidenhair51.github.io
CVE-2026-42980	G4sp4rCS/CVE-2026-42980-POC	https://github.com/G4sp4rCS/CVE-2026-42980-POC
CVE-2026-43284	Percivalll/Dirty-Frag-Kubernetes-PoC	https://github.com/Percivalll/Dirty-Frag-Kubernetes-PoC
CVE-2026-43284	scriptzteam/Paranoid-Dirty-Frag-CVE-2026-43284	https://github.com/scriptzteam/Paranoid-Dirty-Frag-CVE-2026-43284
CVE-2026-43284	mym0us3r/DIRTY-FRAG-Detection-with-Wazuh-4.14.4	https://github.com/mym0us3r/DIRTY-FRAG-Detection-with-Wazuh-4.14.4
CVE-2026-43284	0xBlackash/CVE-2026-43284	https://github.com/0xBlackash/CVE-2026-43284
CVE-2026-43284	suominen/CVE-2026-43284	https://github.com/suominen/CVE-2026-43284
CVE-2026-43284	AK777177/Dirty-Frag-Analysis	https://github.com/AK777177/Dirty-Frag-Analysis
CVE-2026-43284	haydenjames/dirty-frag-check	https://github.com/haydenjames/dirty-frag-check
CVE-2026-43284	metalx1993/dirtyfrag-patches	https://github.com/metalx1993/dirtyfrag-patches
CVE-2026-43284	ryan2929/CVE-2026-43284-	https://github.com/ryan2929/CVE-2026-43284-
CVE-2026-43284	linnemanlabs/dirtyfrag-arm64	https://github.com/linnemanlabs/dirtyfrag-arm64
CVE-2026-43284	gagaltotal/CVE-2026-43284-CVE-2026-43500-scan	https://github.com/gagaltotal/CVE-2026-43284-CVE-2026-43500-scan
CVE-2026-43284	Aiyakami/rust_dirtyfrag	https://github.com/Aiyakami/rust_dirtyfrag
CVE-2026-43284	XRSecCD/202605_dirty_frag	https://github.com/XRSecCD/202605_dirty_frag
CVE-2026-43284	liamromanis101/DirtyFrag-Detector	https://github.com/liamromanis101/DirtyFrag-Detector
CVE-2026-43284	FrosterDL/CVE-2026-43284	https://github.com/FrosterDL/CVE-2026-43284
CVE-2026-43284	ChernStepanov/DirtyFrag-for-dummies	https://github.com/ChernStepanov/DirtyFrag-for-dummies
CVE-2026-43284	xd20111/CVE-2026-43284	https://github.com/xd20111/CVE-2026-43284
CVE-2026-43284	grabesec/XCP_ng_CVE-2026-43284_tester	https://github.com/grabesec/XCP_ng_CVE-2026-43284_tester
CVE-2026-43284	cyber-niz/Dirty-Frag	https://github.com/cyber-niz/Dirty-Frag
CVE-2026-43284	LucasPDiniz/CVE-2026-43284	https://github.com/LucasPDiniz/CVE-2026-43284
CVE-2026-43284	kuniyal08/Dirty-Frag-CVE-2026-43284	https://github.com/kuniyal08/Dirty-Frag-CVE-2026-43284
CVE-2026-43284	DylanClaudio/Reporte-de-Escalada-de-Privilegios-Local-Dirty-Frag	https://github.com/DylanClaudio/Reporte-de-Escalada-de-Privilegios-Local-Dirty-Frag
CVE-2026-43284	AtlasVector/Dirty-Frag-CVE-2026-43284	https://github.com/AtlasVector/Dirty-Frag-CVE-2026-43284
CVE-2026-43284	jayhutajulu1/CVE-2026-43284-DirtyFrag-PoC	https://github.com/jayhutajulu1/CVE-2026-43284-DirtyFrag-PoC
CVE-2026-43284	nonameuserosint-hue/DirtyFrag-go	https://github.com/nonameuserosint-hue/DirtyFrag-go
CVE-2026-43284	1neptune/DirtyFrag	https://github.com/1neptune/DirtyFrag
CVE-2026-43284	t1ckprivate/CVE-2026-43284-Dirty-Frag	https://github.com/t1ckprivate/CVE-2026-43284-Dirty-Frag
CVE-2026-43284	g0thamRabb1t/CVE-2026-43284-dirtyfrag-detection	https://github.com/g0thamRabb1t/CVE-2026-43284-dirtyfrag-detection
CVE-2026-43284	lukeslp/redtail-ioc	https://github.com/lukeslp/redtail-ioc
CVE-2026-43284	armircetaj/tetragon-dirtyfrag	https://github.com/armircetaj/tetragon-dirtyfrag
CVE-2026-43284	nabhan-mohy/Dirty-Frag-Research-CVE-2026-43284-	https://github.com/nabhan-mohy/Dirty-Frag-Research-CVE-2026-43284-
CVE-2026-43284	RevyHub/CVE-2026-43284---DirtyFrag-Analysis-THM-	https://github.com/RevyHub/CVE-2026-43284---DirtyFrag-Analysis-THM-
CVE-2026-43284	millikanjohnl-blip/dirtyfrag-detection-rules	https://github.com/millikanjohnl-blip/dirtyfrag-detection-rules
CVE-2026-43284	TeamN4C/SG-2026-0024	https://github.com/TeamN4C/SG-2026-0024
CVE-2026-43284	Minime794/DirtyFrag	https://github.com/Minime794/DirtyFrag
CVE-2026-43284	nihan-silent-reign/CVE-2026-43284-DIRTY-FRAG-	https://github.com/nihan-silent-reign/CVE-2026-43284-DIRTY-FRAG-
CVE-2026-43284	v4bel/dirtyfrag	https://github.com/v4bel/dirtyfrag
CVE-2026-43500	attaattaatta/CVE-2026-43500	https://github.com/attaattaatta/CVE-2026-43500
CVE-2026-43500	vorkampfer/dirty_frag_mitigation	https://github.com/vorkampfer/dirty_frag_mitigation
CVE-2026-43503	0xBlackash/CVE-2026-43503	https://github.com/0xBlackash/CVE-2026-43503
CVE-2026-43503	mooder1/dirtyclone-CVE-2026-43503	https://github.com/mooder1/dirtyclone-CVE-2026-43503
CVE-2026-43503	sec0x/CVE-2026-43503	https://github.com/sec0x/CVE-2026-43503
CVE-2026-43503	douglasmun/pagecache-lpe-containment-kit	https://github.com/douglasmun/pagecache-lpe-containment-kit
CVE-2026-43503	gl1tch0x1/DirtyClone	https://github.com/gl1tch0x1/DirtyClone
CVE-2026-43503	entra1337/DirtyClone	https://github.com/entra1337/DirtyClone
CVE-2026-43503	SecureWithUmer/CVE-2026-43503	https://github.com/SecureWithUmer/CVE-2026-43503
CVE-2026-43503	lieehrdiansyah12/CVE-2026-43503	https://github.com/lieehrdiansyah12/CVE-2026-43503
CVE-2026-43783	andrd3v/CVE-2026-43783	https://github.com/andrd3v/CVE-2026-43783
CVE-2026-43786	Malwation/CVE-2026-43786	https://github.com/Malwation/CVE-2026-43786
CVE-2026-45250	venglin/setcred	https://github.com/venglin/setcred
CVE-2026-45258	Yayoi-cs/CVE-2026-45258_1day_LPE_exploit	https://github.com/Yayoi-cs/CVE-2026-45258_1day_LPE_exploit
CVE-2026-45504	hawktrace/CVE-2026-45504	https://github.com/hawktrace/CVE-2026-45504
CVE-2026-46300	HORKimhab/CVE-2026-46300	https://github.com/HORKimhab/CVE-2026-46300
CVE-2026-46300	Sentebale/CVE-2026-46300	https://github.com/Sentebale/CVE-2026-46300
CVE-2026-46300	0xBlackash/CVE-2026-46300	https://github.com/0xBlackash/CVE-2026-46300
CVE-2026-46300	ExploitEoom/CVE-2026-46300	https://github.com/ExploitEoom/CVE-2026-46300
CVE-2026-46300	First-John/cve_2026_frag_family_fix	https://github.com/First-John/cve_2026_frag_family_fix
CVE-2026-46300	Maxime288/Fragnesia-CVE-2026-46300	https://github.com/Maxime288/Fragnesia-CVE-2026-46300
CVE-2026-46300	nonameuserosint-hue/Fragnesia-go	https://github.com/nonameuserosint-hue/Fragnesia-go
CVE-2026-46300	AzDevops143/FRAGNESIA-Charan-cve-2026-46300	https://github.com/AzDevops143/FRAGNESIA-Charan-cve-2026-46300
CVE-2026-46300	1neptune/Fragnesia	https://github.com/1neptune/Fragnesia
CVE-2026-46300	BenedictEjepu/CVE-2026-46300-Fragnesia---TryHackMe-Lab-Project	https://github.com/BenedictEjepu/CVE-2026-46300-Fragnesia---TryHackMe-Lab-Project
CVE-2026-46300	azilRababe/CVE-2026-46300	https://github.com/azilRababe/CVE-2026-46300
CVE-2026-46300	MadExploits/CVE-2026-46300	https://github.com/MadExploits/CVE-2026-46300
CVE-2026-46300	Kentox493/CVE-2026-46300_Fragnesia	https://github.com/Kentox493/CVE-2026-46300_Fragnesia
CVE-2026-46331	sgkdev/packet_edit_meme	https://github.com/sgkdev/packet_edit_meme
CVE-2026-46331	0xBlackash/CVE-2026-46331	https://github.com/0xBlackash/CVE-2026-46331
CVE-2026-46331	HORKimhab/CVE-2026-46331	https://github.com/HORKimhab/CVE-2026-46331
CVE-2026-46331	vulnquest58/dirtyclone-exploit	https://github.com/vulnquest58/dirtyclone-exploit
CVE-2026-46331	Quaerendir/cve-2026-46331-audit	https://github.com/Quaerendir/cve-2026-46331-audit
CVE-2026-46331	seguridadentrerios/CVE-2026-46331	https://github.com/seguridadentrerios/CVE-2026-46331
CVE-2026-46331	g0thamRabb1t/CVE-2026-46331-pedit-COW-detection	https://github.com/g0thamRabb1t/CVE-2026-46331-pedit-COW-detection
CVE-2026-46331	V0IDNETWORK/CVE-2026-46331	https://github.com/V0IDNETWORK/CVE-2026-46331
CVE-2026-46331	yanxinwu946/CVE-2026-46331	https://github.com/yanxinwu946/CVE-2026-46331
CVE-2026-46331	MarwahHadi/CVE-2026-46331-pedit-cow	https://github.com/MarwahHadi/CVE-2026-46331-pedit-cow
CVE-2026-46331	rjt-gupta/page-cache-corruption-lpes	https://github.com/rjt-gupta/page-cache-corruption-lpes
CVE-2026-46331	cherrycherrymay/PoC-CVE-2026-46331	https://github.com/cherrycherrymay/PoC-CVE-2026-46331
CVE-2026-46331	nawalacheker1/CVE-2026-46331	https://github.com/nawalacheker1/CVE-2026-46331
CVE-2026-46331	theendofabbys/pedit-cow	https://github.com/theendofabbys/pedit-cow
CVE-2026-46490	BiiTts/CVE-2026-46490-samlify-SAML-Attribute-Injection	https://github.com/BiiTts/CVE-2026-46490-samlify-SAML-Attribute-Injection
CVE-2026-47101	learner202649/CVE-2026-47101-PoC	https://github.com/learner202649/CVE-2026-47101-PoC
CVE-2026-47101	HORKimhab/CVE-LiteLLM	https://github.com/HORKimhab/CVE-LiteLLM
CVE-2026-47301	OmriBaso/SCCM-CVE-2026-47301-Remote-Code-Execution-Exploit	https://github.com/OmriBaso/SCCM-CVE-2026-47301-Remote-Code-Execution-Exploit
CVE-2026-49060	rootdirective-sec/CVE-2026-49060-Lab	https://github.com/rootdirective-sec/CVE-2026-49060-Lab
CVE-2026-49083	izxci/CVE-2026-49083	https://github.com/izxci/CVE-2026-49083
CVE-2026-49083	87achrafg-stack/CVE-2026-49083	https://github.com/87achrafg-stack/CVE-2026-49083
CVE-2026-49176	DavidCarliez/CVE-2026-49176_LPE_POC	https://github.com/DavidCarliez/CVE-2026-49176_LPE_POC
CVE-2026-49176	777erp/CVE-2026-49176_BOF	https://github.com/777erp/CVE-2026-49176_BOF
CVE-2026-49413	ii4gsp/CVE-2026-49413	https://github.com/ii4gsp/CVE-2026-49413
CVE-2026-49417	Yayoi-cs/CVE-2026-49417_1day_LPE_exploit	https://github.com/Yayoi-cs/CVE-2026-49417_1day_LPE_exploit
CVE-2026-49881	LSPosed/LSPromise	https://github.com/LSPosed/LSPromise
CVE-2026-49881	Supersonic/TLPE	https://github.com/Supersonic/TLPE
CVE-2026-50338	JohannesLks/CVE-2026-50338	https://github.com/JohannesLks/CVE-2026-50338
CVE-2026-50343	Rat5ak/CVE-2026-50343-InstallService-EoP	https://github.com/Rat5ak/CVE-2026-50343-InstallService-EoP
CVE-2026-50369	Mofarthim/CVE-2026-50369	https://github.com/Mofarthim/CVE-2026-50369
CVE-2026-50402	SY115/CVE-Writeups	https://github.com/SY115/CVE-Writeups
CVE-2026-50656	g0thamRabb1t/CVE-2026-50656-rogueplanet-validation	https://github.com/g0thamRabb1t/CVE-2026-50656-rogueplanet-validation
CVE-2026-50656	0xBlackash/CVE-2026-50656	https://github.com/0xBlackash/CVE-2026-50656
CVE-2026-50656	HORKimhab/CVE-2026-50656	https://github.com/HORKimhab/CVE-2026-50656
CVE-2026-50656	eh-amish/Windows-Defender-Security-Auditor-CVE-2026-50656-	https://github.com/eh-amish/Windows-Defender-Security-Auditor-CVE-2026-50656-
CVE-2026-51119	A17-ba/CVE-2026-51119	https://github.com/A17-ba/CVE-2026-51119
CVE-2026-52943	vn-lazyming/CVE-2026-52943	https://github.com/vn-lazyming/CVE-2026-52943
CVE-2026-53075	foxirain/linux-kernel-codex-harness-v2	https://github.com/foxirain/linux-kernel-codex-harness-v2
CVE-2026-53075	lottiedeyan/CVE-2026-53075poc	https://github.com/lottiedeyan/CVE-2026-53075poc
CVE-2026-54107	Pravin761/CVE-2026-54107	https://github.com/Pravin761/CVE-2026-54107
CVE-2026-54121	aniqfakhrul/CVE-2026-54121	https://github.com/aniqfakhrul/CVE-2026-54121
CVE-2026-54121	0xBlackash/CVE-2026-54121	https://github.com/0xBlackash/CVE-2026-54121
CVE-2026-54121	HORKimhab/CVE-2026-54121	https://github.com/HORKimhab/CVE-2026-54121
CVE-2026-54121	tc4dy/CVE-2026-54121-PoC-Exploit	https://github.com/tc4dy/CVE-2026-54121-PoC-Exploit
CVE-2026-54121	GlendonNotGlen/certighost-cve-2026-54121-slides	https://github.com/GlendonNotGlen/certighost-cve-2026-54121-slides
CVE-2026-54121	marcgoam/CVE-2026-54121-CertiGhost	https://github.com/marcgoam/CVE-2026-54121-CertiGhost
CVE-2026-54121	ChPratik/CVE-2026-54121	https://github.com/ChPratik/CVE-2026-54121
CVE-2026-54121	nafiez/Metasploit-CVE-2026-54121-Certighost	https://github.com/nafiez/Metasploit-CVE-2026-54121-Certighost
CVE-2026-54121	KrakenEU/CVE-2026-54121-CertiGhost	https://github.com/KrakenEU/CVE-2026-54121-CertiGhost
CVE-2026-54121	AtlasVector/Certighost-CVE-2026-54121	https://github.com/AtlasVector/Certighost-CVE-2026-54121
CVE-2026-54121	sam00/POC-CVE-2026-54121-Certighost	https://github.com/sam00/POC-CVE-2026-54121-Certighost
CVE-2026-54121	L0u7r3/certighost	https://github.com/L0u7r3/certighost
CVE-2026-54121	ZeroDayEvil/CVE-2026-54121-Certighost	https://github.com/ZeroDayEvil/CVE-2026-54121-Certighost
CVE-2026-54424	tomadimitrie/CVE-2026-54424	https://github.com/tomadimitrie/CVE-2026-54424
CVE-2026-54807	izxci/CVE-2026-54807	https://github.com/izxci/CVE-2026-54807
CVE-2026-54998	sentinel-aidefense/CVE-2026-54998-exp	https://github.com/sentinel-aidefense/CVE-2026-54998-exp
CVE-2026-57239	Paradoxis/CVE-2026-57239	https://github.com/Paradoxis/CVE-2026-57239
CVE-2026-57851	readmsr/MSI_FeatureManager_CVE	https://github.com/readmsr/MSI_FeatureManager_CVE
CVE-2026-58635	DavidCarliez/CVE-2026-58635-PoC	https://github.com/DavidCarliez/CVE-2026-58635-PoC
CVE-2026-60093	oscerd/CVE-2026-60093	https://github.com/oscerd/CVE-2026-60093
CVE-2026-62735	nhh9905/CVE-2026-62735	https://github.com/nhh9905/CVE-2026-62735
CVE-2026-62735	HackSpeak/CVE-2026-62735	https://github.com/HackSpeak/CVE-2026-62735
CVE-2026-62737	DavidCarliez/cve-2026-62737-lab	https://github.com/DavidCarliez/cve-2026-62737-lab
CVE-2026-62737	loanvui/CVE-2026-62737	https://github.com/loanvui/CVE-2026-62737
CVE-2026-62911	hypnguyen1209/CVE-2026-62911	https://github.com/hypnguyen1209/CVE-2026-62911
CVE-2026-64531	suominen/ovswrap	https://github.com/suominen/ovswrap
CVE-2026-64531	mahfuzreham/OVSwrap-CVE-2026-64531-Mitigation-Tool	https://github.com/mahfuzreham/OVSwrap-CVE-2026-64531-Mitigation-Tool
CVE-2026-64531	0xBlackash/CVE-2026-64531	https://github.com/0xBlackash/CVE-2026-64531
CVE-2026-64531	HackSpeak/CVE-2026-64531	https://github.com/HackSpeak/CVE-2026-64531
CVE-2026-64600	0xBlackash/CVE-2026-64600	https://github.com/0xBlackash/CVE-2026-64600
CVE-2026-64600	HORKimhab/CVE-2026-64600	https://github.com/HORKimhab/CVE-2026-64600
CVE-2026-64600	vulnquest58/VQ-RefluxCore	https://github.com/vulnquest58/VQ-RefluxCore
CVE-2026-64600	Debajyoti0-0/CVE-2026-64600	https://github.com/Debajyoti0-0/CVE-2026-64600
CVE-2026-64600	litosmartin/CVE-2026-64600-Refluxfs-PoC	https://github.com/litosmartin/CVE-2026-64600-Refluxfs-PoC
CVE-2026-64600	bha-vin/CVE-2026-64600-Exploit	https://github.com/bha-vin/CVE-2026-64600-Exploit
CVE-2026-64600	letsr00t/RefluxFS_CVE-2026-64600	https://github.com/letsr00t/RefluxFS_CVE-2026-64600
CVE-2026-64600	masrikky/CVE-2026-64600-RefluXFS	https://github.com/masrikky/CVE-2026-64600-RefluXFS
CVE-2026-64600	0xSec1/CVE-2026-64600-RefluXFS-PoC	https://github.com/0xSec1/CVE-2026-64600-RefluXFS-PoC
CVE-2026-65893	CyberVinner/CP-PLUS-EZ-P21-CVE-2026-65893-65894	https://github.com/CyberVinner/CP-PLUS-EZ-P21-CVE-2026-65893-65894
CVE-2026-65893	ivmks74/IIITA-IoT-Security-Research	https://github.com/ivmks74/IIITA-IoT-Security-Research
CVE-2026-66804	ZeroDayVPN/CVE-2026-66804-CrossDevice-Service-EoP	https://github.com/ZeroDayVPN/CVE-2026-66804-CrossDevice-Service-EoP
CVE-2026-66804	DavidCarliez/CVE-2026-66804-CrossDevice-LPE	https://github.com/DavidCarliez/CVE-2026-66804-CrossDevice-LPE
CVE-2026-66804	CypherHippie/CVE-2026-66804	https://github.com/CypherHippie/CVE-2026-66804
CVE-2026-66804	Rat5ak/CVE-2026-66804-CrossDevice-Service-EoP	https://github.com/Rat5ak/CVE-2026-66804-CrossDevice-Service-EoP
CVE-2026-66906	oscerd/CVE-2026-66906	https://github.com/oscerd/CVE-2026-66906
CVE-2026-66907	oscerd/CVE-2026-66907	https://github.com/oscerd/CVE-2026-66907
CVE-2026-67599	LazyTitan33/CVE-2026-67599_ClearOS_RCE	https://github.com/LazyTitan33/CVE-2026-67599_ClearOS_RCE
CVE-2026-67687	qflksheep/CVE-2026-67687-ICS-Park-Smart-Park-Management-System-v2.0	https://github.com/qflksheep/CVE-2026-67687-ICS-Park-Smart-Park-Management-System-v2.0
CVE-2026-68121	0xBlackash/CVE-2026-68121	https://github.com/0xBlackash/CVE-2026-68121
CVE-2026-68121	HORKimhab/CVE-2026-68121	https://github.com/HORKimhab/CVE-2026-68121
CVE-2026-69328	0xf9b6a41ec/CVE-2026-69328	https://github.com/0xf9b6a41ec/CVE-2026-69328
CVE-2026-69414	1neptune/ShieldBreak	https://github.com/1neptune/ShieldBreak
CVE-2026-69451	fj016/CVE-2026-69451-PoC	https://github.com/fj016/CVE-2026-69451-PoC
CVE-2026-74939	SneakyNachos/CVE-2026-74939-escape-the-mac-n-cheese-box	https://github.com/SneakyNachos/CVE-2026-74939-escape-the-mac-n-cheese-box
CVE-2026-75616	totekuh/CVE-2026-75616	https://github.com/totekuh/CVE-2026-75616
CVE-2026-80844	0xBlackash/CVE-2026-80844	https://github.com/0xBlackash/CVE-2026-80844
CVE-2026-80844	HORKimhab/CVE-2026-80844	https://github.com/HORKimhab/CVE-2026-80844
CVE-2026-81000	0xBlackash/CVE-2026-81000	https://github.com/0xBlackash/CVE-2026-81000
CVE-2026-81000	HORKimhab/CVE-2026-81000	https://github.com/HORKimhab/CVE-2026-81000
CVE-2026-81294	abraxas/CVE-2026-81294	https://github.com/abraxas/CVE-2026-81294
CVE-2026-86283	Freire007-byte/sentric-core	https://github.com/Freire007-byte/sentric-core
CVE-2026-91097	murrez/HP-HPLIP-Mass-CVE-checker-2026-09-	https://github.com/murrez/HP-HPLIP-Mass-CVE-checker-2026-09-
CVE-2026-91097	Nxploited/CVE-2026-91097-CVE-2026-91106	https://github.com/Nxploited/CVE-2026-91097-CVE-2026-91106
CVE-2025-6254	xxconi/CVE-2025-6254	https://github.com/xxconi/CVE-2025-6254
CVE-2025-6254	Yucaerin/CVE-2025-6254	https://github.com/Yucaerin/CVE-2025-6254
CVE-2025-14736	hyunchiya/CVE-2025-14736	https://github.com/hyunchiya/CVE-2025-14736
CVE-2025-14998	KTN1990/CVE-2025-14998	https://github.com/KTN1990/CVE-2025-14998
CVE-2025-15001	r00thex/CVE-2025-15001-Exploit	https://github.com/r00thex/CVE-2025-15001-Exploit
CVE-2025-15100	gduma-phData/patch-CVE-2025-15100	https://github.com/gduma-phData/patch-CVE-2025-15100
CVE-2025-15403	Nxploited/CVE-2025-15403	https://github.com/Nxploited/CVE-2025-15403
CVE-2025-15521	Nxploited/CVE-2025-15521	https://github.com/Nxploited/CVE-2025-15521
CVE-2025-15545	Xernary/CVE-2025-15545	https://github.com/Xernary/CVE-2025-15545
CVE-2025-62676	SpacePlant/FortiLPE	https://github.com/SpacePlant/FortiLPE
CVE-2025-63945	alexlee820/CVE-2025-63945-Tencent-iOA-EoP	https://github.com/alexlee820/CVE-2025-63945-Tencent-iOA-EoP
CVE-2025-63946	alexlee820/CVE-2025-63946-Tencent-PC-Manager-EoP	https://github.com/alexlee820/CVE-2025-63946-Tencent-PC-Manager-EoP
CVE-2025-66024	lukasz-rybak/CVE-2025-66024	https://github.com/lukasz-rybak/CVE-2025-66024
CVE-2025-67158	Remenis/CVE-2025-67158	https://github.com/Remenis/CVE-2025-67158
CVE-2025-67246	CDipper/CVE-2025-67246	https://github.com/CDipper/CVE-2025-67246
CVE-2025-68721	osmancanvural/CVE-2025-68721	https://github.com/osmancanvural/CVE-2025-68721
CVE-2025-68723	osmancanvural/CVE-2025-68723	https://github.com/osmancanvural/CVE-2025-68723
CVE-2025-69599	Wise-Security/CVE-2025-69599	https://github.com/Wise-Security/CVE-2025-69599
CVE-2025-69822	CipherX1802/CVE-2025-69822-Atomberg_Erica_SmatFan_Security_Assessment	https://github.com/CipherX1802/CVE-2025-69822-Atomberg_Erica_SmatFan_Security_Assessment
CVE-2025-70559	isukasanuj/CVE-2025-70559	https://github.com/isukasanuj/CVE-2025-70559
CVE-2019-25485	TheMalwareGuardian/CVE-2019-25485	https://github.com/TheMalwareGuardian/CVE-2019-25485
CVE-2025-0087	SpiralBL0CK/CVE-2025-0087-	https://github.com/SpiralBL0CK/CVE-2025-0087-
CVE-2025-0087	SpiralBL0CK/CVE-2025-0087	https://github.com/SpiralBL0CK/CVE-2025-0087
CVE-2025-0117	s3c/globalprotect-ca-cert-ipc	https://github.com/s3c/globalprotect-ca-cert-ipc
CVE-2025-0288	barhen12/CVE-2025-0288	https://github.com/barhen12/CVE-2025-0288
CVE-2025-0288	MeisamEb/CVE-2025-0288	https://github.com/MeisamEb/CVE-2025-0288
CVE-2025-0309	AmberWolfCyber/UpSkope	https://github.com/AmberWolfCyber/UpSkope
CVE-2025-0324	kemrec/CVE-2025-0324-axis-vapix-privesc	https://github.com/kemrec/CVE-2025-0324-axis-vapix-privesc
CVE-2025-0886	JNDataRT/VirtualLockSensorLPE	https://github.com/JNDataRT/VirtualLockSensorLPE
CVE-2025-1055	diego-tella/CVE-2025-1055-poc	https://github.com/diego-tella/CVE-2025-1055-poc
CVE-2025-1910	lutrasecurity/CVE-2025-1910-WatchGuard-Privilege-Escalation	https://github.com/lutrasecurity/CVE-2025-1910-WatchGuard-Privilege-Escalation
CVE-2025-2266	Nxploited/CVE-2025-2266	https://github.com/Nxploited/CVE-2025-2266
CVE-2025-2304	whiteov3rflow/CVE-2025-2304-POC	https://github.com/whiteov3rflow/CVE-2025-2304-POC
CVE-2025-2304	d3vn0mi/CVE-2025-2304-POC	https://github.com/d3vn0mi/CVE-2025-2304-POC
CVE-2025-2304	innocentx0/CVE-2025-2304-POC	https://github.com/innocentx0/CVE-2025-2304-POC
CVE-2025-2304	the8frust/CVE-2025-2304	https://github.com/the8frust/CVE-2025-2304
CVE-2025-2304	AzureADTrent/CVE-2025-2304_POC	https://github.com/AzureADTrent/CVE-2025-2304_POC
CVE-2025-2304	lil0xplorer/CVE-2025-2304-PoC	https://github.com/lil0xplorer/CVE-2025-2304-PoC
CVE-2025-2304	predyy/CVE-2025-2304	https://github.com/predyy/CVE-2025-2304
CVE-2025-2304	7acini/CVE-2025-2304-CamaleonCMS-PoC	https://github.com/7acini/CVE-2025-2304-CamaleonCMS-PoC
CVE-2025-2304	Alien0ne/CVE-2025-2304	https://github.com/Alien0ne/CVE-2025-2304
CVE-2025-2304	PwnManjaro/CVE-2025-2304	https://github.com/PwnManjaro/CVE-2025-2304
CVE-2025-2304	sparrowhawk1113/Exploit-for-CVE-2025-2304	https://github.com/sparrowhawk1113/Exploit-for-CVE-2025-2304
CVE-2025-2304	CsuriBird/CVE-2025-2304	https://github.com/CsuriBird/CVE-2025-2304
CVE-2025-2304	estebanzarate/CVE-2025-2304-Camaleon-CMS-Mass-Assignment-Privilege-Escalation-PoC	https://github.com/estebanzarate/CVE-2025-2304-Camaleon-CMS-Mass-Assignment-Privilege-Escalation-PoC
CVE-2025-2304	mattiapertusati/htb-facts	https://github.com/mattiapertusati/htb-facts
CVE-2025-2304	Jeanback1/CVE-2025-2304-exploit	https://github.com/Jeanback1/CVE-2025-2304-exploit
CVE-2025-2304	karimelsheikh1/HTB-Facts-Writeup	https://github.com/karimelsheikh1/HTB-Facts-Writeup
CVE-2025-2304	askiesec/CVE-2025-2304-POC	https://github.com/askiesec/CVE-2025-2304-POC
CVE-2025-2304	0xk4rth1/CVE-2025-2304	https://github.com/0xk4rth1/CVE-2025-2304
CVE-2025-2502	IHK-ONE/CVE-2025-2502	https://github.com/IHK-ONE/CVE-2025-2502
CVE-2025-2563	ubaydev/CVE-2025-2563	https://github.com/ubaydev/CVE-2025-2563
CVE-2025-2563	0axz-tools/CVE-2025-2563-POC	https://github.com/0axz-tools/CVE-2025-2563-POC
CVE-2025-2563	Nxploited/CVE-2025-2563	https://github.com/Nxploited/CVE-2025-2563
CVE-2025-2563	dokter69/CVE-2025-2563	https://github.com/dokter69/CVE-2025-2563
CVE-2025-3500	chicken3962/CVE-2025-3500-Poc	https://github.com/chicken3962/CVE-2025-3500-Poc
CVE-2025-3604	Nxploited/CVE-2025-3604	https://github.com/Nxploited/CVE-2025-3604
CVE-2025-3605	Nxploited/CVE-2025-3605	https://github.com/Nxploited/CVE-2025-3605
CVE-2025-4322	IndominusRexes/CVE-2025-4322-Exploit	https://github.com/IndominusRexes/CVE-2025-4322-Exploit
CVE-2025-4322	Yucaerin/CVE-2025-4322	https://github.com/Yucaerin/CVE-2025-4322
CVE-2025-4322	gmh5225/Blackash-CVE-2025-4322	https://github.com/gmh5225/Blackash-CVE-2025-4322
CVE-2025-4322	zedeq/WP-CVE-2025-4322---Scan	https://github.com/zedeq/WP-CVE-2025-4322---Scan
CVE-2025-4334	Nxploited/CVE-2025-4334	https://github.com/Nxploited/CVE-2025-4334
CVE-2025-4334	0xgh057r3c0n/CVE-2025-4334	https://github.com/0xgh057r3c0n/CVE-2025-4334
CVE-2025-4334	vinodwick/CVE-2025-4334	https://github.com/vinodwick/CVE-2025-4334
CVE-2025-4404	Im10n/CVE-2025-4404-POC	https://github.com/Im10n/CVE-2025-4404-POC
CVE-2025-4601	Yucaerin/CVE-2025-4601	https://github.com/Yucaerin/CVE-2025-4601
CVE-2025-4606	Yucaerin/CVE-2025-4606	https://github.com/Yucaerin/CVE-2025-4606
CVE-2025-4606	UcenHaxor07/CVE-2025-4606	https://github.com/UcenHaxor07/CVE-2025-4606
CVE-2025-4606	Yetazyyy/CVE-2025-4606	https://github.com/Yetazyyy/CVE-2025-4606
CVE-2025-4631	Nxploited/CVE-2025-4631	https://github.com/Nxploited/CVE-2025-4631
CVE-2025-4796	Nxploited/CVE-2025-4796	https://github.com/Nxploited/CVE-2025-4796
CVE-2025-4796	AnotherSec/CVE-2025-4796	https://github.com/AnotherSec/CVE-2025-4796
CVE-2025-5288	Nxploited/CVE-2025-5288	https://github.com/Nxploited/CVE-2025-5288
CVE-2025-5304	Nxploited/CVE-2025-5304	https://github.com/Nxploited/CVE-2025-5304
CVE-2025-5701	Nxploited/CVE-2025-5701	https://github.com/Nxploited/CVE-2025-5701
CVE-2025-5701	RandomRobbieBF/CVE-2025-5701	https://github.com/RandomRobbieBF/CVE-2025-5701
CVE-2025-5947	M4rgs/CVE-2025-5947_Exploit	https://github.com/M4rgs/CVE-2025-5947_Exploit
CVE-2025-5947	xxconi/CVE-2025-5947	https://github.com/xxconi/CVE-2025-5947
CVE-2025-6018	iamgithubber/CVE-2025-6018-19-exploit	https://github.com/iamgithubber/CVE-2025-6018-19-exploit
CVE-2025-6018	dreysanox/CVE-2025-6018_Poc	https://github.com/dreysanox/CVE-2025-6018_Poc
CVE-2025-6018	euxem/Analyse-faille-de-s-curit-CVE-2025-6018-CVE-2025-6019	https://github.com/euxem/Analyse-faille-de-s-curit-CVE-2025-6018-CVE-2025-6019
CVE-2025-6018	AzureADTrent/CVE-2025-6018-and-CVE-2025-6019-Privilege-Escalation	https://github.com/AzureADTrent/CVE-2025-6018-and-CVE-2025-6019-Privilege-Escalation
CVE-2025-6018	muyuanlove/CVE-2025-6018-CVE-2025-6019-Privilege-Escalation-Exploit	https://github.com/muyuanlove/CVE-2025-6018-CVE-2025-6019-Privilege-Escalation-Exploit
CVE-2025-6018	0rionCollector/Exploit-Chain-CVE-2025-6018-6019	https://github.com/0rionCollector/Exploit-Chain-CVE-2025-6018-6019
CVE-2025-6018	MichaelVenturella/CVE-2025-6018-6019-PoC	https://github.com/MichaelVenturella/CVE-2025-6018-6019-PoC
CVE-2025-6018	Goultarde/CVE-2025-6018_CVE-2025-6019_autopwn	https://github.com/Goultarde/CVE-2025-6018_CVE-2025-6019_autopwn
CVE-2025-6018	matesz44/CVE-2025-6018-19	https://github.com/matesz44/CVE-2025-6018-19
CVE-2025-6018	DesertDemons/CVE-2025-6018-6019	https://github.com/DesertDemons/CVE-2025-6018-6019
CVE-2025-6018	localh0ste/CVE-2025-6018-and-CVE-2025-6019	https://github.com/localh0ste/CVE-2025-6018-and-CVE-2025-6019
CVE-2025-6018	MaxKappa/opensuse-leap-privesc-exploit	https://github.com/MaxKappa/opensuse-leap-privesc-exploit
CVE-2025-6018	iOxsec/CVE-2025-6018-CVE-2025-6019-Privilege-Escalation-Exploit	https://github.com/iOxsec/CVE-2025-6018-CVE-2025-6019-Privilege-Escalation-Exploit
CVE-2025-6018	e1arth/CVE-2025-6018	https://github.com/e1arth/CVE-2025-6018
CVE-2025-6019	guinea-offensive-security/CVE-2025-6019	https://github.com/guinea-offensive-security/CVE-2025-6019
CVE-2025-6019	And-oss/CVE-2025-6019-exploit	https://github.com/And-oss/CVE-2025-6019-exploit
CVE-2025-6019	neko205-mx/CVE-2025-6019_Exploit	https://github.com/neko205-mx/CVE-2025-6019_Exploit
CVE-2025-6019	harshitvarma05/CVE-2025-6019	https://github.com/harshitvarma05/CVE-2025-6019
CVE-2025-6019	robbin0919/CVE-2025-6019	https://github.com/robbin0919/CVE-2025-6019
CVE-2025-6019	phamdinhquy2512/CVE-2025-6019-Exploitation	https://github.com/phamdinhquy2512/CVE-2025-6019-Exploitation
CVE-2025-6019	0x5chltz/CVE-2025-6019	https://github.com/0x5chltz/CVE-2025-6019
CVE-2025-6019	symphony2colour/CVE-2025-6019-udisks-lpe-no-image	https://github.com/symphony2colour/CVE-2025-6019-udisks-lpe-no-image
CVE-2025-6019	tr3m0x/CVE-2025-6019	https://github.com/tr3m0x/CVE-2025-6019
CVE-2025-6019	JM00NJ/CVE-2025-6019-udisks2-XFS-Resize-TOCTOU-Privilege-Escalation	https://github.com/JM00NJ/CVE-2025-6019-udisks2-XFS-Resize-TOCTOU-Privilege-Escalation
CVE-2025-6325	JohenLastGen-JLG/CVE-2025-6325_CVE-2025-6327	https://github.com/JohenLastGen-JLG/CVE-2025-6325_CVE-2025-6327
CVE-2025-6758	Nxploited/CVE-2025-6758	https://github.com/Nxploited/CVE-2025-6758
CVE-2025-6759	olljanat/TestCitrixException	https://github.com/olljanat/TestCitrixException
CVE-2025-6934	Nxploited/CVE-2025-6934	https://github.com/Nxploited/CVE-2025-6934
CVE-2025-6934	MrjHaxcore/CVE-2025-6934	https://github.com/MrjHaxcore/CVE-2025-6934
CVE-2025-6934	0xgh057r3c0n/CVE-2025-6934	https://github.com/0xgh057r3c0n/CVE-2025-6934
CVE-2025-6934	yukinime/CVE-2025-6934	https://github.com/yukinime/CVE-2025-6934
CVE-2025-6934	AnotherSec/CVE-2025-6934	https://github.com/AnotherSec/CVE-2025-6934
CVE-2025-6934	Rosemary1337/CVE-2025-6934	https://github.com/Rosemary1337/CVE-2025-6934
CVE-2025-6934	Jenderal92/WP-CVE-2025-6934	https://github.com/Jenderal92/WP-CVE-2025-6934
CVE-2025-6934	1atakan1/CVE-2025-6934	https://github.com/1atakan1/CVE-2025-6934
CVE-2025-6934	0xTerror/CVE-2025-6934	https://github.com/0xTerror/CVE-2025-6934
CVE-2025-6934	MejbanKadir/CVE-2025-6934-PoC	https://github.com/MejbanKadir/CVE-2025-6934-PoC
CVE-2025-7026	Tobss8/GIGABYTE-H510M-K-V2-BIOS-SMM-Reverse-Engineering-CVE-2025-7026-7027-7028-7029-Research	https://github.com/Tobss8/GIGABYTE-H510M-K-V2-BIOS-SMM-Reverse-Engineering-CVE-2025-7026-7027-7028-7029-Research
CVE-2025-7029	ARES-SYS/uefi_bootkit_softlanding	https://github.com/ARES-SYS/uefi_bootkit_softlanding
CVE-2025-7771	wqsv/ThrottleStopPoC	https://github.com/wqsv/ThrottleStopPoC
CVE-2025-7771	Demoo1337/ThrottleStop	https://github.com/Demoo1337/ThrottleStop
CVE-2025-7771	Gabriel-Lacorte/CVE-2025-7771	https://github.com/Gabriel-Lacorte/CVE-2025-7771
CVE-2025-7771	AmrHuss/throttlestop-exploit-rw	https://github.com/AmrHuss/throttlestop-exploit-rw
CVE-2025-7771	v31l0x1/ThrottleStopPPL	https://github.com/v31l0x1/ThrottleStopPPL
CVE-2025-7771	xM0kht4r/CVE-2025-7771	https://github.com/xM0kht4r/CVE-2025-7771
CVE-2025-7771	lzty/CVE-2025-7771	https://github.com/lzty/CVE-2025-7771
CVE-2025-7771	DeathShotXD/0xKern3lCrush	https://github.com/DeathShotXD/0xKern3lCrush
CVE-2025-7771	D4rkks/CVE-2025-7771-Vulnerability-Exploration	https://github.com/D4rkks/CVE-2025-7771-Vulnerability-Exploration
CVE-2025-7771	mein-0/cve-2025-7771	https://github.com/mein-0/cve-2025-7771
CVE-2025-7771	enessakircolak/CVE-2025-7771	https://github.com/enessakircolak/CVE-2025-7771
CVE-2025-7771	yulisec/CVE-2025-7771	https://github.com/yulisec/CVE-2025-7771
CVE-2025-8061	symeonp/Lenovo-CVE-2025-8061	https://github.com/symeonp/Lenovo-CVE-2025-8061
CVE-2025-8061	segura2010/lenovo-dispatcher-poc	https://github.com/segura2010/lenovo-dispatcher-poc
CVE-2025-8061	spawn451/CVE-2025-8061-Exploit	https://github.com/spawn451/CVE-2025-8061-Exploit
CVE-2025-8061	vxqs/Lenovo-CVE-2025-8061	https://github.com/vxqs/Lenovo-CVE-2025-8061
CVE-2025-8061	uLl0a/MSRMapper	https://github.com/uLl0a/MSRMapper
CVE-2025-8067	born0monday/CVE-2025-8067	https://github.com/born0monday/CVE-2025-8067
CVE-2025-8570	Nxploited/CVE-2025-8570	https://github.com/Nxploited/CVE-2025-8570
CVE-2025-8625	Nxploited/CVE-2025-8625	https://github.com/Nxploited/CVE-2025-8625
CVE-2025-8625	ret0x2A/CVE-2025-8625	https://github.com/ret0x2A/CVE-2025-8625
CVE-2025-9074	XRayZen/cve-2025-9074-poc	https://github.com/XRayZen/cve-2025-9074-poc
CVE-2025-9074	zenzue/CVE-2025-9074	https://github.com/zenzue/CVE-2025-9074
CVE-2025-9074	j3r1ch0123/CVE-2025-9074	https://github.com/j3r1ch0123/CVE-2025-9074
CVE-2025-9074	pucagit/CVE-2025-9074	https://github.com/pucagit/CVE-2025-9074
CVE-2025-9074	OilSeller2001/PoC-for-CVE-2025-9074	https://github.com/OilSeller2001/PoC-for-CVE-2025-9074
CVE-2025-9074	BridgerAlderson/CVE-2025-9074-PoC	https://github.com/BridgerAlderson/CVE-2025-9074-PoC
CVE-2025-9074	xwpdx0/poc-2025-9074	https://github.com/xwpdx0/poc-2025-9074
CVE-2025-9074	PtechAmanja/CVE-2025-9074-Docker-Desktop-Container-Escape	https://github.com/PtechAmanja/CVE-2025-9074-Docker-Desktop-Container-Escape
CVE-2025-9074	pppxo/CVE-2025-9074-PoC-Bash	https://github.com/pppxo/CVE-2025-9074-PoC-Bash
CVE-2025-9074	3rendil/CVE-2025-9074-POC	https://github.com/3rendil/CVE-2025-9074-POC
CVE-2025-9074	zaydbf/CVE-2025-9074-Poc	https://github.com/zaydbf/CVE-2025-9074-Poc
CVE-2025-9074	Shaoshi17/CVE-2025-9074-Docker-Exploit	https://github.com/Shaoshi17/CVE-2025-9074-Docker-Exploit
CVE-2025-9074	x0da6h/POC-for-CVE-2025-9074	https://github.com/x0da6h/POC-for-CVE-2025-9074
CVE-2025-9074	matesz44/CVE-2025-9074	https://github.com/matesz44/CVE-2025-9074
CVE-2025-9074	rocket-panda/CVE-2025-9074	https://github.com/rocket-panda/CVE-2025-9074
CVE-2025-9074	chernandez321/CVE-2025-9074-docker-escape	https://github.com/chernandez321/CVE-2025-9074-docker-escape
CVE-2025-9074	Medaz-Sploit/CVE-2025-9074-Docker-Desktop-API-Escape-PoC	https://github.com/Medaz-Sploit/CVE-2025-9074-Docker-Desktop-API-Escape-PoC
CVE-2025-9074	c0gnit00/CVE-2025-9074	https://github.com/c0gnit00/CVE-2025-9074
CVE-2025-9286	Nxploited/CVE-2025-9286	https://github.com/Nxploited/CVE-2025-9286
CVE-2025-9967	jFriedli/CVE-2025-9967	https://github.com/jFriedli/CVE-2025-9967
CVE-2025-10576	R41N3RZUF477/CVE-2025-10576	https://github.com/R41N3RZUF477/CVE-2025-10576
CVE-2025-10725	kaiokmo/cve-2025-10725-eda-demo	https://github.com/kaiokmo/cve-2025-10725-eda-demo
CVE-2025-11749	Nxploited/CVE-2025-11749	https://github.com/Nxploited/CVE-2025-11749
CVE-2025-12744	initstring/abrt_root	https://github.com/initstring/abrt_root
CVE-2025-14156	Nxploited/CVE-2025-14156	https://github.com/Nxploited/CVE-2025-14156
CVE-2025-14364	Nxploited/CVE-2025-14364	https://github.com/Nxploited/CVE-2025-14364
CVE-2025-20700	SpiritualMachines/buds-audit	https://github.com/SpiritualMachines/buds-audit
CVE-2025-20701	x0jac0b0x/skullcandy-dime3-cve-2025-20701	https://github.com/x0jac0b0x/skullcandy-dime3-cve-2025-20701
CVE-2025-21204	mmotti/Reset-inetpub	https://github.com/mmotti/Reset-inetpub
CVE-2025-21293	ahmedumarehman/CVE-2025-21293	https://github.com/ahmedumarehman/CVE-2025-21293
CVE-2025-21420	Dmitri131313/CVE-2025-21420-PoC	https://github.com/Dmitri131313/CVE-2025-21420-PoC
CVE-2025-21420	moiz-2x/CVE-2025-21420_POC	https://github.com/moiz-2x/CVE-2025-21420_POC
CVE-2025-21692	volticks/CVE-2025-21692-poc	https://github.com/volticks/CVE-2025-21692-poc
CVE-2025-22441	michalbednarski/ResourcePoison	https://github.com/michalbednarski/ResourcePoison
CVE-2025-22442	Hasan-Al-Hussein/android-workprofile-exploit	https://github.com/Hasan-Al-Hussein/android-workprofile-exploit
CVE-2025-23266	jpts/cve-2025-23266-poc	https://github.com/jpts/cve-2025-23266-poc
CVE-2025-23266	r0binak/CVE-2025-23266	https://github.com/r0binak/CVE-2025-23266
CVE-2025-23266	Mindasy/cve-2025-23266-migration-bypass	https://github.com/Mindasy/cve-2025-23266-migration-bypass
CVE-2025-23266	mrk336/CVE-2025-23266	https://github.com/mrk336/CVE-2025-23266
CVE-2025-23266	CR1MS0N-Operator/security-research	https://github.com/CR1MS0N-Operator/security-research
CVE-2025-24076	mbanyamer/CVE-2025-24076	https://github.com/mbanyamer/CVE-2025-24076
CVE-2025-24999	emad-almousa/CVE-2025-24999	https://github.com/emad-almousa/CVE-2025-24999
CVE-2025-25614	armaansidana2003/CVE-2025-25614	https://github.com/armaansidana2003/CVE-2025-25614
CVE-2025-25617	armaansidana2003/CVE-2025-25617	https://github.com/armaansidana2003/CVE-2025-25617
CVE-2025-25618	armaansidana2003/CVE-2025-25618	https://github.com/armaansidana2003/CVE-2025-25618
CVE-2025-25968	padayali-JD/CVE-2025-25968	https://github.com/padayali-JD/CVE-2025-25968
CVE-2025-26125	ZeroMemoryEx/CVE-2025-26125	https://github.com/ZeroMemoryEx/CVE-2025-26125
CVE-2025-26206	xibhi/CVE-2025-26206	https://github.com/xibhi/CVE-2025-26206
CVE-2025-26443	Pazhanivelmani/ManagedProvisioning-A10_r33_CVE-2025-26443	https://github.com/Pazhanivelmani/ManagedProvisioning-A10_r33_CVE-2025-26443
CVE-2025-27007	absholi7ly/CVE-2025-27007-OttoKit-exploit	https://github.com/absholi7ly/CVE-2025-27007-OttoKit-exploit
CVE-2025-27237	HackingLZ/CVE-2025-27237	https://github.com/HackingLZ/CVE-2025-27237
CVE-2025-27580	TrustStackSecurity/CVE-2025-27580	https://github.com/TrustStackSecurity/CVE-2025-27580
CVE-2025-27591	obamalaolu/CVE-2025-27591	https://github.com/obamalaolu/CVE-2025-27591
CVE-2025-27591	rvzsec/CVE-2025-27591	https://github.com/rvzsec/CVE-2025-27591
CVE-2025-27591	BridgerAlderson/CVE-2025-27591-PoC	https://github.com/BridgerAlderson/CVE-2025-27591-PoC
CVE-2025-27591	dollarboysushil/Linux-Privilege-Escalation-CVE-2025-27591	https://github.com/dollarboysushil/Linux-Privilege-Escalation-CVE-2025-27591
CVE-2025-27591	alialucas7/CVE-2025-27591_PoC	https://github.com/alialucas7/CVE-2025-27591_PoC
CVE-2025-27591	incommatose/CVE-2025-27591-PoC	https://github.com/incommatose/CVE-2025-27591-PoC
CVE-2025-27591	00xCanelo/CVE-2025-27591	https://github.com/00xCanelo/CVE-2025-27591
CVE-2025-27591	Thekin-ctrl/CVE-2025-27591-Below	https://github.com/Thekin-ctrl/CVE-2025-27591-Below
CVE-2025-27591	Cythonic1/CVE-2025-27591	https://github.com/Cythonic1/CVE-2025-27591
CVE-2025-27591	umutcamliyurt/CVE-2025-27591	https://github.com/umutcamliyurt/CVE-2025-27591
CVE-2025-27591	danil-koltsov/below-log-race-poc	https://github.com/danil-koltsov/below-log-race-poc
CVE-2025-27591	VisaiCyber/CVE-2025-27591-below-	https://github.com/VisaiCyber/CVE-2025-27591-below-
CVE-2025-27591	krn966/CVE-2025-27591	https://github.com/krn966/CVE-2025-27591
CVE-2025-27591	0xDTC/Below-Logger-Symlink-Attack_CVE-2025-27591	https://github.com/0xDTC/Below-Logger-Symlink-Attack_CVE-2025-27591
CVE-2025-27591	0x00Jeff/CVE-2025-27591	https://github.com/0x00Jeff/CVE-2025-27591
CVE-2025-27591	Stp1t/CVE-2025-27591	https://github.com/Stp1t/CVE-2025-27591
CVE-2025-27591	rippsec/CVE-2025-27591-Meta-below-LPE	https://github.com/rippsec/CVE-2025-27591-Meta-below-LPE
CVE-2025-27591	MoTechStore/CVE-2025-27591-PoC	https://github.com/MoTechStore/CVE-2025-27591-PoC
CVE-2025-28062	Thvt0ne/CVE-2025-28062	https://github.com/Thvt0ne/CVE-2025-28062
CVE-2025-29774	demining/Digital-Signature-Forgery-Attack	https://github.com/demining/Digital-Signature-Forgery-Attack
CVE-2025-29774	demining/Phantom-Signature-Attack	https://github.com/demining/Phantom-Signature-Attack
CVE-2025-29775	ethicalPap/CVE-2025-29775	https://github.com/ethicalPap/CVE-2025-29775
CVE-2025-29810	aleongx/CVE-2025-29810-check	https://github.com/aleongx/CVE-2025-29810-check
CVE-2025-30456	gduma-phData/patch-CVE-2025-30456	https://github.com/gduma-phData/patch-CVE-2025-30456
CVE-2025-30772	Nxploited/CVE-2025-30772	https://github.com/Nxploited/CVE-2025-30772
CVE-2025-31702	itres-labs/CVE-2025-31702	https://github.com/itres-labs/CVE-2025-31702
CVE-2025-31710	Skorpion96/unisoc-su	https://github.com/Skorpion96/unisoc-su
CVE-2025-31931	yohanes/POC-CVE-2025-31931	https://github.com/yohanes/POC-CVE-2025-31931
CVE-2025-32324	rifting/UnrestrictedUserCreator	https://github.com/rifting/UnrestrictedUserCreator
CVE-2025-34159	Eyodav/CVE-2025-34159	https://github.com/Eyodav/CVE-2025-34159
CVE-2025-34324	siddolo/gosign-desktop-exploit-poc	https://github.com/siddolo/gosign-desktop-exploit-poc
CVE-2025-39459	Nxploited/CVE-2025-39459	https://github.com/Nxploited/CVE-2025-39459
CVE-2025-39459	TheBl4ckPh4nt0m/CVE-2025-39459	https://github.com/TheBl4ckPh4nt0m/CVE-2025-39459
CVE-2025-39459	RootHarpy/CVE-2025-39459-Nuclei-Template	https://github.com/RootHarpy/CVE-2025-39459-Nuclei-Template
CVE-2025-39596	Nxploited/CVE-2025-39596	https://github.com/Nxploited/CVE-2025-39596
CVE-2025-41115	rockmelodies/Blackash-CVE-2025-41115	https://github.com/rockmelodies/Blackash-CVE-2025-41115
CVE-2025-41115	I3r1h0n/GrafanaSCIMalform	https://github.com/I3r1h0n/GrafanaSCIMalform
CVE-2025-43990	AMkkk221/CVE-2025-43990-Magento-RCE	https://github.com/AMkkk221/CVE-2025-43990-Magento-RCE
CVE-2025-46203	spbavarva/CVE-2025-46203	https://github.com/spbavarva/CVE-2025-46203
CVE-2025-46204	spbavarva/CVE-2025-46204	https://github.com/spbavarva/CVE-2025-46204
CVE-2025-47181	encrypter15/CVE-2025-47181	https://github.com/encrypter15/CVE-2025-47181
CVE-2025-47539	Nxploited/CVE-2025-47539	https://github.com/Nxploited/CVE-2025-47539
CVE-2025-47962	q1uf3ng/CVE-2025-47962-POC	https://github.com/q1uf3ng/CVE-2025-47962-POC
CVE-2025-47987	Kryptoenix/CVE-2025-47987_PoC	https://github.com/Kryptoenix/CVE-2025-47987_PoC
CVE-2025-47987	kaleth4/CVE-2025-47987	https://github.com/kaleth4/CVE-2025-47987
CVE-2025-48129	Nxploited/CVE-2025-48129	https://github.com/Nxploited/CVE-2025-48129
CVE-2025-48799	Wh04m1001/CVE-2025-48799	https://github.com/Wh04m1001/CVE-2025-48799
CVE-2025-48799	painoob/CVE-2025-48799	https://github.com/painoob/CVE-2025-48799
CVE-2025-48799	gmh5225/CVE-2025-48799-	https://github.com/gmh5225/CVE-2025-48799-
CVE-2025-49144	Vr00mm/CVE-2025-49144	https://github.com/Vr00mm/CVE-2025-49144
CVE-2025-49144	TheTorjanCaptain/CVE-2025-49144_PoC	https://github.com/TheTorjanCaptain/CVE-2025-49144_PoC
CVE-2025-49144	assad12341/notepad-v8.8.1-LPE-CVE-	https://github.com/assad12341/notepad-v8.8.1-LPE-CVE-
CVE-2025-49144	b0ySie7e/Notepad-8.8.1_CVE-2025-49144	https://github.com/b0ySie7e/Notepad-8.8.1_CVE-2025-49144
CVE-2025-49144	timsonner/CVE-2025-49144-Research	https://github.com/timsonner/CVE-2025-49144-Research
CVE-2025-49144	onniio/CVE-2025-49144	https://github.com/onniio/CVE-2025-49144
CVE-2025-49144	havertz2110/CVE-2025-49144-PoC	https://github.com/havertz2110/CVE-2025-49144-PoC
CVE-2025-49388	Nxploited/CVE-2025-49388	https://github.com/Nxploited/CVE-2025-49388
CVE-2025-50168	D4m0n/CVE-2025-50168-pwn2own-berlin-2025	https://github.com/D4m0n/CVE-2025-50168-pwn2own-berlin-2025
CVE-2025-50433	0xMandor/CVE-2025-50433	https://github.com/0xMandor/CVE-2025-50433
CVE-2025-50505	a0yami/CVE-2025-50505	https://github.com/a0yami/CVE-2025-50505
CVE-2025-50675	LukeSec/CVE-2025-50675-GPMAW-Permissions	https://github.com/LukeSec/CVE-2025-50675-GPMAW-Permissions
CVE-2025-51726	meisterlos/CVE-2025-51726	https://github.com/meisterlos/CVE-2025-51726
CVE-2025-52078	Yucaerin/CVE-2025-52078	https://github.com/Yucaerin/CVE-2025-52078
CVE-2025-52289	Madhav-Bhardwaj/CVE-2025-52289	https://github.com/Madhav-Bhardwaj/CVE-2025-52289
CVE-2025-52357	wrathfulDiety/CVE-2025-52357	https://github.com/wrathfulDiety/CVE-2025-52357
CVE-2025-52970	Hex00-0x4/FortiWeb-CVE-2025-52970-Authentication-Bypass	https://github.com/Hex00-0x4/FortiWeb-CVE-2025-52970-Authentication-Bypass
CVE-2025-52970	34zY/CVE-2025-52970	https://github.com/34zY/CVE-2025-52970
CVE-2025-52970	imbas007/POC-CVE-2025-52970	https://github.com/imbas007/POC-CVE-2025-52970
CVE-2025-53580	Nxploited/CVE-2025-53580	https://github.com/Nxploited/CVE-2025-53580
CVE-2025-53779	b5null/Invoke-BadSuccessor.ps1	https://github.com/b5null/Invoke-BadSuccessor.ps1
CVE-2025-53779	Musa-xvi/Active-Directory-BadSuccessor	https://github.com/Musa-xvi/Active-Directory-BadSuccessor
CVE-2025-53779	razureink/cve-2025-53779-kerberos_bypass_reproduction	https://github.com/razureink/cve-2025-53779-kerberos_bypass_reproduction
CVE-2025-54110	canomer/CVE-2025-54110-Kernel-EoP-PoC	https://github.com/canomer/CVE-2025-54110-Kernel-EoP-PoC
CVE-2025-54123	kasem545/CVE-2025-54123-Poc	https://github.com/kasem545/CVE-2025-54123-Poc
CVE-2025-54123	tristanqtn/CVE-2025-54123	https://github.com/tristanqtn/CVE-2025-54123
CVE-2025-54123	f4dee-backup/CVE-2025-54123	https://github.com/f4dee-backup/CVE-2025-54123
CVE-2025-54123	davidzzo23/CVE-2025-54123	https://github.com/davidzzo23/CVE-2025-54123
CVE-2025-54123	0x00phantom-hat/Hoverfly-1.11.3-RCE-CVE-2025-54123-Exploit	https://github.com/0x00phantom-hat/Hoverfly-1.11.3-RCE-CVE-2025-54123-Exploit
CVE-2025-54123	0xk4rth1/CVE-2025-54123	https://github.com/0xk4rth1/CVE-2025-54123
CVE-2025-54914	mrk336/Azure-Networking-Privilege-Escalation-Exploit-CVE-2025-54914	https://github.com/mrk336/Azure-Networking-Privilege-Escalation-Exploit-CVE-2025-54914
CVE-2025-54914	Ash1996x/CVE-2025-54914-PoC	https://github.com/Ash1996x/CVE-2025-54914-PoC
CVE-2025-54918	mrk336/From-Foothold-to-Domain-Admin-Weaponizing-CVE-2025-54918-in-Real-World-DevOps	https://github.com/mrk336/From-Foothold-to-Domain-Admin-Weaponizing-CVE-2025-54918-in-Real-World-DevOps
CVE-2025-54918	Wh0am123/CVE-2025-54918-POC	https://github.com/Wh0am123/CVE-2025-54918-POC
CVE-2025-55234	mrk336/CVE-2025-55234	https://github.com/mrk336/CVE-2025-55234
CVE-2025-55234	mrk336/Patch-the-Path-CVE-2025-55234-Detection-Defense	https://github.com/mrk336/Patch-the-Path-CVE-2025-55234-Detection-Defense
CVE-2025-55320	synacktiv/CVE-2025-55320	https://github.com/synacktiv/CVE-2025-55320
CVE-2025-55885	0xZeroSec/CVE-2025-55885	https://github.com/0xZeroSec/CVE-2025-55885
CVE-2025-56499	Cherrling/CVE-2025-56499	https://github.com/Cherrling/CVE-2025-56499
CVE-2025-56503	secxplorers/CVE-2025-56503	https://github.com/secxplorers/CVE-2025-56503
CVE-2025-57392	meisterlos/CVE-2025-57392	https://github.com/meisterlos/CVE-2025-57392
CVE-2025-57489	graypixel2121/CVE-2025-57489	https://github.com/graypixel2121/CVE-2025-57489
CVE-2025-58726	jonaslejon/ad-autopwn	https://github.com/jonaslejon/ad-autopwn
CVE-2025-59194	kawaii-ghost/CVE-2025-59194	https://github.com/kawaii-ghost/CVE-2025-59194
CVE-2025-59213	synacktiv/CVE-2025-59213	https://github.com/synacktiv/CVE-2025-59213
CVE-2025-60709	KONDORDEVSECURITYCORP/CVE-2025-60709	https://github.com/KONDORDEVSECURITYCORP/CVE-2025-60709
CVE-2025-60719	akamai/CVE-2025-60719-AFD.SYS	https://github.com/akamai/CVE-2025-60719-AFD.SYS
CVE-2025-61156	D7EAD/CVE-2025-61156	https://github.com/D7EAD/CVE-2025-61156
CVE-2025-61765	locus-x64/CVE-2025-61765_PoC	https://github.com/locus-x64/CVE-2025-61765_PoC
CVE-2025-62454	96613686/CVE-2025-62454	https://github.com/96613686/CVE-2025-62454
CVE-2025-62470	96613686/CVE-2025-62470	https://github.com/96613686/CVE-2025-62470
CVE-2025-62506	yoshino-s/CVE-2025-62506	https://github.com/yoshino-s/CVE-2025-62506
CVE-2025-63602	D7EAD/CVE-2025-63602	https://github.com/D7EAD/CVE-2025-63602
CVE-2025-65094	lukasz-rybak/CVE-2025-65094	https://github.com/lukasz-rybak/CVE-2025-65094
CVE-2025-65271	1337Skid/CVE-2025-65271	https://github.com/1337Skid/CVE-2025-65271
CVE-2025-67875	lukasz-rybak/CVE-2025-67875	https://github.com/lukasz-rybak/CVE-2025-67875
CVE-2024-10930	sahil3276/CVE-2024-10930	https://github.com/sahil3276/CVE-2024-10930
CVE-2024-11467	null-event/CVE-2024-11467	https://github.com/null-event/CVE-2024-11467
CVE-2024-32444	rxerium/CVE-2024-32444	https://github.com/rxerium/CVE-2024-32444
CVE-2024-40586	Hagrid29/CVE-2024-40586-Windows-Coerced-Authentication-in-FortiClient	https://github.com/Hagrid29/CVE-2024-40586-Windows-Coerced-Authentication-in-FortiClient
CVE-2024-40676	CrackerCat/accounts_CVE-2024-40676-	https://github.com/CrackerCat/accounts_CVE-2024-40676-
CVE-2024-48197	GCatt-AS/CVE-2024-48197	https://github.com/GCatt-AS/CVE-2024-48197
CVE-2024-48590	GCatt-AS/CVE-2024-48590	https://github.com/GCatt-AS/CVE-2024-48590
CVE-2024-54916	SAHALLL/CVE-2024-54916	https://github.com/SAHALLL/CVE-2024-54916
CVE-2024-55215	ainrm/Jrohy-trojan-unauth-poc	https://github.com/ainrm/Jrohy-trojan-unauth-poc
CVE-2024-55511	nikosecurity/CVE-2024-55511	https://github.com/nikosecurity/CVE-2024-55511
CVE-2024-55968	Wi1DN00B/CVE-2024-55968	https://github.com/Wi1DN00B/CVE-2024-55968
CVE-2024-55968	null-event/CVE-2024-55968	https://github.com/null-event/CVE-2024-55968
CVE-2024-57378	rxerium/CVE-2024-57378	https://github.com/rxerium/CVE-2024-57378
CVE-2024-57394	cwjchoi01/CVE-2024-57394	https://github.com/cwjchoi01/CVE-2024-57394
CVE-2024-57429	ahrixia/CVE-2024-57429	https://github.com/ahrixia/CVE-2024-57429
CVE-2024-57430	ahrixia/CVE-2024-57430	https://github.com/ahrixia/CVE-2024-57430
CVE-2024-57778	KUK3N4N/CVE-2024-57778	https://github.com/KUK3N4N/CVE-2024-57778
CVE-2023-21125	761669642/Mahesh-970-CVE-2023-21125_bluedriod_repo	https://github.com/761669642/Mahesh-970-CVE-2023-21125_bluedriod_repo
CVE-2022-38691	TomKing062/CVE-2022-38691_38692	https://github.com/TomKing062/CVE-2022-38691_38692
CVE-2022-38694	TomKing062/CVE-2022-38694_unlock_bootloader	https://github.com/TomKing062/CVE-2022-38694_unlock_bootloader
CVE-2022-38694	TheGammaSqueeze/Bootloader_Unlock_Anbernic_T820	https://github.com/TheGammaSqueeze/Bootloader_Unlock_Anbernic_T820
CVE-2022-38694	Seriousattempts/Bootloader_Unlock_Retroid_Pocket_3Plus	https://github.com/Seriousattempts/Bootloader_Unlock_Retroid_Pocket_3Plus
CVE-2022-38694	xbxarchivr/UNISOCUnlocker	https://github.com/xbxarchivr/UNISOCUnlocker
CVE-2022-38694	LeoChen-CoreMind/spd_flasher	https://github.com/LeoChen-CoreMind/spd_flasher
CVE-2022-38694	AureliusIvanInvenioPTL/ubl-itel-s23	https://github.com/AureliusIvanInvenioPTL/ubl-itel-s23
CVE-2022-38694	AureliusIvan/ubl-itel-s23	https://github.com/AureliusIvan/ubl-itel-s23
CVE-2022-38694	Phlegmelm/CRACK12	https://github.com/Phlegmelm/CRACK12
CVE-2022-38694	Gopartner/realme-c53-unlock-root	https://github.com/Gopartner/realme-c53-unlock-root
CVE-2022-38694	JoshAtticus/ztewaste	https://github.com/JoshAtticus/ztewaste
CVE-2022-38694	sloden1977-lang/ROOT-ZTE-X1001	https://github.com/sloden1977-lang/ROOT-ZTE-X1001
CVE-2022-38694	mutur4/UnisocBootROMs	https://github.com/mutur4/UnisocBootROMs
CVE-2022-38694	xun404/spd_dump-macos	https://github.com/xun404/spd_dump-macos
CVE-2022-38694	Gadorach/vankyo-s30-bootloader-unlock	https://github.com/Gadorach/vankyo-s30-bootloader-unlock
CVE-2022-38694	redzrush101/zte-blade-v40-vita-unlock	https://github.com/redzrush101/zte-blade-v40-vita-unlock
CVE-2021-27285	fjh1997/CVE-2021-27285	https://github.com/fjh1997/CVE-2021-27285
CVE-2018-9375	IOActive/AOSP-ExploitUserDictionary	https://github.com/IOActive/AOSP-ExploitUserDictionary
CVE-2015-10141	D3Ext/CVE-2015-10141	https://github.com/D3Ext/CVE-2015-10141
CVE-2015-10141	n0m4d22/PoC-CVE-2015-10141-Xdebug	https://github.com/n0m4d22/PoC-CVE-2015-10141-Xdebug
CVE-2015-10141	K3ysTr0K3R/CVE-2015-10141	https://github.com/K3ysTr0K3R/CVE-2015-10141
CVE-2024-0015	UmVfX1BvaW50/CVE-2024-0015	https://github.com/UmVfX1BvaW50/CVE-2024-0015
CVE-2024-0023	AbrarKhan/G3_Frameworks_av_CVE-2024-0023	https://github.com/AbrarKhan/G3_Frameworks_av_CVE-2024-0023
CVE-2024-0039	41yn14/CVE-2024-0039-Exploit	https://github.com/41yn14/CVE-2024-0039-Exploit
CVE-2024-0044	scs-labrat/android_autorooter	https://github.com/scs-labrat/android_autorooter
CVE-2024-0044	0xbinder/CVE-2024-0044	https://github.com/0xbinder/CVE-2024-0044
CVE-2024-0044	Re13orn/CVE-2024-0044-EXP	https://github.com/Re13orn/CVE-2024-0044-EXP
CVE-2024-0044	007CRIPTOGRAFIA/c-CVE-2024-0044	https://github.com/007CRIPTOGRAFIA/c-CVE-2024-0044
CVE-2024-0044	Kai2er/CVE-2024-0044-EXP	https://github.com/Kai2er/CVE-2024-0044-EXP
CVE-2024-0044	hunter24x24/cve_2024_0044	https://github.com/hunter24x24/cve_2024_0044
CVE-2024-0044	sridhar-sec/EvilDroid	https://github.com/sridhar-sec/EvilDroid
CVE-2024-0044	hackerronin/CVE-2024-0044	https://github.com/hackerronin/CVE-2024-0044
CVE-2024-0044	MrW0l05zyn/cve-2024-0044	https://github.com/MrW0l05zyn/cve-2024-0044
CVE-2024-0044	canyie/CVE-2024-0044	https://github.com/canyie/CVE-2024-0044
CVE-2024-0044	k4ran909/cve_2024_0044	https://github.com/k4ran909/cve_2024_0044
CVE-2024-0044	TheBl4ckPh4nt0m/CVE-2024-0044	https://github.com/TheBl4ckPh4nt0m/CVE-2024-0044
CVE-2024-0044	HoyoenKim/CVE-2024-0044_PoC	https://github.com/HoyoenKim/CVE-2024-0044_PoC
CVE-2024-0044	JackTekno/Chrome-Forensic_CVE-2024-0044	https://github.com/JackTekno/Chrome-Forensic_CVE-2024-0044
CVE-2024-0044	bfurkanyildiz/Android-rce-analizi	https://github.com/bfurkanyildiz/Android-rce-analizi
CVE-2024-0132	ssst0n3/poc-cve-2024-0132	https://github.com/ssst0n3/poc-cve-2024-0132
CVE-2024-0132	r0binak/CVE-2024-0132	https://github.com/r0binak/CVE-2024-0132
CVE-2024-0197	ewilded/CVE-2024-0197-POC	https://github.com/ewilded/CVE-2024-0197-POC
CVE-2024-0258	aliyabuz25/CVE-2024-0258	https://github.com/aliyabuz25/CVE-2024-0258
CVE-2024-0406	walidpyh/CVE-2024-0406-POC	https://github.com/walidpyh/CVE-2024-0406-POC
CVE-2024-0406	veissa/Desires	https://github.com/veissa/Desires
CVE-2024-0507	convisolabs/CVE-2024-0507_CVE-2024-0200-github	https://github.com/convisolabs/CVE-2024-0507_CVE-2024-0200-github
CVE-2024-0582	ysanatomic/io_uring_LPE-CVE-2024-0582	https://github.com/ysanatomic/io_uring_LPE-CVE-2024-0582
CVE-2024-0582	Forsaken0129/CVE-2024-0582	https://github.com/Forsaken0129/CVE-2024-0582
CVE-2024-0582	0ptyx/cve-2024-0582	https://github.com/0ptyx/cve-2024-0582
CVE-2024-0582	geniuszly/CVE-2024-0582	https://github.com/geniuszly/CVE-2024-0582
CVE-2024-0582	101010zyl/CVE-2024-0582-dataonly	https://github.com/101010zyl/CVE-2024-0582-dataonly
CVE-2024-0582	kuzeyardabulut/CVE-2024-0582	https://github.com/kuzeyardabulut/CVE-2024-0582
CVE-2024-0582	pwnmonk/io_uring-n-day	https://github.com/pwnmonk/io_uring-n-day
CVE-2024-0582	nanabingies/CVE-2024-0582	https://github.com/nanabingies/CVE-2024-0582
CVE-2024-0670	zhulin837/checkmk_cve-2024-0670	https://github.com/zhulin837/checkmk_cve-2024-0670
CVE-2024-0670	magicrc/CVE-2024-0670	https://github.com/magicrc/CVE-2024-0670
CVE-2024-0670	elsevar11/CVE-2024-0670-CheckMK-Agent-Local-Privilege-Escalation-Exploit	https://github.com/elsevar11/CVE-2024-0670-CheckMK-Agent-Local-Privilege-Escalation-Exploit
CVE-2024-0670	Nikopmpm/Fsociety-CVE-2024-0670-CheckMK-LPE	https://github.com/Nikopmpm/Fsociety-CVE-2024-0670-CheckMK-LPE
CVE-2024-0670	Nikopmpm/nikopmpm.github.io	https://github.com/Nikopmpm/nikopmpm.github.io
CVE-2024-0670	tralsesec/CVE-2024-0670	https://github.com/tralsesec/CVE-2024-0670
CVE-2024-0670	taktak0x/HTB-NanoCorp-CVE-2024-0670	https://github.com/taktak0x/HTB-NanoCorp-CVE-2024-0670
CVE-2024-2432	Hagrid29/CVE-2024-2432-PaloAlto-GlobalProtect-EoP	https://github.com/Hagrid29/CVE-2024-2432-PaloAlto-GlobalProtect-EoP
CVE-2024-2771	whale93/CVE-2024-2771-PoC	https://github.com/whale93/CVE-2024-2771-PoC
CVE-2024-5909	ig-labs/EDR-ALPC-Block-POC	https://github.com/ig-labs/EDR-ALPC-Block-POC
CVE-2024-6624	RandomRobbieBF/CVE-2024-6624	https://github.com/RandomRobbieBF/CVE-2024-6624
CVE-2024-6624	Jenderal92/CVE-2024-6624	https://github.com/Jenderal92/CVE-2024-6624
CVE-2024-7479	PeterGabaldon/CVE-2024-7479_CVE-2024-7481	https://github.com/PeterGabaldon/CVE-2024-7479_CVE-2024-7481
CVE-2024-7479	fortra/CVE-2024-7479	https://github.com/fortra/CVE-2024-7479
CVE-2024-8289	pashayogi/CVE-2024-8289	https://github.com/pashayogi/CVE-2024-8289
CVE-2024-8349	karlemilnikka/CVE-2024-8349-and-CVE-2024-8350	https://github.com/karlemilnikka/CVE-2024-8349-and-CVE-2024-8350
CVE-2024-8698	huydoppaz/CVE-2024-8698-POC	https://github.com/huydoppaz/CVE-2024-8698-POC
CVE-2024-9166	Andrysqui/CVE-2024-9166	https://github.com/Andrysqui/CVE-2024-9166
CVE-2024-10508	ubaydev/CVE-2024-10508	https://github.com/ubaydev/CVE-2024-10508
CVE-2024-10508	Jenderal92/CVE-2024-10508	https://github.com/Jenderal92/CVE-2024-10508
CVE-2024-10673	Nxploited/CVE-2024-10673	https://github.com/Nxploited/CVE-2024-10673
CVE-2024-10674	Nxploited/CVE-2024-10674	https://github.com/Nxploited/CVE-2024-10674
CVE-2024-11643	RandomRobbieBF/CVE-2024-11643	https://github.com/RandomRobbieBF/CVE-2024-11643
CVE-2024-12594	RandomRobbieBF/CVE-2024-12594	https://github.com/RandomRobbieBF/CVE-2024-12594
CVE-2024-20338	annmuor/CVE-2024-20338	https://github.com/annmuor/CVE-2024-20338
CVE-2024-20356	nettitude/CVE-2024-20356	https://github.com/nettitude/CVE-2024-20356
CVE-2024-20356	SherllyNeo/CVE_2024_20356	https://github.com/SherllyNeo/CVE_2024_20356
CVE-2024-20656	Wh04m1001/CVE-2024-20656	https://github.com/Wh04m1001/CVE-2024-20656
CVE-2024-20698	RomanRybachek/CVE-2024-20698	https://github.com/RomanRybachek/CVE-2024-20698
CVE-2024-21107	Alaatk/CVE-2024-21107	https://github.com/Alaatk/CVE-2024-21107
CVE-2024-21111	mansk1es/CVE-2024-21111	https://github.com/mansk1es/CVE-2024-21111
CVE-2024-21111	10cks/CVE-2024-21111-del	https://github.com/10cks/CVE-2024-21111-del
CVE-2024-21111	x0rsys/CVE-2024-21111	https://github.com/x0rsys/CVE-2024-21111
CVE-2024-21345	exploits-forsale/CVE-2024-21345	https://github.com/exploits-forsale/CVE-2024-21345
CVE-2024-21345	FoxyProxys/CVE-2024-21345	https://github.com/FoxyProxys/CVE-2024-21345
CVE-2024-21388	d0rb/CVE-2024-21388	https://github.com/d0rb/CVE-2024-21388
CVE-2024-21545	SpiralBL0CK/CVE-2024-21545-PoC	https://github.com/SpiralBL0CK/CVE-2024-21545-PoC
CVE-2024-22026	securekomodo/CVE-2024-22026	https://github.com/securekomodo/CVE-2024-22026
CVE-2024-22198	xiw1ll/CVE-2024-22198_Checker	https://github.com/xiw1ll/CVE-2024-22198_Checker
CVE-2024-22752	hacker625/CVE-2024-22752	https://github.com/hacker625/CVE-2024-22752
CVE-2024-22774	Gray-0men/CVE-2024-22774	https://github.com/Gray-0men/CVE-2024-22774
CVE-2024-22922	pwnpwnpur1n/CVE-2024-22922	https://github.com/pwnpwnpur1n/CVE-2024-22922
CVE-2024-22983	pwnpwnpur1n/CVE-2024-22983	https://github.com/pwnpwnpur1n/CVE-2024-22983
CVE-2024-23653	666asd/CVE-2024-23653	https://github.com/666asd/CVE-2024-23653
CVE-2024-23708	uthrasri/CVE-2024-23708	https://github.com/uthrasri/CVE-2024-23708
CVE-2024-23724	Youssefdds/CVE-2024-23724	https://github.com/Youssefdds/CVE-2024-23724
CVE-2024-23724	gl1tch0x1/Ghost-CMS-Exploit	https://github.com/gl1tch0x1/Ghost-CMS-Exploit
CVE-2024-23772	Verrideo/CVE-2024-23772	https://github.com/Verrideo/CVE-2024-23772
CVE-2024-23773	Verrideo/CVE-2024-23773	https://github.com/Verrideo/CVE-2024-23773
CVE-2024-23774	Verrideo/CVE-2024-23774	https://github.com/Verrideo/CVE-2024-23774
CVE-2024-24402	MAWK0235/CVE-2024-24402	https://github.com/MAWK0235/CVE-2024-24402
CVE-2024-25227	thetrueartist/ABO.CMS-Login-SQLi-CVE-2024-25227	https://github.com/thetrueartist/ABO.CMS-Login-SQLi-CVE-2024-25227
CVE-2024-25227	thetrueartist/ABO.CMS-EXPLOIT-Unauthenticated-Login-Bypass-CVE-2024-25227	https://github.com/thetrueartist/ABO.CMS-EXPLOIT-Unauthenticated-Login-Bypass-CVE-2024-25227
CVE-2024-25723	david-botelho-mariano/exploit-CVE-2024-25723	https://github.com/david-botelho-mariano/exploit-CVE-2024-25723
CVE-2024-26170	ProbNotAnExploiter/CVE-2024-26170-extended	https://github.com/ProbNotAnExploiter/CVE-2024-26170-extended
CVE-2024-26218	exploits-forsale/CVE-2024-26218	https://github.com/exploits-forsale/CVE-2024-26218
CVE-2024-26229	dkstar11q/CVE-2024-26229-lpe	https://github.com/dkstar11q/CVE-2024-26229-lpe
CVE-2024-26229	RalfHacker/CVE-2024-26229-exploit	https://github.com/RalfHacker/CVE-2024-26229-exploit
CVE-2024-26229	apkc/CVE-2024-26229-BOF	https://github.com/apkc/CVE-2024-26229-BOF
CVE-2024-26229	team-MineDEV/CVE-2024-26229	https://github.com/team-MineDEV/CVE-2024-26229
CVE-2024-26229	Cracked5pider/eop24-26229	https://github.com/Cracked5pider/eop24-26229
CVE-2024-26229	mqxmm/CVE-2024-26229	https://github.com/mqxmm/CVE-2024-26229
CVE-2024-26229	shinspace92/cve-2024-26229	https://github.com/shinspace92/cve-2024-26229
CVE-2024-26229	vettrivel007/CVE-2024-26229	https://github.com/vettrivel007/CVE-2024-26229
CVE-2024-26229	0xGunrunner/CVE-2024-26229-BOF	https://github.com/0xGunrunner/CVE-2024-26229-BOF
CVE-2024-26230	kiwids0220/CVE-2024-26230	https://github.com/kiwids0220/CVE-2024-26230
CVE-2024-26230	Wa1nut4/CVE-2024-26230	https://github.com/Wa1nut4/CVE-2024-26230
CVE-2024-26521	hackervegas001/CVE-2024-26521	https://github.com/hackervegas001/CVE-2024-26521
CVE-2024-27460	xct/CVE-2024-27460	https://github.com/xct/CVE-2024-27460
CVE-2024-27460	Alaatk/CVE-2024-27460	https://github.com/Alaatk/CVE-2024-27460
CVE-2024-27460	10cks/CVE-2024-27460-installer	https://github.com/10cks/CVE-2024-27460-installer
CVE-2024-27518	secunnix/CVE-2024-27518	https://github.com/secunnix/CVE-2024-27518
CVE-2024-27631	ally-petitt/CVE-2024-27631	https://github.com/ally-petitt/CVE-2024-27631
CVE-2024-27632	ally-petitt/CVE-2024-27632	https://github.com/ally-petitt/CVE-2024-27632
CVE-2024-28589	Alaatk/CVE-2024-28589	https://github.com/Alaatk/CVE-2024-28589
CVE-2024-29399	ally-petitt/CVE-2024-29399	https://github.com/ally-petitt/CVE-2024-29399
CVE-2024-29863	pawlokk/qlikview-poc-CVE-2024-29863	https://github.com/pawlokk/qlikview-poc-CVE-2024-29863
CVE-2024-30085	Adamkadaban/CVE-2024-30085	https://github.com/Adamkadaban/CVE-2024-30085
CVE-2024-30085	murdok1982/Exploit-PoC-para-CVE-2024-30085	https://github.com/murdok1982/Exploit-PoC-para-CVE-2024-30085
CVE-2024-30090	Dor00tkit/CVE-2024-30090	https://github.com/Dor00tkit/CVE-2024-30090
CVE-2024-31317	fuhei/CVE-2024-31317	https://github.com/fuhei/CVE-2024-31317
CVE-2024-31317	Anonymous941/zygote-injection-toolkit	https://github.com/Anonymous941/zygote-injection-toolkit
CVE-2024-31317	agg23/cve-2024-31317	https://github.com/agg23/cve-2024-31317
CVE-2024-31317	WebLDix/CVE-2024-31317-PoC-Deployer	https://github.com/WebLDix/CVE-2024-31317-PoC-Deployer
CVE-2024-31317	rifting/Zygotroller	https://github.com/rifting/Zygotroller
CVE-2024-31317	wqry085/PoC-Deployer-System	https://github.com/wqry085/PoC-Deployer-System
CVE-2024-31317	CleoV2/Debuggable-App-Exploit	https://github.com/CleoV2/Debuggable-App-Exploit
CVE-2024-31317	fcy10012/CVE-2024-31317-Deployer	https://github.com/fcy10012/CVE-2024-31317-Deployer
CVE-2024-31317	kalibb/CVE-2024-31317-Deployer	https://github.com/kalibb/CVE-2024-31317-Deployer
CVE-2024-31317	chengfeng30121/CVE-2024-31317-PoC	https://github.com/chengfeng30121/CVE-2024-31317-PoC
CVE-2024-31317	GitAmanS/ZygoteExploitDemo	https://github.com/GitAmanS/ZygoteExploitDemo
CVE-2024-31317	vnescape/zygote-CVE-2024-31317	https://github.com/vnescape/zygote-CVE-2024-31317
CVE-2024-31317	Tinnci/cve-2024-31317	https://github.com/Tinnci/cve-2024-31317
CVE-2024-31320	SpiralBL0CK/CVE-2024-31320-	https://github.com/SpiralBL0CK/CVE-2024-31320-
CVE-2024-31771	restdone/CVE-2024-31771	https://github.com/restdone/CVE-2024-31771
CVE-2024-31989	vt0x78/CVE-2024-31989	https://github.com/vt0x78/CVE-2024-31989
CVE-2024-32019	AzureADTrent/CVE-2024-32019-POC	https://github.com/AzureADTrent/CVE-2024-32019-POC
CVE-2024-32019	AliElKhatteb/CVE-2024-32019-POC	https://github.com/AliElKhatteb/CVE-2024-32019-POC
CVE-2024-32019	dollarboysushil/CVE-2024-32019-Netdata-ndsudo-PATH-Vulnerability-Privilege-Escalation	https://github.com/dollarboysushil/CVE-2024-32019-Netdata-ndsudo-PATH-Vulnerability-Privilege-Escalation
CVE-2024-32019	juanbelin/CVE-2024-32019-POC	https://github.com/juanbelin/CVE-2024-32019-POC
CVE-2024-32019	C0deInBlack/CVE-2024-32019-poc	https://github.com/C0deInBlack/CVE-2024-32019-poc
CVE-2024-32019	ayub0x7/cve-2024-32019-PoC	https://github.com/ayub0x7/cve-2024-32019-PoC
CVE-2024-32019	x0da6h/POC-for-CVE-2024-32019	https://github.com/x0da6h/POC-for-CVE-2024-32019
CVE-2024-32019	T1erno/CVE-2024-32019-Netdata-ndsudo-Privilege-Escalation-PoC	https://github.com/T1erno/CVE-2024-32019-Netdata-ndsudo-Privilege-Escalation-PoC
CVE-2024-32019	hexared/CVE-2024-32019_poc	https://github.com/hexared/CVE-2024-32019_poc
CVE-2024-32019	80Ottanta80/CVE-2024-32019-PoC	https://github.com/80Ottanta80/CVE-2024-32019-PoC
CVE-2024-32019	julichaan/CVE-2024-32019-ndsudo-local-privilege-escalation-NetData	https://github.com/julichaan/CVE-2024-32019-ndsudo-local-privilege-escalation-NetData
CVE-2024-32019	justjoeyking/CVE-2024-32019-ndsudo	https://github.com/justjoeyking/CVE-2024-32019-ndsudo
CVE-2024-32019	kikechans/-Netdata-PrivEsc-CVE-2024-32019	https://github.com/kikechans/-Netdata-PrivEsc-CVE-2024-32019
CVE-2024-32371	chucrutis/CVE-2024-32371	https://github.com/chucrutis/CVE-2024-32371
CVE-2024-33775	Neo-XeD/CVE-2024-33775	https://github.com/Neo-XeD/CVE-2024-33775
CVE-2024-34221	dovankha/CVE-2024-34221	https://github.com/dovankha/CVE-2024-34221
CVE-2024-34370	pashayogi/CVE-2024-34370	https://github.com/pashayogi/CVE-2024-34370
CVE-2024-34739	uthrasri/CVE-2024-34739	https://github.com/uthrasri/CVE-2024-34739
CVE-2024-34740	michalbednarski/AbxOverflow	https://github.com/michalbednarski/AbxOverflow
CVE-2024-34741	uthrasri/CVE-2024-34741	https://github.com/uthrasri/CVE-2024-34741
CVE-2024-35315	ewilded/CVE-2024-35315-POC	https://github.com/ewilded/CVE-2024-35315-POC
CVE-2024-36539	Abdurahmon3236/CVE-2024-36539	https://github.com/Abdurahmon3236/CVE-2024-36539
CVE-2024-36587	meeeeing/CVE-2024-36587	https://github.com/meeeeing/CVE-2024-36587
CVE-2024-36821	IvanGlinkin/CVE-2024-36821	https://github.com/IvanGlinkin/CVE-2024-36821
CVE-2024-37081	mbadanoiu/CVE-2024-37081	https://github.com/mbadanoiu/CVE-2024-37081
CVE-2024-37081	Mr-r00t11/CVE-2024-37081	https://github.com/Mr-r00t11/CVE-2024-37081
CVE-2024-37081	CERTologists/Modified-CVE-2024-37081-POC	https://github.com/CERTologists/Modified-CVE-2024-37081-POC
CVE-2024-37726	carsonchan12345/CVE-2024-37726-MSI-Center-Local-Privilege-Escalation	https://github.com/carsonchan12345/CVE-2024-37726-MSI-Center-Local-Privilege-Escalation
CVE-2024-37726	NextGenPentesters/CVE-2024-37726-MSI-Center-Local-Privilege-Escalation	https://github.com/NextGenPentesters/CVE-2024-37726-MSI-Center-Local-Privilege-Escalation
CVE-2024-38124	tadash10/Detailed-Analysis-and-Mitigation-Strategies-for-CVE-2024-38124-and-CVE-2024-43468	https://github.com/tadash10/Detailed-Analysis-and-Mitigation-Strategies-for-CVE-2024-38124-and-CVE-2024-43468
CVE-2024-38127	pwndorei/CVE-2024-38127	https://github.com/pwndorei/CVE-2024-38127
CVE-2024-38143	redr0nin/CVE-2024-38143	https://github.com/redr0nin/CVE-2024-38143
CVE-2024-38144	Dor00tkit/CVE-2024-38144	https://github.com/Dor00tkit/CVE-2024-38144
CVE-2024-39304	apena-ba/CVE-2024-39304	https://github.com/apena-ba/CVE-2024-39304
CVE-2024-41110	vvpoglazov/cve-2024-41110-checker	https://github.com/vvpoglazov/cve-2024-41110-checker
CVE-2024-41110	PauloParoPP/CVE-2024-41110-SCAN	https://github.com/PauloParoPP/CVE-2024-41110-SCAN
CVE-2024-42365	Raajgupta01/htb-machine-ringdown	https://github.com/Raajgupta01/htb-machine-ringdown
CVE-2024-43535	jayesther/KTM_POCS	https://github.com/jayesther/KTM_POCS
CVE-2024-43583	Kvngtheta/CVE-2024-43583-PoC	https://github.com/Kvngtheta/CVE-2024-43583-PoC
CVE-2024-43630	QuasarBinary/CVE-2024-43630-POC	https://github.com/QuasarBinary/CVE-2024-43630-POC
CVE-2024-44193	mbog14/CVE-2024-44193	https://github.com/mbog14/CVE-2024-44193
CVE-2024-44812	b1u3st0rm/CVE-2024-44812-PoC	https://github.com/b1u3st0rm/CVE-2024-44812-PoC
CVE-2024-45264	TheHermione/CVE-2024-45264	https://github.com/TheHermione/CVE-2024-45264
CVE-2024-48336	canyie/MagiskEoP	https://github.com/canyie/MagiskEoP
CVE-2024-49019	rayngnpc/CVE-2024-49019-rayng	https://github.com/rayngnpc/CVE-2024-49019-rayng
CVE-2024-50475	RandomRobbieBF/CVE-2024-50475	https://github.com/RandomRobbieBF/CVE-2024-50475
CVE-2024-50476	RandomRobbieBF/CVE-2024-50476	https://github.com/RandomRobbieBF/CVE-2024-50476
CVE-2024-50483	RandomRobbieBF/CVE-2024-50483	https://github.com/RandomRobbieBF/CVE-2024-50483
CVE-2024-50485	RandomRobbieBF/CVE-2024-50485	https://github.com/RandomRobbieBF/CVE-2024-50485
CVE-2024-50657	SAHALLL/CVE-2024-50657	https://github.com/SAHALLL/CVE-2024-50657
CVE-2024-50803	GraySignal/CVE-2024-50803-Redaxo	https://github.com/GraySignal/CVE-2024-50803-Redaxo
CVE-2024-52382	RandomRobbieBF/CVE-2024-52382	https://github.com/RandomRobbieBF/CVE-2024-52382
CVE-2024-54239	RandomRobbieBF/CVE-2024-54239	https://github.com/RandomRobbieBF/CVE-2024-54239
CVE-2024-54363	RandomRobbieBF/CVE-2024-54363	https://github.com/RandomRobbieBF/CVE-2024-54363
CVE-2024-54363	Nxploited/CVE-2024-54363-Exploit	https://github.com/Nxploited/CVE-2024-54363-Exploit
CVE-2024-54378	RandomRobbieBF/CVE-2024-54378	https://github.com/RandomRobbieBF/CVE-2024-54378
CVE-2024-54379	RandomRobbieBF/CVE-2024-54379	https://github.com/RandomRobbieBF/CVE-2024-54379
CVE-2024-54383	pashayogi/CVE-2024-54383	https://github.com/pashayogi/CVE-2024-54383
CVE-2024-56071	Nxploited/CVE-2024-56071	https://github.com/Nxploited/CVE-2024-56071
CVE-2023-6246	elpe-pinillo/CVE-2023-6246	https://github.com/elpe-pinillo/CVE-2023-6246
CVE-2023-6246	SimoesCTT/CTT-Vsyslog-Vortex-CVE-2023-6246	https://github.com/SimoesCTT/CTT-Vsyslog-Vortex-CVE-2023-6246
CVE-2023-7261	zerozenxlabs/CVE-2023-7261	https://github.com/zerozenxlabs/CVE-2023-7261
CVE-2023-20573	Freax13/cve-2023-20573-poc	https://github.com/Freax13/cve-2023-20573-poc
CVE-2023-27326	Impalabs/CVE-2023-27326	https://github.com/Impalabs/CVE-2023-27326
CVE-2023-27326	Malwareman007/CVE-2023-27326	https://github.com/Malwareman007/CVE-2023-27326
CVE-2023-27327	kn32/parallels-plist-escape	https://github.com/kn32/parallels-plist-escape
CVE-2023-31346	Freax13/cve-2023-31346-poc	https://github.com/Freax13/cve-2023-31346-poc
CVE-2023-39593	Ant1sec-ops/CVE-2023-39593	https://github.com/Ant1sec-ops/CVE-2023-39593
CVE-2023-40109	uthrasri/CVE-2023-40109	https://github.com/uthrasri/CVE-2023-40109
CVE-2023-40289	s-hamann/CVE-2023-40289	https://github.com/s-hamann/CVE-2023-40289
CVE-2023-42931	d0rb/CVE-2023-42931	https://github.com/d0rb/CVE-2023-42931
CVE-2023-42931	tageniu/CVE-2023-42931	https://github.com/tageniu/CVE-2023-42931
CVE-2023-43317	amjadali-110/CVE-2023-43317	https://github.com/amjadali-110/CVE-2023-43317
CVE-2023-43318	str2ver/CVE-2023-43318	https://github.com/str2ver/CVE-2023-43318
CVE-2023-45503	ally-petitt/CVE-2023-45503	https://github.com/ally-petitt/CVE-2023-45503
CVE-2023-46344	vinnie1717/CVE-2023-46344	https://github.com/vinnie1717/CVE-2023-46344
CVE-2023-46474	Xn2/CVE-2023-46474	https://github.com/Xn2/CVE-2023-46474
CVE-2023-48974	vinnie1717/CVE-2023-48974	https://github.com/vinnie1717/CVE-2023-48974
CVE-2023-49982	geraldoalcantara/CVE-2023-49982	https://github.com/geraldoalcantara/CVE-2023-49982
CVE-2023-50226	kn32/parallels-file-move-privesc	https://github.com/kn32/parallels-file-move-privesc
CVE-2023-51281	geraldoalcantara/CVE-2023-51281	https://github.com/geraldoalcantara/CVE-2023-51281
CVE-2023-51518	mbadanoiu/CVE-2023-51518	https://github.com/mbadanoiu/CVE-2023-51518
CVE-2023-52271	victoni/BYOVD-CVE-2023-52271-POC	https://github.com/victoni/BYOVD-CVE-2023-52271-POC
CVE-2022-2588	Markakd/CVE-2022-2588	https://github.com/Markakd/CVE-2022-2588
CVE-2022-2588	ASkyeye/2022-LPE-UAF	https://github.com/ASkyeye/2022-LPE-UAF
CVE-2022-2588	pirenga/2022-LPE-UAF	https://github.com/pirenga/2022-LPE-UAF
CVE-2022-2588	konoha279/2022-LPE-UAF	https://github.com/konoha279/2022-LPE-UAF
CVE-2022-2588	BassamGraini/CVE-2022-2588	https://github.com/BassamGraini/CVE-2022-2588
CVE-2022-2588	veritas501/CVE-2022-2588	https://github.com/veritas501/CVE-2022-2588
CVE-2022-2588	dom4570/CVE-2022-2588	https://github.com/dom4570/CVE-2022-2588
CVE-2022-2588	Igr1s-red/CVE-2022-2588	https://github.com/Igr1s-red/CVE-2022-2588
CVE-2022-2588	LSinus/CacheMeIfYouCan	https://github.com/LSinus/CacheMeIfYouCan
CVE-2022-23862	mbadanoiu/CVE-2022-23862	https://github.com/mbadanoiu/CVE-2022-23862
CVE-2018-9338	Pazhanivelmani/frameworks_base_Android_6.0.1_r22_CVE-2018-9338	https://github.com/Pazhanivelmani/frameworks_base_Android_6.0.1_r22_CVE-2018-9338
CVE-2023-0099	amirzargham/CVE-2023-0099-exploit	https://github.com/amirzargham/CVE-2023-0099-exploit
CVE-2023-0179	TurtleARM/CVE-2023-0179-PoC	https://github.com/TurtleARM/CVE-2023-0179-PoC
CVE-2023-0179	H4K6/CVE-2023-0179-PoC	https://github.com/H4K6/CVE-2023-0179-PoC
CVE-2023-0179	prabeershakya/CVE-2023-0179-POC-	https://github.com/prabeershakya/CVE-2023-0179-POC-
CVE-2023-0179	shakyanayann/CVE-2023-0179	https://github.com/shakyanayann/CVE-2023-0179
CVE-2023-0461	b1nhack/CVE-2023-0461	https://github.com/b1nhack/CVE-2023-0461
CVE-2023-0861	seifallahhomrani1/CVE-2023-0861-POC	https://github.com/seifallahhomrani1/CVE-2023-0861-POC
CVE-2023-0861	hhesenjan/CVE-2023-422-Chamilo-LMS-RCE	https://github.com/hhesenjan/CVE-2023-422-Chamilo-LMS-RCE
CVE-2023-1281	lanleft/CVE-2023-1281	https://github.com/lanleft/CVE-2023-1281
CVE-2023-1326	diego-tella/CVE-2023-1326-PoC	https://github.com/diego-tella/CVE-2023-1326-PoC
CVE-2023-1326	Pol-Ruiz/CVE-2023-1326	https://github.com/Pol-Ruiz/CVE-2023-1326
CVE-2023-1326	h3x0v3rl0rd/CVE-2023-1326	https://github.com/h3x0v3rl0rd/CVE-2023-1326
CVE-2023-1326	cve-2024/CVE-2023-1326-PoC	https://github.com/cve-2024/CVE-2023-1326-PoC
CVE-2023-1326	R3fr4kt/DEVVORTEX	https://github.com/R3fr4kt/DEVVORTEX
CVE-2023-1829	lanleft/CVE-2023-1829	https://github.com/lanleft/CVE-2023-1829
CVE-2023-1874	thomas-osgood/cve-2023-1874	https://github.com/thomas-osgood/cve-2023-1874
CVE-2023-2008	bluefrostsecurity/CVE-2023-2008	https://github.com/bluefrostsecurity/CVE-2023-2008
CVE-2023-2163	letsr00t/CVE-2023-2163	https://github.com/letsr00t/CVE-2023-2163
CVE-2023-2598	ysanatomic/io_uring_LPE-CVE-2023-2598	https://github.com/ysanatomic/io_uring_LPE-CVE-2023-2598
CVE-2023-2598	cainiao159357/CVE-2023-2598	https://github.com/cainiao159357/CVE-2023-2598
CVE-2023-2598	LLfam/CVE-2023-2598	https://github.com/LLfam/CVE-2023-2598
CVE-2023-2598	SpongeBob-369/CVE-2023-2598	https://github.com/SpongeBob-369/CVE-2023-2598
CVE-2023-2640	OllaPapito/gameoverlay	https://github.com/OllaPapito/gameoverlay
CVE-2023-2640	luanoliveira350/GameOverlayFS	https://github.com/luanoliveira350/GameOverlayFS
CVE-2023-2640	g1vi/CVE-2023-2640-CVE-2023-32629	https://github.com/g1vi/CVE-2023-2640-CVE-2023-32629
CVE-2023-2640	musorblyat/CVE-2023-2640-CVE-2023-32629	https://github.com/musorblyat/CVE-2023-2640-CVE-2023-32629
CVE-2023-2640	SanjayRagavendar/Ubuntu-GameOver-Lay	https://github.com/SanjayRagavendar/Ubuntu-GameOver-Lay
CVE-2023-2640	Nkipohcs/CVE-2023-2640-CVE-2023-32629	https://github.com/Nkipohcs/CVE-2023-2640-CVE-2023-32629
CVE-2023-2640	K5LK/CVE-2023-2640-32629	https://github.com/K5LK/CVE-2023-2640-32629
CVE-2023-2640	z3usx01/CVE-2023-2640-3262-PoC	https://github.com/z3usx01/CVE-2023-2640-3262-PoC
CVE-2023-2640	amar-imamovic/CVE-2023-2640-CVE-2023-32629-Interactive-PoC	https://github.com/amar-imamovic/CVE-2023-2640-CVE-2023-32629-Interactive-PoC
CVE-2023-2640	WhatsWrongAndWhy/CVE-2023-2640-CVE-2023-32629	https://github.com/WhatsWrongAndWhy/CVE-2023-2640-CVE-2023-32629
CVE-2023-2833	Alucard0x1/CVE-2023-2833	https://github.com/Alucard0x1/CVE-2023-2833
CVE-2023-2916	d0rb/CVE-2023-2916	https://github.com/d0rb/CVE-2023-2916
CVE-2023-3124	AmirWhiteHat/CVE-2023-3124	https://github.com/AmirWhiteHat/CVE-2023-3124
CVE-2023-3269	lrh2000/StackRot	https://github.com/lrh2000/StackRot
CVE-2023-3338	TurtleARM/CVE-2023-3338-DECPwn	https://github.com/TurtleARM/CVE-2023-3338-DECPwn
CVE-2023-3390	flygonty/CVE-2023-3390_PoC	https://github.com/flygonty/CVE-2023-3390_PoC
CVE-2023-3609	Jturnxd/CVE-2023-3609	https://github.com/Jturnxd/CVE-2023-3609
CVE-2023-3640	pray77/CVE-2023-3640	https://github.com/pray77/CVE-2023-3640
CVE-2023-4147	murdok1982/Exploit-en-Python-para-CVE-2023-4147	https://github.com/murdok1982/Exploit-en-Python-para-CVE-2023-4147
CVE-2023-4622	0range1337/CVE-CVE-2023-4622	https://github.com/0range1337/CVE-CVE-2023-4622
CVE-2023-5178	rockrid3r/CVE-2023-5178	https://github.com/rockrid3r/CVE-2023-5178
CVE-2023-5717	uthrasri/CVE-2023-5717	https://github.com/uthrasri/CVE-2023-5717
CVE-2023-6546	harithlab/CVE-2023-6546	https://github.com/harithlab/CVE-2023-6546
CVE-2023-6931	K0n9-log/CVE-2023-6931	https://github.com/K0n9-log/CVE-2023-6931
CVE-2023-6931	Yutori-Natsu/cve-2023-6931-pipa	https://github.com/Yutori-Natsu/cve-2023-6931-pipa
CVE-2023-20178	Wh04m1001/CVE-2023-20178	https://github.com/Wh04m1001/CVE-2023-20178
CVE-2023-20696	kasnria001/pwnage24mtk	https://github.com/kasnria001/pwnage24mtk
CVE-2023-20696	wzy114514sb/pwnage24mtk	https://github.com/wzy114514sb/pwnage24mtk
CVE-2023-20768	murf-xd/cve-2023-20768	https://github.com/murf-xd/cve-2023-20768
CVE-2023-20904	FishMan132/CVE-2023-20904	https://github.com/FishMan132/CVE-2023-20904
CVE-2023-20909	Trinadh465/frameworks_base_AOSP10_r33_CVE-2023-20909	https://github.com/Trinadh465/frameworks_base_AOSP10_r33_CVE-2023-20909
CVE-2023-20911	Trinadh465/frameworks_base_AOSP10_r33_CVE-2023-20911	https://github.com/Trinadh465/frameworks_base_AOSP10_r33_CVE-2023-20911
CVE-2023-20918	pazhanivel07/platform_frameworks_base_AOSP_10_r33_CVE-2023-20918	https://github.com/pazhanivel07/platform_frameworks_base_AOSP_10_r33_CVE-2023-20918
CVE-2023-20918	Trinadh465/platform_frameworks_base_CVE-2023-20918	https://github.com/Trinadh465/platform_frameworks_base_CVE-2023-20918
CVE-2023-20921	Trinadh465/frameworks_base_android-6.0.1_r22_CVE-2023-20921	https://github.com/Trinadh465/frameworks_base_android-6.0.1_r22_CVE-2023-20921
CVE-2023-20933	Trinadh465/frameworks_av_CVE-2023-20933	https://github.com/Trinadh465/frameworks_av_CVE-2023-20933
CVE-2023-20938	jaf0rk/CVE-2023-20938	https://github.com/jaf0rk/CVE-2023-20938
CVE-2023-20938	0xAtharv/CVE-2023-20938-Public	https://github.com/0xAtharv/CVE-2023-20938-Public
CVE-2023-20938	byt3quester/CVE-2023-20938-poc	https://github.com/byt3quester/CVE-2023-20938-poc
CVE-2023-20943	Trinadh465/frameworks_base_CVE-2023-20943	https://github.com/Trinadh465/frameworks_base_CVE-2023-20943
CVE-2023-20944	Trinadh465/frameworks_base_CVE-2023-20944	https://github.com/Trinadh465/frameworks_base_CVE-2023-20944
CVE-2023-20955	Trinadh465/packages_apps_Settings_AOSP10_r33_CVE-2023-20955	https://github.com/Trinadh465/packages_apps_Settings_AOSP10_r33_CVE-2023-20955
CVE-2023-21086	Trinadh465/packages_apps_Settings_CVE-2023-21086	https://github.com/Trinadh465/packages_apps_Settings_CVE-2023-21086
CVE-2023-21094	Trinadh465/frameworks_native_AOSP-10_r33_CVE-2023-21094	https://github.com/Trinadh465/frameworks_native_AOSP-10_r33_CVE-2023-21094
CVE-2023-21097	Trinadh465/frameworks_base_AOSP10_r33_CVE-2023-21097	https://github.com/Trinadh465/frameworks_base_AOSP10_r33_CVE-2023-21097
CVE-2023-21097	uthrasri/frameworks_base_AOSP10_r33_CVE-2023-21097	https://github.com/uthrasri/frameworks_base_AOSP10_r33_CVE-2023-21097
CVE-2023-21109	Trinadh465/frameworks_base_AOSP10_r33_CVE-2023-21109	https://github.com/Trinadh465/frameworks_base_AOSP10_r33_CVE-2023-21109
CVE-2023-21173	vesu-nights/MultiExploit	https://github.com/vesu-nights/MultiExploit
CVE-2023-21246	Trinadh465/frameworks_base_AOSP10_r33_CVE-2023-21246	https://github.com/Trinadh465/frameworks_base_AOSP10_r33_CVE-2023-21246
CVE-2023-21251	Trinadh465/frameworks_base_AOSP10_r33_CVE-2023-21251	https://github.com/Trinadh465/frameworks_base_AOSP10_r33_CVE-2023-21251
CVE-2023-21272	Trinadh465/frameworks_base_AOSP-4.2.2_r1_CVE-2023-21272	https://github.com/Trinadh465/frameworks_base_AOSP-4.2.2_r1_CVE-2023-21272
CVE-2023-21272	pazhanivel07/platform_frameworks_base_AOSP_10_r33_CVE-2023-21272	https://github.com/pazhanivel07/platform_frameworks_base_AOSP_10_r33_CVE-2023-21272
CVE-2023-21275	Trinadh465/packages_apps_ManagedProvisioning_AOSP10_r33_CVE-2023-21275	https://github.com/Trinadh465/packages_apps_ManagedProvisioning_AOSP10_r33_CVE-2023-21275
CVE-2023-21281	Trinadh465/platform_frameworks_base_CVE-2023-21281	https://github.com/Trinadh465/platform_frameworks_base_CVE-2023-21281
CVE-2023-21286	Trinadh465/platform_frameworks_base_CVE-2023-21286	https://github.com/Trinadh465/platform_frameworks_base_CVE-2023-21286
CVE-2023-21537	stevenjoezhang/CVE-2023-21537	https://github.com/stevenjoezhang/CVE-2023-21537
CVE-2023-21688	hyunjungg/CVE-2023-21688	https://github.com/hyunjungg/CVE-2023-21688
CVE-2023-21739	gmh5225/CVE-2023-21739	https://github.com/gmh5225/CVE-2023-21739
CVE-2023-21746	Muhammad-Ali007/LocalPotato_CVE-2023-21746	https://github.com/Muhammad-Ali007/LocalPotato_CVE-2023-21746
CVE-2023-21746	TailoredSecOps/PEREDBOEMPATAT-BOF	https://github.com/TailoredSecOps/PEREDBOEMPATAT-BOF
CVE-2023-21752	Wh04m1001/CVE-2023-21752	https://github.com/Wh04m1001/CVE-2023-21752
CVE-2023-21752	yosef0x01/CVE-2023-21752	https://github.com/yosef0x01/CVE-2023-21752
CVE-2023-21768	chompie1337/Windows_LPE_AFD_CVE-2023-21768	https://github.com/chompie1337/Windows_LPE_AFD_CVE-2023-21768
CVE-2023-21768	cl4ym0re/cve-2023-21768-compiled	https://github.com/cl4ym0re/cve-2023-21768-compiled
CVE-2023-21768	SamuelTulach/nullmap	https://github.com/SamuelTulach/nullmap
CVE-2023-21768	Malwareman007/CVE-2023-21768	https://github.com/Malwareman007/CVE-2023-21768
CVE-2023-21768	P4x1s/CVE-2023-21768-POC	https://github.com/P4x1s/CVE-2023-21768-POC
CVE-2023-21768	h1bAna/CVE-2023-21768	https://github.com/h1bAna/CVE-2023-21768
CVE-2023-21768	zoemurmure/CVE-2023-21768-AFD-for-WinSock-EoP-exploit	https://github.com/zoemurmure/CVE-2023-21768-AFD-for-WinSock-EoP-exploit
CVE-2023-21768	ivanovick1/Windows_AFD_LPE_CVE-2023-21768	https://github.com/ivanovick1/Windows_AFD_LPE_CVE-2023-21768
CVE-2023-21768	Rosayxy/Recreate-cve-2023-21768	https://github.com/Rosayxy/Recreate-cve-2023-21768
CVE-2023-21768	ldrx30/CVE-2023-21768	https://github.com/ldrx30/CVE-2023-21768
CVE-2023-21768	xboxoneresearch/CVE-2023-21768-dotnet	https://github.com/xboxoneresearch/CVE-2023-21768-dotnet
CVE-2023-21768	IlanDudnik/CVE-2023-21768	https://github.com/IlanDudnik/CVE-2023-21768
CVE-2023-21768	radoi-teodor/CVE-2023-21768-DSE-Bypass	https://github.com/radoi-teodor/CVE-2023-21768-DSE-Bypass
CVE-2023-21768	leandrofleury/CVE-2023-21768	https://github.com/leandrofleury/CVE-2023-21768
CVE-2023-21817	johnnygreeme/CVE-2023-21817	https://github.com/johnnygreeme/CVE-2023-21817
CVE-2023-21987	chunzhennn/cve-2023-21987-poc	https://github.com/chunzhennn/cve-2023-21987-poc
CVE-2023-21987	minq0x1412/CVE-2023-21987-and-CVE-2023-21991	https://github.com/minq0x1412/CVE-2023-21987-and-CVE-2023-21991
CVE-2023-22496	jstjep00/CVE-2023-22496-PoC	https://github.com/jstjep00/CVE-2023-22496-PoC
CVE-2023-22809	n3m1sys/CVE-2023-22809-sudoedit-privesc	https://github.com/n3m1sys/CVE-2023-22809-sudoedit-privesc
CVE-2023-22809	M4fiaB0y/CVE-2023-22809	https://github.com/M4fiaB0y/CVE-2023-22809
CVE-2023-22809	P4x1s/CVE-2023-22809-sudo-POC	https://github.com/P4x1s/CVE-2023-22809-sudo-POC
CVE-2023-22809	hello4r1end/patch_CVE-2023-22809	https://github.com/hello4r1end/patch_CVE-2023-22809
CVE-2023-22809	Chan9Yan9/CVE-2023-22809	https://github.com/Chan9Yan9/CVE-2023-22809
CVE-2023-22809	pashayogi/CVE-2023-22809	https://github.com/pashayogi/CVE-2023-22809
CVE-2023-22809	asepsaepdin/CVE-2023-22809	https://github.com/asepsaepdin/CVE-2023-22809
CVE-2023-22809	Toothless5143/CVE-2023-22809	https://github.com/Toothless5143/CVE-2023-22809
CVE-2023-22809	laxmiyamkolu/SUDO-privilege-escalation	https://github.com/laxmiyamkolu/SUDO-privilege-escalation
CVE-2023-22809	D0rDa4aN919/CVE-2023-22809-Exploiter	https://github.com/D0rDa4aN919/CVE-2023-22809-Exploiter
CVE-2023-22809	Spydomain/CVE-2023-22809-automated-python-exploits	https://github.com/Spydomain/CVE-2023-22809-automated-python-exploits
CVE-2023-22809	ValeuDoamne/CVE-2023-22809	https://github.com/ValeuDoamne/CVE-2023-22809
CVE-2023-22894	Saboor-Hakimi/CVE-2023-22894	https://github.com/Saboor-Hakimi/CVE-2023-22894
CVE-2023-22894	maxntv/CVE-2023-22894-PoC	https://github.com/maxntv/CVE-2023-22894-PoC
CVE-2023-23388	ynwarcs/CVE-2023-23388	https://github.com/ynwarcs/CVE-2023-23388
CVE-2023-23531	DarthOCE/MonkeyJB	https://github.com/DarthOCE/MonkeyJB
CVE-2023-23583	Mav3r1ck0x1/CVE-2023-23583-Reptar-	https://github.com/Mav3r1ck0x1/CVE-2023-23583-Reptar-
CVE-2023-25292	brainkok/CVE-2023-25292	https://github.com/brainkok/CVE-2023-25292
CVE-2023-25355	glefait/CVE-2023-25355-25356	https://github.com/glefait/CVE-2023-25355-25356
CVE-2023-26269	mbadanoiu/CVE-2023-26269	https://github.com/mbadanoiu/CVE-2023-26269
CVE-2023-28218	h1bAna/CVE-2023-28218	https://github.com/h1bAna/CVE-2023-28218
CVE-2023-28244	sk3w/cve-2023-28244	https://github.com/sk3w/cve-2023-28244
CVE-2023-28324	horizon3ai/CVE-2023-28324	https://github.com/horizon3ai/CVE-2023-28324
CVE-2023-29343	Wh04m1001/CVE-2023-29343	https://github.com/Wh04m1001/CVE-2023-29343
CVE-2023-30765	0xfml/CVE-2023-30765	https://github.com/0xfml/CVE-2023-30765
CVE-2023-30799	alzeer711/MikroTik-RouterOS-6.49.18-Exploit-Kit	https://github.com/alzeer711/MikroTik-RouterOS-6.49.18-Exploit-Kit
CVE-2023-31497	0xInfection/EPScalate	https://github.com/0xInfection/EPScalate
CVE-2023-31704	d34dun1c02n/CVE-2023-31704	https://github.com/d34dun1c02n/CVE-2023-31704
CVE-2023-31747	msd0pe-1/CVE-2023-31747	https://github.com/msd0pe-1/CVE-2023-31747
CVE-2023-32162	LucaBarile/ZDI-CAN-16318	https://github.com/LucaBarile/ZDI-CAN-16318
CVE-2023-32163	LucaBarile/ZDI-CAN-16857	https://github.com/LucaBarile/ZDI-CAN-16857
CVE-2023-32233	PIDAN-HEIDASHUAI/CVE-2023-32233	https://github.com/PIDAN-HEIDASHUAI/CVE-2023-32233
CVE-2023-32233	Liuk3r/CVE-2023-32233	https://github.com/Liuk3r/CVE-2023-32233
CVE-2023-32233	oferchen/POC-CVE-2023-32233	https://github.com/oferchen/POC-CVE-2023-32233
CVE-2023-32233	RogelioPumajulca/TEST-CVE-2023-32233	https://github.com/RogelioPumajulca/TEST-CVE-2023-32233
CVE-2023-32233	void0red/CVE-2023-32233	https://github.com/void0red/CVE-2023-32233
CVE-2023-32233	Destawell/gemini-2.5-pro-nf-tables-red-teaming	https://github.com/Destawell/gemini-2.5-pro-nf-tables-red-teaming
CVE-2023-32233	Destawell/gemini-2.5-pro-nf-tables-red-teamin	https://github.com/Destawell/gemini-2.5-pro-nf-tables-red-teamin
CVE-2023-32233	adeadukagi/CVE-2023-32233-reproduction	https://github.com/adeadukagi/CVE-2023-32233-reproduction
CVE-2023-32243	little44n1o/cve-2023-32243	https://github.com/little44n1o/cve-2023-32243
CVE-2023-32243	gbrsh/CVE-2023-32243	https://github.com/gbrsh/CVE-2023-32243
CVE-2023-32243	RandomRobbieBF/CVE-2023-32243	https://github.com/RandomRobbieBF/CVE-2023-32243
CVE-2023-32243	manavvedawala2/CVE-2023-32243-proof-of-concept	https://github.com/manavvedawala2/CVE-2023-32243-proof-of-concept
CVE-2023-32243	YouGina/CVE-2023-32243	https://github.com/YouGina/CVE-2023-32243
CVE-2023-32243	thatonesecguy/Wordpress-Vulnerability-Identification-Scripts	https://github.com/thatonesecguy/Wordpress-Vulnerability-Identification-Scripts
CVE-2023-32243	Jenderal92/WP-CVE-2023-32243	https://github.com/Jenderal92/WP-CVE-2023-32243
CVE-2023-32243	dev0558/CVE-2023-32243-Detection-and-Mitigation-in-WordPress	https://github.com/dev0558/CVE-2023-32243-Detection-and-Mitigation-in-WordPress
CVE-2023-32353	86x/CVE-2023-32353-PoC	https://github.com/86x/CVE-2023-32353-PoC
CVE-2023-32413	synacktiv/CVE-2023-32413	https://github.com/synacktiv/CVE-2023-32413
CVE-2023-32428	gergelykalman/CVE-2023-32428-a-macOS-LPE-via-MallocStackLogging	https://github.com/gergelykalman/CVE-2023-32428-a-macOS-LPE-via-MallocStackLogging
CVE-2023-32629	kaotickj/Check-for-CVE-2023-32629-GameOver-lay	https://github.com/kaotickj/Check-for-CVE-2023-32629-GameOver-lay
CVE-2023-32629	ThrynSec/CVE-2023-32629-CVE-2023-2640---POC-Escalation	https://github.com/ThrynSec/CVE-2023-32629-CVE-2023-2640---POC-Escalation
CVE-2023-32629	k4but0/Ubuntu-LPE	https://github.com/k4but0/Ubuntu-LPE
CVE-2023-32629	xS9NTX/CVE-2023-32629-CVE-2023-2640-Ubuntu-Privilege-Escalation-POC	https://github.com/xS9NTX/CVE-2023-32629-CVE-2023-2640-Ubuntu-Privilege-Escalation-POC
CVE-2023-32629	h3raklez/CVE-2023-32629	https://github.com/h3raklez/CVE-2023-32629
CVE-2023-32707	9xN/CVE-2023-32707	https://github.com/9xN/CVE-2023-32707
CVE-2023-33730	sahiloj/CVE-2023-33730	https://github.com/sahiloj/CVE-2023-33730
CVE-2023-34839	sahiloj/CVE-2023-34839	https://github.com/sahiloj/CVE-2023-34839
CVE-2023-35001	synacktiv/CVE-2023-35001	https://github.com/synacktiv/CVE-2023-35001
CVE-2023-35001	syedhafiz1234/nftables-oob-read-write-exploit-CVE-2023-35001-	https://github.com/syedhafiz1234/nftables-oob-read-write-exploit-CVE-2023-35001-
CVE-2023-35001	mrbrelax/Exploit_CVE-2023-35001	https://github.com/mrbrelax/Exploit_CVE-2023-35001
CVE-2023-35080	tijme/ivanti-cve-2023-35080-privilege-escalation-bof	https://github.com/tijme/ivanti-cve-2023-35080-privilege-escalation-bof
CVE-2023-35080	HopHouse/Ivanti-Pulse_VPN-Client_Exploit-CVE-2023-35080_Privilege-escalation	https://github.com/HopHouse/Ivanti-Pulse_VPN-Client_Exploit-CVE-2023-35080_Privilege-escalation
CVE-2023-35086	tin-z/CVE-2023-35086-POC	https://github.com/tin-z/CVE-2023-35086-POC
CVE-2023-35317	M507/CVE-2025-59287-PoC	https://github.com/M507/CVE-2025-59287-PoC
CVE-2023-35687	pazhanivel07/frameworks_av_AOSP_10_r33_CVE-2023-35687_CVE-2023-35679	https://github.com/pazhanivel07/frameworks_av_AOSP_10_r33_CVE-2023-35687_CVE-2023-35679
CVE-2023-35788	lanleft/cve-2023-35788	https://github.com/lanleft/cve-2023-35788
CVE-2023-36003	m417z/CVE-2023-36003-POC	https://github.com/m417z/CVE-2023-36003-POC
CVE-2023-36003	johnnygreeme/CVE-2023-36003	https://github.com/johnnygreeme/CVE-2023-36003
CVE-2023-36407	zha0/CVE-2023-36407	https://github.com/zha0/CVE-2023-36407
CVE-2023-36407	pwndorei/CVE-2023-36407	https://github.com/pwndorei/CVE-2023-36407
CVE-2023-36427	tandasat/CVE-2023-36427	https://github.com/tandasat/CVE-2023-36427
CVE-2023-36723	Wh04m1001/CVE-2023-36723	https://github.com/Wh04m1001/CVE-2023-36723
CVE-2023-36899	d0rb/CVE-2023-36899	https://github.com/d0rb/CVE-2023-36899
CVE-2023-36899	midisec/CVE-2023-36899	https://github.com/midisec/CVE-2023-36899
CVE-2023-36900	RomanRybachek/CVE-2023-36900	https://github.com/RomanRybachek/CVE-2023-36900
CVE-2023-37250	ewilded/CVE-2023-37250-POC	https://github.com/ewilded/CVE-2023-37250-POC
CVE-2023-37941	Barroqueiro/CVE-2023-37941	https://github.com/Barroqueiro/CVE-2023-37941
CVE-2023-38041	ewilded/CVE-2023-38041-POC	https://github.com/ewilded/CVE-2023-38041-POC
CVE-2023-38646	Pumpkin-Garden/POC_Metabase_CVE-2023-38646	https://github.com/Pumpkin-Garden/POC_Metabase_CVE-2023-38646
CVE-2023-38646	0xrobiul/CVE-2023-38646	https://github.com/0xrobiul/CVE-2023-38646
CVE-2023-38646	Chocapikk/CVE-2023-38646	https://github.com/Chocapikk/CVE-2023-38646
CVE-2023-38646	Xuxfff/CVE-2023-38646-Poc	https://github.com/Xuxfff/CVE-2023-38646-Poc
CVE-2023-38646	securezeron/CVE-2023-38646	https://github.com/securezeron/CVE-2023-38646
CVE-2023-38646	raytheon0x21/CVE-2023-38646	https://github.com/raytheon0x21/CVE-2023-38646
CVE-2023-38646	Zenmovie/CVE-2023-38646	https://github.com/Zenmovie/CVE-2023-38646
CVE-2023-38646	shamo0/CVE-2023-38646-PoC	https://github.com/shamo0/CVE-2023-38646-PoC
CVE-2023-38646	fidjiw/CVE-2023-38646-POC	https://github.com/fidjiw/CVE-2023-38646-POC
CVE-2023-38646	Any3ite/cve-2023-38646-metabase-ReverseShell	https://github.com/Any3ite/cve-2023-38646-metabase-ReverseShell
CVE-2023-38646	robotmikhro/CVE-2023-38646	https://github.com/robotmikhro/CVE-2023-38646
CVE-2023-38646	kh4sh3i/CVE-2023-38646	https://github.com/kh4sh3i/CVE-2023-38646
CVE-2023-38646	yxl2001/CVE-2023-38646	https://github.com/yxl2001/CVE-2023-38646
CVE-2023-38646	alexandre-pecorilla/CVE-2023-38646	https://github.com/alexandre-pecorilla/CVE-2023-38646
CVE-2023-38646	m3m0o/metabase-pre-auth-rce-poc	https://github.com/m3m0o/metabase-pre-auth-rce-poc
CVE-2023-38646	CN016/Metabase-H2-CVE-2023-38646-	https://github.com/CN016/Metabase-H2-CVE-2023-38646-
CVE-2023-38646	Boogipop/MetabaseRceTools	https://github.com/Boogipop/MetabaseRceTools
CVE-2023-38646	nickswink/CVE-2023-38646	https://github.com/nickswink/CVE-2023-38646
CVE-2023-38646	passwa11/CVE-2023-38646	https://github.com/passwa11/CVE-2023-38646
CVE-2023-38646	threatHNTR/CVE-2023-38646	https://github.com/threatHNTR/CVE-2023-38646
CVE-2023-38646	asepsaepdin/CVE-2023-38646	https://github.com/asepsaepdin/CVE-2023-38646
CVE-2023-38646	Pyr0sec/CVE-2023-38646	https://github.com/Pyr0sec/CVE-2023-38646
CVE-2023-38646	birdm4nw/CVE-2023-38646	https://github.com/birdm4nw/CVE-2023-38646
CVE-2023-38646	AnvithLobo/CVE-2023-38646	https://github.com/AnvithLobo/CVE-2023-38646
CVE-2023-38646	Red4mber/CVE-2023-38646	https://github.com/Red4mber/CVE-2023-38646
CVE-2023-38646	junnythemarksman/CVE-2023-38646	https://github.com/junnythemarksman/CVE-2023-38646
CVE-2023-38646	Mrunalkaran/CVE-2023-38646	https://github.com/Mrunalkaran/CVE-2023-38646
CVE-2023-38646	j0yb0y0h/CVE-2023-38646	https://github.com/j0yb0y0h/CVE-2023-38646
CVE-2023-38646	Ego1stoo/CVE-2023-38646	https://github.com/Ego1stoo/CVE-2023-38646
CVE-2023-38646	0utl4nder/Another-Metabase-RCE-CVE-2023-38646	https://github.com/0utl4nder/Another-Metabase-RCE-CVE-2023-38646
CVE-2023-38646	Shisones/MetabaseRCE_CVE-2023-38646	https://github.com/Shisones/MetabaseRCE_CVE-2023-38646
CVE-2023-38646	acesoyeo/METABASE-RCE-CVE-2023-38646-	https://github.com/acesoyeo/METABASE-RCE-CVE-2023-38646-
CVE-2023-38646	UserConnecting/Exploit-CVE-2023-38646-Metabase	https://github.com/UserConnecting/Exploit-CVE-2023-38646-Metabase
CVE-2023-38646	DaniTheHack3r/CVE-2023-38646	https://github.com/DaniTheHack3r/CVE-2023-38646
CVE-2023-38646	JayRyz/CVE-2023-38646-PoC-Metabase	https://github.com/JayRyz/CVE-2023-38646-PoC-Metabase
CVE-2023-38646	cleanmgr112/cve-2023-38646-poc	https://github.com/cleanmgr112/cve-2023-38646-poc
CVE-2023-38646	BreezeGalaxy/CVE-2023-38646	https://github.com/BreezeGalaxy/CVE-2023-38646
CVE-2023-38646	NosrevytsNg/Metabase-Pre-Auth-RCE-POC	https://github.com/NosrevytsNg/Metabase-Pre-Auth-RCE-POC
CVE-2023-38646	Kushiro45/metabase-cve-2023-38646	https://github.com/Kushiro45/metabase-cve-2023-38646
CVE-2023-38817	vxcall/kur	https://github.com/vxcall/kur
CVE-2023-38817	SecSecBurger/CVE-2023-38817	https://github.com/SecSecBurger/CVE-2023-38817
CVE-2023-38891	jselliott/CVE-2023-38891	https://github.com/jselliott/CVE-2023-38891
CVE-2023-39362	m3ssap0/cacti-rce-snmp-options-vulnerable-application	https://github.com/m3ssap0/cacti-rce-snmp-options-vulnerable-application
CVE-2023-39362	jakabakos/CVE-2023-39362-cacti-snmp-command-injection-poc	https://github.com/jakabakos/CVE-2023-39362-cacti-snmp-command-injection-poc
CVE-2023-40084	Trinadh465/platform_system_netd_AOSP10_r33_CVE-2023-40084	https://github.com/Trinadh465/platform_system_netd_AOSP10_r33_CVE-2023-40084
CVE-2023-40130	wrlu/CVE-2023-40130	https://github.com/wrlu/CVE-2023-40130
CVE-2023-40404	geniuszly/GenEtherExploit	https://github.com/geniuszly/GenEtherExploit
CVE-2023-40933	sealldeveloper/CVE-2023-40933-PoC	https://github.com/sealldeveloper/CVE-2023-40933-PoC
CVE-2023-41772	R41N3RZUF477/CVE-2023-41772	https://github.com/R41N3RZUF477/CVE-2023-41772
CVE-2023-45777	michalbednarski/TheLastBundleMismatch	https://github.com/michalbednarski/TheLastBundleMismatch
CVE-2023-45777	B-D-APL/silver-succotash	https://github.com/B-D-APL/silver-succotash
CVE-2023-45779	metaredteam/rtx-cve-2023-45779	https://github.com/metaredteam/rtx-cve-2023-45779
CVE-2023-45992	harry935/CVE-2023-45992	https://github.com/harry935/CVE-2023-45992
CVE-2023-46813	Freax13/cve-2023-46813-poc	https://github.com/Freax13/cve-2023-46813-poc
CVE-2023-46980	sajaljat/CVE-2023-46980	https://github.com/sajaljat/CVE-2023-46980
CVE-2022-3699	alfarom256/CVE-2022-3699	https://github.com/alfarom256/CVE-2022-3699
CVE-2022-3699	estimated1337/lenovo_exec	https://github.com/estimated1337/lenovo_exec
CVE-2022-3699	Eap2468/CVE-2022-3699	https://github.com/Eap2468/CVE-2022-3699
CVE-2022-4939	BaconCriCRi/PoC-CVE-2022-4939-	https://github.com/BaconCriCRi/PoC-CVE-2022-4939-
CVE-2022-20493	Trinadh465/frameworks_base_CVE-2022-20493	https://github.com/Trinadh465/frameworks_base_CVE-2022-20493
CVE-2022-37704	MaherAzzouzi/CVE-2022-37704	https://github.com/MaherAzzouzi/CVE-2022-37704
CVE-2022-37705	MaherAzzouzi/CVE-2022-37705	https://github.com/MaherAzzouzi/CVE-2022-37705
CVE-2022-43973	UmbertoDellaMonica/Linksys-WRT54GL-Exploitation	https://github.com/UmbertoDellaMonica/Linksys-WRT54GL-Exploitation
CVE-2022-44569	rweijnen/ivanti-automationmanager-exploit	https://github.com/rweijnen/ivanti-automationmanager-exploit
CVE-2022-45451	alfarom256/CVE-2022-45451	https://github.com/alfarom256/CVE-2022-45451
CVE-2022-45599	ethancunt/CVE-2022-45599	https://github.com/ethancunt/CVE-2022-45599
CVE-2022-45770	Marsel-marsel/CVE-2022-45770	https://github.com/Marsel-marsel/CVE-2022-45770
CVE-2022-45988	happy0717/CVE-2022-45988	https://github.com/happy0717/CVE-2022-45988
CVE-2021-26837	l0lsec/CVE-2021-26837	https://github.com/l0lsec/CVE-2021-26837
CVE-2021-28235	h3ck13r/CVE-2021-28235	https://github.com/h3ck13r/CVE-2021-28235
CVE-2020-10129	InfoSec4Fun/CVE-2020-10129	https://github.com/InfoSec4Fun/CVE-2020-10129
CVE-2020-24088	rjt-gupta/CVE-2020-24088	https://github.com/rjt-gupta/CVE-2020-24088
CVE-2022-0435	wlswotmd/CVE-2022-0435	https://github.com/wlswotmd/CVE-2022-0435
CVE-2022-0435	Spydomain/CVE-2022-0435-Poc	https://github.com/Spydomain/CVE-2022-0435-Poc
CVE-2022-0435	sandesh9978/CVE-2022-0435	https://github.com/sandesh9978/CVE-2022-0435
CVE-2022-0486	henryreed/CVE-2022-0486	https://github.com/henryreed/CVE-2022-0486
CVE-2022-1011	xkaneiki/CVE-2022-1011	https://github.com/xkaneiki/CVE-2022-1011
CVE-2022-1227	LouisLiuNova/CVE-2022-1227_Exploit	https://github.com/LouisLiuNova/CVE-2022-1227_Exploit
CVE-2022-1679	EkamSinghWalia/-Detection-and-Mitigation-for-CVE-2022-1679	https://github.com/EkamSinghWalia/-Detection-and-Mitigation-for-CVE-2022-1679
CVE-2022-1679	ov3rwatch/Detection-and-Mitigation-for-CVE-2022-1679	https://github.com/ov3rwatch/Detection-and-Mitigation-for-CVE-2022-1679
CVE-2022-2590	hyeonjun17/CVE-2022-2590-analysis	https://github.com/hyeonjun17/CVE-2022-2590-analysis
CVE-2022-2639	EkamSinghWalia/Detection-and-Mitigation-for-CVE-2022-2639	https://github.com/EkamSinghWalia/Detection-and-Mitigation-for-CVE-2022-2639
CVE-2022-2639	letsr00t/-2022-LOCALROOT-CVE-2022-2639	https://github.com/letsr00t/-2022-LOCALROOT-CVE-2022-2639
CVE-2022-2639	devetop/CVE-2022-2639-PipeVersion	https://github.com/devetop/CVE-2022-2639-PipeVersion
CVE-2022-3368	Wh04m1001/CVE-2022-3368	https://github.com/Wh04m1001/CVE-2022-3368
CVE-2022-3368	byt3n33dl3/CrackAVFee	https://github.com/byt3n33dl3/CrackAVFee
CVE-2022-3910	veritas501/CVE-2022-3910	https://github.com/veritas501/CVE-2022-3910
CVE-2022-3910	TLD1027/CVE-2022-3910	https://github.com/TLD1027/CVE-2022-3910
CVE-2022-20004	Trinadh465/frameworks_base_AOSP10_r33_CVE-2022-20004	https://github.com/Trinadh465/frameworks_base_AOSP10_r33_CVE-2022-20004
CVE-2022-20005	Trinadh465/frameworks_base_AOSP10_r33_CVE-2022-20005	https://github.com/Trinadh465/frameworks_base_AOSP10_r33_CVE-2022-20005
CVE-2022-20007	Trinadh465/frameworks_base_AOSP10_r33_CVE-2022-20007	https://github.com/Trinadh465/frameworks_base_AOSP10_r33_CVE-2022-20007
CVE-2022-20007	pazhanivel07/frameworks_base_AOSP10_r33_CVE-2022-20007	https://github.com/pazhanivel07/frameworks_base_AOSP10_r33_CVE-2022-20007
CVE-2022-20009	szymonh/android-gadget	https://github.com/szymonh/android-gadget
CVE-2022-20126	Trinadh465/packages_apps_Bluetooth_AOSP10_r33_CVE-2022-20126	https://github.com/Trinadh465/packages_apps_Bluetooth_AOSP10_r33_CVE-2022-20126
CVE-2022-20138	ShaikUsaf/ShaikUsaf-frameworks_base_AOSP10_r33_CVE-2022-20138	https://github.com/ShaikUsaf/ShaikUsaf-frameworks_base_AOSP10_r33_CVE-2022-20138
CVE-2022-20138	Trinadh465/frameworks_base_AOSP10_r33_CVE-2022-20138	https://github.com/Trinadh465/frameworks_base_AOSP10_r33_CVE-2022-20138
CVE-2022-20140	RenukaSelvar/system_bt_aosp10_cve-2022-20140	https://github.com/RenukaSelvar/system_bt_aosp10_cve-2022-20140
CVE-2022-20142	Satheesh575555/frameworks_base_AOSP10_r33_CVE-2022-20142	https://github.com/Satheesh575555/frameworks_base_AOSP10_r33_CVE-2022-20142
CVE-2022-20142	pazhanivel07/frameworks_base_AOSP10_r33_CVE-2022-20142	https://github.com/pazhanivel07/frameworks_base_AOSP10_r33_CVE-2022-20142
CVE-2022-20186	Bariskizilkaya/CVE-2022-20186_CTXZ	https://github.com/Bariskizilkaya/CVE-2022-20186_CTXZ
CVE-2022-20186	SmileTabLabo/CVE-2022-20186	https://github.com/SmileTabLabo/CVE-2022-20186
CVE-2022-20223	dsp-security-workflows/cve-2022-20223	https://github.com/dsp-security-workflows/cve-2022-20223
CVE-2022-20338	Satheesh575555/frameworks_base_AOSP_06_r22_CVE-2022-20338	https://github.com/Satheesh575555/frameworks_base_AOSP_06_r22_CVE-2022-20338
CVE-2022-20338	Trinadh465/frameworks_base_AOSP_10_r33_CVE-2022-20338	https://github.com/Trinadh465/frameworks_base_AOSP_10_r33_CVE-2022-20338
CVE-2022-20360	726232111/packages_apps_Settings_AOSP_10_r33_CVE-2022-20360	https://github.com/726232111/packages_apps_Settings_AOSP_10_r33_CVE-2022-20360
CVE-2022-20361	francozappa/blur	https://github.com/francozappa/blur
CVE-2022-20409	Markakd/bad_io_uring	https://github.com/Markakd/bad_io_uring
CVE-2022-20421	0xkol/badspin	https://github.com/0xkol/badspin
CVE-2022-20421	sandiyochristan/oo	https://github.com/sandiyochristan/oo
CVE-2022-20452	michalbednarski/LeakValue	https://github.com/michalbednarski/LeakValue
CVE-2022-20470	Trinadh465/frameworks_base_AOSP10_r33_CVE-2022-20470	https://github.com/Trinadh465/frameworks_base_AOSP10_r33_CVE-2022-20470
CVE-2022-20474	cxxsheng/CVE-2022-20474	https://github.com/cxxsheng/CVE-2022-20474
CVE-2022-20818	mbadanoiu/CVE-2022-20818	https://github.com/mbadanoiu/CVE-2022-20818
CVE-2022-21660	UzJu/Gin-Vue-admin-poc-CVE-2022-21660	https://github.com/UzJu/Gin-Vue-admin-poc-CVE-2022-21660
CVE-2022-21789	docfate111/CVE-2022-21789	https://github.com/docfate111/CVE-2022-21789
CVE-2022-21881	theabysslabs/CVE-2022-21881	https://github.com/theabysslabs/CVE-2022-21881
CVE-2022-21970	Malwareman007/CVE-2022-21970	https://github.com/Malwareman007/CVE-2022-21970
CVE-2022-22555	colaoo123/cve-2022-22555	https://github.com/colaoo123/cve-2022-22555
CVE-2022-22639	jhftss/CVE-2022-22639	https://github.com/jhftss/CVE-2022-22639
CVE-2022-22715	vportal/CVE-2022-22715	https://github.com/vportal/CVE-2022-22715
CVE-2022-22733	Zeyad-Azima/CVE-2022-22733	https://github.com/Zeyad-Azima/CVE-2022-22733
CVE-2022-22814	DShankle/CVE-2022-22814_PoC	https://github.com/DShankle/CVE-2022-22814_PoC
CVE-2022-23222	tr3ee/CVE-2022-23222	https://github.com/tr3ee/CVE-2022-23222
CVE-2022-23222	PenteraIO/CVE-2022-23222-POC	https://github.com/PenteraIO/CVE-2022-23222-POC
CVE-2022-23222	FridayOrtiz/CVE-2022-23222	https://github.com/FridayOrtiz/CVE-2022-23222
CVE-2022-23222	LeoMarche/ProjetSecu	https://github.com/LeoMarche/ProjetSecu
CVE-2022-23731	DavidBuchanan314/WAMpage	https://github.com/DavidBuchanan314/WAMpage
CVE-2022-23909	netsectuna/CVE-2022-23909	https://github.com/netsectuna/CVE-2022-23909
CVE-2022-24122	meowmeowxw/CVE-2022-24122	https://github.com/meowmeowxw/CVE-2022-24122
CVE-2022-24481	fr4nkxixi/CVE-2022-24481-POC	https://github.com/fr4nkxixi/CVE-2022-24481-POC
CVE-2022-24481	uname1able/CVE-2022-24481	https://github.com/uname1able/CVE-2022-24481
CVE-2022-24481	uname1able/CVE-2022-24481-analysis	https://github.com/uname1able/CVE-2022-24481-analysis
CVE-2022-24494	vportal/AFD	https://github.com/vportal/AFD
CVE-2022-24637	Lay0us/CVE-2022-24637	https://github.com/Lay0us/CVE-2022-24637
CVE-2022-24637	hupe1980/CVE-2022-24637	https://github.com/hupe1980/CVE-2022-24637
CVE-2022-24637	icebreack/CVE-2022-24637	https://github.com/icebreack/CVE-2022-24637
CVE-2022-24637	Pflegusch/CVE-2022-24637	https://github.com/Pflegusch/CVE-2022-24637
CVE-2022-24637	0xM4hm0ud/CVE-2022-24637	https://github.com/0xM4hm0ud/CVE-2022-24637
CVE-2022-24637	0xRyuk/CVE-2022-24637	https://github.com/0xRyuk/CVE-2022-24637
CVE-2022-24637	PrinceAikinsBaidoo/CVE-2022-24637	https://github.com/PrinceAikinsBaidoo/CVE-2022-24637
CVE-2022-24780	Acceis/exploit-CVE-2022-24780	https://github.com/Acceis/exploit-CVE-2022-24780
CVE-2022-25090	ComparedArray/printix-CVE-2022-25090	https://github.com/ComparedArray/printix-CVE-2022-25090
CVE-2022-25636	Bonfee/CVE-2022-25636	https://github.com/Bonfee/CVE-2022-25636
CVE-2022-25636	chenaotian/CVE-2022-25636	https://github.com/chenaotian/CVE-2022-25636
CVE-2022-25636	veritas501/CVE-2022-25636-PipeVersion	https://github.com/veritas501/CVE-2022-25636-PipeVersion
CVE-2022-26488	techspence/PyPATHPwner	https://github.com/techspence/PyPATHPwner
CVE-2022-26503	sinsinology/CVE-2022-26503	https://github.com/sinsinology/CVE-2022-26503
CVE-2022-26810	Mr-Alperen/CVE-2022-26810	https://github.com/Mr-Alperen/CVE-2022-26810
CVE-2022-27502	alirezac0/CVE-2022-27502	https://github.com/alirezac0/CVE-2022-27502
CVE-2022-27666	plummm/CVE-2022-27666	https://github.com/plummm/CVE-2022-27666
CVE-2022-27666	Albocoder/cve-2022-27666-exploits	https://github.com/Albocoder/cve-2022-27666-exploits
CVE-2022-27666	ngtuonghung/CVE-2022-27666	https://github.com/ngtuonghung/CVE-2022-27666
CVE-2022-29072	kagancapar/CVE-2022-29072	https://github.com/kagancapar/CVE-2022-29072
CVE-2022-29072	tiktb8/CVE-2022-29072	https://github.com/tiktb8/CVE-2022-29072
CVE-2022-29072	sentinelblue/CVE-2022-29072	https://github.com/sentinelblue/CVE-2022-29072
CVE-2022-29072	Phantomiman/7-Zip.chm-Mitigation	https://github.com/Phantomiman/7-Zip.chm-Mitigation
CVE-2022-29072	rasan2001/CVE-2022-29072	https://github.com/rasan2001/CVE-2022-29072
CVE-2022-29581	Nidhi77777/linux-4.19.72_CVE-2022-29581	https://github.com/Nidhi77777/linux-4.19.72_CVE-2022-29581
CVE-2022-29581	nidhihcl/linux-4.19.72_CVE-2022-29581	https://github.com/nidhihcl/linux-4.19.72_CVE-2022-29581
CVE-2022-29582	Ruia-ruia/CVE-2022-29582-Exploit	https://github.com/Ruia-ruia/CVE-2022-29582-Exploit
CVE-2022-30206	MagicPwnrin/CVE-2022-30206	https://github.com/MagicPwnrin/CVE-2022-30206
CVE-2022-30206	Malwareman007/CVE-2022-30206	https://github.com/Malwareman007/CVE-2022-30206
CVE-2022-30526	greek0x0/CVE-2022-30526	https://github.com/greek0x0/CVE-2022-30526
CVE-2022-31007	gregscharf/CVE-2022-31007-Python-POC	https://github.com/gregscharf/CVE-2022-31007-Python-POC
CVE-2022-31245	ly1g3/Mailcow-CVE-2022-31245	https://github.com/ly1g3/Mailcow-CVE-2022-31245
CVE-2022-31262	secure-77/CVE-2022-31262	https://github.com/secure-77/CVE-2022-31262
CVE-2022-32250	theori-io/CVE-2022-32250-exploit	https://github.com/theori-io/CVE-2022-32250-exploit
CVE-2022-32250	ysanatomic/CVE-2022-32250-LPE	https://github.com/ysanatomic/CVE-2022-32250-LPE
CVE-2022-32250	Decstor5/2022-32250LPE	https://github.com/Decstor5/2022-32250LPE
CVE-2022-32250	Kristal-g/CVE-2022-32250	https://github.com/Kristal-g/CVE-2022-32250
CVE-2022-32250	seadragnol/CVE-2022-32250	https://github.com/seadragnol/CVE-2022-32250
CVE-2022-32250	KuanKuanQAQ/cve-testing	https://github.com/KuanKuanQAQ/cve-testing
CVE-2022-32250	rem0t3/CVE-2022-32250-Compiled	https://github.com/rem0t3/CVE-2022-32250-Compiled
CVE-2022-32250	Noidolosity/CVE-2022-32250	https://github.com/Noidolosity/CVE-2022-32250
CVE-2022-32947	hoshinolina/agx-exploit	https://github.com/hoshinolina/agx-exploit
CVE-2022-33140	shoucheng3/apache__nifi_CVE-2022-33140_1-16-22	https://github.com/shoucheng3/apache__nifi_CVE-2022-33140_1-16-22
CVE-2022-33679	Bdenneu/CVE-2022-33679	https://github.com/Bdenneu/CVE-2022-33679
CVE-2022-33679	Blyth0He/CVE-2022-33679	https://github.com/Blyth0He/CVE-2022-33679
CVE-2022-33679	Amulab/CVE-2022-33679	https://github.com/Amulab/CVE-2022-33679
CVE-2022-33679	notareaperbutDR34P3r/Kerberos_CVE-2022-33679	https://github.com/notareaperbutDR34P3r/Kerberos_CVE-2022-33679
CVE-2022-33679	soy-oreocato/CVE-2022-33679_Checker	https://github.com/soy-oreocato/CVE-2022-33679_Checker
CVE-2022-34918	randorisec/CVE-2022-34918-LPE-PoC	https://github.com/randorisec/CVE-2022-34918-LPE-PoC
CVE-2022-34918	merlinepedra25/CVE-2022-34918-LPE-PoC	https://github.com/merlinepedra25/CVE-2022-34918-LPE-PoC
CVE-2022-34918	merlinepedra/CVE-2022-34918-LPE-PoC	https://github.com/merlinepedra/CVE-2022-34918-LPE-PoC
CVE-2022-34918	linulinu/CVE-2022-34918	https://github.com/linulinu/CVE-2022-34918
CVE-2022-34918	veritas501/CVE-2022-34918	https://github.com/veritas501/CVE-2022-34918
CVE-2022-35899	angelopioamirante/CVE-2022-35899	https://github.com/angelopioamirante/CVE-2022-35899
CVE-2022-36271	SaumyajeetDas/POC-of-CVE-2022-36271	https://github.com/SaumyajeetDas/POC-of-CVE-2022-36271
CVE-2022-37706	MaherAzzouzi/CVE-2022-37706-LPE-exploit	https://github.com/MaherAzzouzi/CVE-2022-37706-LPE-exploit
CVE-2022-37706	ECU-10525611-Xander/CVE-2022-37706	https://github.com/ECU-10525611-Xander/CVE-2022-37706
CVE-2022-37706	junnythemarksman/CVE-2022-37706	https://github.com/junnythemarksman/CVE-2022-37706
CVE-2022-37706	TACTICAL-HACK/CVE-2022-37706-SUID	https://github.com/TACTICAL-HACK/CVE-2022-37706-SUID
CVE-2022-37706	sanan2004/CVE-2022-37706	https://github.com/sanan2004/CVE-2022-37706
CVE-2022-37706	KaoXx/CVE-2022-37706	https://github.com/KaoXx/CVE-2022-37706
CVE-2022-37706	d3ndr1t30x/CVE-2022-37706	https://github.com/d3ndr1t30x/CVE-2022-37706
CVE-2022-37706	Massive43/CVE-2022-37706	https://github.com/Massive43/CVE-2022-37706
CVE-2022-38029	SpiralBL0CK/SIDECHANNEL-CVE-2022-38029	https://github.com/SpiralBL0CK/SIDECHANNEL-CVE-2022-38029
CVE-2022-38532	nam3lum/msi-central_privesc	https://github.com/nam3lum/msi-central_privesc
CVE-2022-39959	usmarine2141/CVE-2022-39959	https://github.com/usmarine2141/CVE-2022-39959
CVE-2022-40126	LovelyWei/CVE-2022-40126	https://github.com/LovelyWei/CVE-2022-40126
CVE-2022-40297	filipkarc/PoC-ubuntutouch-pin-privesc	https://github.com/filipkarc/PoC-ubuntutouch-pin-privesc
CVE-2022-41032	ethomson/cve-2022-41032	https://github.com/ethomson/cve-2022-41032
CVE-2022-41114	gmh5225/CVE-2022-41114	https://github.com/gmh5225/CVE-2022-41114
CVE-2022-41923	grails/GSSC-CVE-2022-41923	https://github.com/grails/GSSC-CVE-2022-41923
CVE-2022-42046	kkent030315/CVE-2022-42046	https://github.com/kkent030315/CVE-2022-42046
CVE-2022-45771	p0dalirius/CVE-2022-45771-Pwndoc-LFI-to-RCE	https://github.com/p0dalirius/CVE-2022-45771-Pwndoc-LFI-to-RCE
CVE-2022-45771	yuriisanin/CVE-2022-45771	https://github.com/yuriisanin/CVE-2022-45771
CVE-2022-46152	0xbbdd/CVE-2022-46152	https://github.com/0xbbdd/CVE-2022-46152
CVE-2022-46175	giz-berlin/quasar-app-webpack-json5-vulnerability	https://github.com/giz-berlin/quasar-app-webpack-json5-vulnerability
CVE-2022-46689	zhuowei/MacDirtyCowDemo	https://github.com/zhuowei/MacDirtyCowDemo
CVE-2022-46689	ahkecha/McDirty	https://github.com/ahkecha/McDirty
CVE-2022-46689	straight-tamago/NoCameraSound	https://github.com/straight-tamago/NoCameraSound
CVE-2022-46689	ginsudev/WDBFontOverwrite	https://github.com/ginsudev/WDBFontOverwrite
CVE-2022-46689	mineek/FileManager	https://github.com/mineek/FileManager
CVE-2022-46689	straight-tamago/NoHomeBar	https://github.com/straight-tamago/NoHomeBar
CVE-2022-46689	straight-tamago/DockTransparent	https://github.com/straight-tamago/DockTransparent
CVE-2022-46689	straight-tamago/FileSwitcherX	https://github.com/straight-tamago/FileSwitcherX
CVE-2022-46689	bomberfish/Mandela-Legacy	https://github.com/bomberfish/Mandela-Legacy
CVE-2022-46689	iswaxan/JailedCement	https://github.com/iswaxan/JailedCement
CVE-2022-46689	bomberfish/Mandela-Classic	https://github.com/bomberfish/Mandela-Classic
CVE-2022-46689	enty8080/MacDirtyCow	https://github.com/enty8080/MacDirtyCow
CVE-2022-46689	tdquang266/MDC	https://github.com/tdquang266/MDC
CVE-2022-46689	daviszhto/overwrite	https://github.com/daviszhto/overwrite
CVE-2022-46689	LumberjackStorys/CVE	https://github.com/LumberjackStorys/CVE
CVE-2021-3864	walac/cve-2021-3864	https://github.com/walac/cve-2021-3864
CVE-2021-3972	killvxk/CVE-2021-3972	https://github.com/killvxk/CVE-2021-3972
CVE-2021-4154	Markakd/CVE-2021-4154	https://github.com/Markakd/CVE-2021-4154
CVE-2021-4154	veritas501/CVE-2021-4154	https://github.com/veritas501/CVE-2021-4154
CVE-2021-4204	tr3ee/CVE-2021-4204	https://github.com/tr3ee/CVE-2021-4204
CVE-2021-26258	zwclose/CVE-2021-26258	https://github.com/zwclose/CVE-2021-26258
CVE-2021-39685	szymonh/inspector-gadget	https://github.com/szymonh/inspector-gadget
CVE-2021-39692	nanopathi/packages_apps_ManagedProvisioning_CVE-2021-39692	https://github.com/nanopathi/packages_apps_ManagedProvisioning_CVE-2021-39692
CVE-2021-39696	nidhihcl/frameworks_base_AOSP_10_r33_CVE-2021-39696	https://github.com/nidhihcl/frameworks_base_AOSP_10_r33_CVE-2021-39696
CVE-2021-39704	nanopathi/framework_base_AOSP10_r33_CVE-2021-39704	https://github.com/nanopathi/framework_base_AOSP10_r33_CVE-2021-39704
CVE-2021-39706	Trinadh465/packages_apps_Settings_AOSP10_r33_CVE-2021-39706	https://github.com/Trinadh465/packages_apps_Settings_AOSP10_r33_CVE-2021-39706
CVE-2021-39749	michalbednarski/OrganizerTransaction	https://github.com/michalbednarski/OrganizerTransaction
CVE-2021-42056	z00z00z00/Safenet_SAC_CVE-2021-42056	https://github.com/z00z00z00/Safenet_SAC_CVE-2021-42056
CVE-2021-44582	warmachine-57/CVE-2021-44582	https://github.com/warmachine-57/CVE-2021-44582
CVE-2021-44731	deeexcee-io/CVE-2021-44731-snap-confine-SUID	https://github.com/deeexcee-io/CVE-2021-44731-snap-confine-SUID
CVE-2021-45008	AS4mir/CVE-2021-45008	https://github.com/AS4mir/CVE-2021-45008
CVE-2021-46075	sanupl/Vehicle-Service-Management-System-Multiple-Privilege-Escalation-Leads-to-CRUD-Operations	https://github.com/sanupl/Vehicle-Service-Management-System-Multiple-Privilege-Escalation-Leads-to-CRUD-Operations
CVE-2021-46075	sanupl/CVE-2021-46075	https://github.com/sanupl/CVE-2021-46075
CVE-2020-23592	huzaifahussain98/CVE-2020-23592	https://github.com/huzaifahussain98/CVE-2020-23592
CVE-2020-36603	gmh5225/CVE-2020-36603	https://github.com/gmh5225/CVE-2020-36603
CVE-2019-25065	sagisar1/CVE-2019-25065-exploit	https://github.com/sagisar1/CVE-2019-25065-exploit
CVE-2019-25065	tr3m0x/CVE-2019-25065-poc	https://github.com/tr3m0x/CVE-2019-25065-poc
CVE-2021-0302	ShaikUsaf/packages_apps_PackageInstaller_AOSP10_r33_CVE-2021-0302	https://github.com/ShaikUsaf/packages_apps_PackageInstaller_AOSP10_r33_CVE-2021-0302
CVE-2021-0306	nanopathi/framework_base_AOSP10_r33_CVE-2021-0306_CVE-2021-0317	https://github.com/nanopathi/framework_base_AOSP10_r33_CVE-2021-0306_CVE-2021-0317
CVE-2021-0308	Trinadh465/platform_external_gptfdisk_AOSP10_r33_CVE-2021-0308	https://github.com/Trinadh465/platform_external_gptfdisk_AOSP10_r33_CVE-2021-0308
CVE-2021-0314	nanopathi/framework_base_AOSP10_r33_CVE-2021-0314	https://github.com/nanopathi/framework_base_AOSP10_r33_CVE-2021-0314
CVE-2021-0315	nanopathi/framework_base_AOSP10_r33_CVE-2021-0315	https://github.com/nanopathi/framework_base_AOSP10_r33_CVE-2021-0315
CVE-2021-0315	pazhanivel07/frameworks_base_Aosp10_r33_CVE-2021-0315	https://github.com/pazhanivel07/frameworks_base_Aosp10_r33_CVE-2021-0315
CVE-2021-0315	nanopathi/frameworks_base1_CVE-2021-0315	https://github.com/nanopathi/frameworks_base1_CVE-2021-0315
CVE-2021-0318	nanopathi/frameworks_native_AOSP10_r33_CVE-2021-0318	https://github.com/nanopathi/frameworks_native_AOSP10_r33_CVE-2021-0318
CVE-2021-0319	Satheesh575555/frameworks_base_AOSP10_r33_CVE-2021-0319	https://github.com/Satheesh575555/frameworks_base_AOSP10_r33_CVE-2021-0319
CVE-2021-0327	nanopathi/framework_base_AOSP10_r33_CVE-2021-0327	https://github.com/nanopathi/framework_base_AOSP10_r33_CVE-2021-0327
CVE-2021-0328	ShaikUsaf/packages_apps_Bluetooth_AOSP10_r33_CVE-2021-0328	https://github.com/ShaikUsaf/packages_apps_Bluetooth_AOSP10_r33_CVE-2021-0328
CVE-2021-0329	ShaikUsaf/packages_apps_Bluetooth_AOSP10_r33_CVE-2021-0329	https://github.com/ShaikUsaf/packages_apps_Bluetooth_AOSP10_r33_CVE-2021-0329
CVE-2021-0330	Satheesh575555/system_core_AOSP10_r33-CVE-2021-0330	https://github.com/Satheesh575555/system_core_AOSP10_r33-CVE-2021-0330
CVE-2021-0331	Satheesh575555/packages_apps_Settings_AOSP10_r33_CVE-2021-0331	https://github.com/Satheesh575555/packages_apps_Settings_AOSP10_r33_CVE-2021-0331
CVE-2021-0332	Satheesh575555/frameworks_native_AOSP10_r33_CVE-2021-0332	https://github.com/Satheesh575555/frameworks_native_AOSP10_r33_CVE-2021-0332
CVE-2021-0333	Satheesh575555/packages_apps_Settings_AOSP10_r33_CVE-2021-0333	https://github.com/Satheesh575555/packages_apps_Settings_AOSP10_r33_CVE-2021-0333
CVE-2021-0334	ShaikUsaf/frameworks_base_AOSP10_r33_CVE-2021-0334	https://github.com/ShaikUsaf/frameworks_base_AOSP10_r33_CVE-2021-0334
CVE-2021-0336	Trinadh465/packages_apps_Settings_AOSP10_r33_CVE-2021-0336	https://github.com/Trinadh465/packages_apps_Settings_AOSP10_r33_CVE-2021-0336
CVE-2021-0337	ShaikUsaf/frameworks_base_AOSP10_r33_CVE-2021-0337	https://github.com/ShaikUsaf/frameworks_base_AOSP10_r33_CVE-2021-0337
CVE-2021-0339	nanopathi/framework_base_AOSP10_r33_CVE-2021-0339	https://github.com/nanopathi/framework_base_AOSP10_r33_CVE-2021-0339
CVE-2021-0390	uthrasri/frameworks_opt_net_wifi_CVE-2021-0390	https://github.com/uthrasri/frameworks_opt_net_wifi_CVE-2021-0390
CVE-2021-0391	nanopathi/framework_base_AOSP10_r33_CVE-2021-0391	https://github.com/nanopathi/framework_base_AOSP10_r33_CVE-2021-0391
CVE-2021-0392	uthrasri/System_Connectivity_Wificond_CVE-2021-0392	https://github.com/uthrasri/System_Connectivity_Wificond_CVE-2021-0392
CVE-2021-0399	nipund513/Exploiting-UAF-by-Ret2bpf-in-Android-Kernel-CVE-2021-0399-	https://github.com/nipund513/Exploiting-UAF-by-Ret2bpf-in-Android-Kernel-CVE-2021-0399-
CVE-2021-0433	Trinadh465/frameworks_base_AOSP10_r33_CVE-2021-0433	https://github.com/Trinadh465/frameworks_base_AOSP10_r33_CVE-2021-0433
CVE-2021-0437	nanopathi/frameworks_av_AOSP10_r33_CVE-2021-0437	https://github.com/nanopathi/frameworks_av_AOSP10_r33_CVE-2021-0437
CVE-2021-0472	nanopathi/framework_base_AOSP10_r33_CVE-2021-0472	https://github.com/nanopathi/framework_base_AOSP10_r33_CVE-2021-0472
CVE-2021-0476	nanopathi/system_bt_AOSP10_r33_CVE-2021-0476	https://github.com/nanopathi/system_bt_AOSP10_r33_CVE-2021-0476
CVE-2021-0478	Satheesh575555/frameworks_base_AOSP10_r33_CVE-2021-0478	https://github.com/Satheesh575555/frameworks_base_AOSP10_r33_CVE-2021-0478
CVE-2021-0481	ShaikUsaf/packages_apps_settings_AOSP10_r33_CVE-2021-0481	https://github.com/ShaikUsaf/packages_apps_settings_AOSP10_r33_CVE-2021-0481
CVE-2021-0506	Satheesh575555/packages_apps_Settings_AOSP10_r33_CVE-2021-0506	https://github.com/Satheesh575555/packages_apps_Settings_AOSP10_r33_CVE-2021-0506
CVE-2021-0508	nanopathi/frameworks_av_AOSP10_r33_CVE-2021-0508	https://github.com/nanopathi/frameworks_av_AOSP10_r33_CVE-2021-0508
CVE-2021-0509	Trinadh465/frameworks_av_AOSP10_r33_CVE-2021-0509	https://github.com/Trinadh465/frameworks_av_AOSP10_r33_CVE-2021-0509
CVE-2021-0510	pazhanivel07/hardware_interfaces-A10_r33_CVE-2021-0510	https://github.com/pazhanivel07/hardware_interfaces-A10_r33_CVE-2021-0510
CVE-2021-0511	Trinadh465/platform_art_AOSP10_r33_CVE-2021-0511	https://github.com/Trinadh465/platform_art_AOSP10_r33_CVE-2021-0511
CVE-2021-0513	nanopathi/framework_base_AOSP10_r33_CVE-2021-0513	https://github.com/nanopathi/framework_base_AOSP10_r33_CVE-2021-0513
CVE-2021-0516	Satheesh575555/external_wpa_supplicant_8_AOSP10_r33_CVE-2021-0516	https://github.com/Satheesh575555/external_wpa_supplicant_8_AOSP10_r33_CVE-2021-0516
CVE-2021-0520	nanopathi/frameworks_av_AOSP10_r33_CVE-2021-0520	https://github.com/nanopathi/frameworks_av_AOSP10_r33_CVE-2021-0520
CVE-2021-0520	ShaikUsaf/frameworks_av_AOSP10_r33_CVE-2021-0520	https://github.com/ShaikUsaf/frameworks_av_AOSP10_r33_CVE-2021-0520
CVE-2021-0586	nanopathi/packages_apps_Settings_CVE-2021-0586	https://github.com/nanopathi/packages_apps_Settings_CVE-2021-0586
CVE-2021-0589	Trinadh465/System_bt_AOSP10_r33_CVE-2021-0589	https://github.com/Trinadh465/System_bt_AOSP10_r33_CVE-2021-0589
CVE-2021-0589	Satheesh575555/system_bt_AOSP10_r33_CVE-2021-0589	https://github.com/Satheesh575555/system_bt_AOSP10_r33_CVE-2021-0589
CVE-2021-0594	Satheesh575555/packages_apps_Nfc_AOSP10_r33_CVE-2021-0594	https://github.com/Satheesh575555/packages_apps_Nfc_AOSP10_r33_CVE-2021-0594
CVE-2021-0595	pazhanivel07/frameworks_base_Aosp10_r33_CVE-2021-0595	https://github.com/pazhanivel07/frameworks_base_Aosp10_r33_CVE-2021-0595
CVE-2021-0600	Satheesh575555/packages_apps_Settings_AOSP10_r33_CVE-2021-0600	https://github.com/Satheesh575555/packages_apps_Settings_AOSP10_r33_CVE-2021-0600
CVE-2021-0640	Trinadh465/frameworks_base_AOSP10_r33_CVE-2021-0640	https://github.com/Trinadh465/frameworks_base_AOSP10_r33_CVE-2021-0640
CVE-2021-0652	Satheesh575555/frameworks_base_AOSP10_r33_CVE-2021-0652	https://github.com/Satheesh575555/frameworks_base_AOSP10_r33_CVE-2021-0652
CVE-2021-0683	nanopathi/framework_base_AOSP10_r33_CVE-2021-0683_CVE-2021-0708	https://github.com/nanopathi/framework_base_AOSP10_r33_CVE-2021-0683_CVE-2021-0708
CVE-2021-0688	Satheesh575555/frameworks_base_AOSP10_r33_CVE-2021-0688	https://github.com/Satheesh575555/frameworks_base_AOSP10_r33_CVE-2021-0688
CVE-2021-0705	ShaikUsaf/frameworks_base_AOSP10_r33_CVE-2021-0705	https://github.com/ShaikUsaf/frameworks_base_AOSP10_r33_CVE-2021-0705
CVE-2021-0705	Trinadh465/frameworks_base_AOSP10_r33_CVE-2021-0705	https://github.com/Trinadh465/frameworks_base_AOSP10_r33_CVE-2021-0705
CVE-2021-0928	michalbednarski/ReparcelBug2	https://github.com/michalbednarski/ReparcelBug2
CVE-2021-0954	nanopathi/framework_base_AOSP10_r33_CVE-2021-0954	https://github.com/nanopathi/framework_base_AOSP10_r33_CVE-2021-0954
CVE-2021-0963	Trinadh465/packages_apps_KeyChain_AOSP10_r33_CVE-2021-0963	https://github.com/Trinadh465/packages_apps_KeyChain_AOSP10_r33_CVE-2021-0963
CVE-2021-0963	LingerANR/CVE-2021-22-555	https://github.com/LingerANR/CVE-2021-22-555
CVE-2021-0963	NagendraPittu/CVE-2021-521-Exploit	https://github.com/NagendraPittu/CVE-2021-521-Exploit
CVE-2021-1366	koztkozt/CVE-2021-1366	https://github.com/koztkozt/CVE-2021-1366
CVE-2021-1480	xmco/sdwan-cve-2021-1480	https://github.com/xmco/sdwan-cve-2021-1480
CVE-2021-1636	Nate0634034090/bug-free-memory	https://github.com/Nate0634034090/bug-free-memory
CVE-2021-2109	Al1ex/CVE-2021-2109	https://github.com/Al1ex/CVE-2021-2109
CVE-2021-2109	rabbitsafe/CVE-2021-2109	https://github.com/rabbitsafe/CVE-2021-2109
CVE-2021-2109	yuaneuro/CVE-2021-2109_poc	https://github.com/yuaneuro/CVE-2021-2109_poc
CVE-2021-2109	dinosn/CVE-2021-2109	https://github.com/dinosn/CVE-2021-2109
CVE-2021-2109	lnwza0x0a/CVE-2021-2109	https://github.com/lnwza0x0a/CVE-2021-2109
CVE-2021-2109	Vulnmachines/oracle-weblogic-CVE-2021-2109	https://github.com/Vulnmachines/oracle-weblogic-CVE-2021-2109
CVE-2021-3438	TobiasS1402/CVE-2021-3438	https://github.com/TobiasS1402/CVE-2021-3438
CVE-2021-3438	CrackerCat/CVE-2021-3438	https://github.com/CrackerCat/CVE-2021-3438
CVE-2021-3492	synacktiv/CVE-2021-3492	https://github.com/synacktiv/CVE-2021-3492
CVE-2021-3679	aegistudio/RingBufferDetonator	https://github.com/aegistudio/RingBufferDetonator
CVE-2021-22015	PenteraIO/vScalation-CVE-2021-22015	https://github.com/PenteraIO/vScalation-CVE-2021-22015
CVE-2021-24019	chessredoffsec/CVE-2021-24019	https://github.com/chessredoffsec/CVE-2021-24019
CVE-2021-24092	HORKimhab/CVE-2021-24092	https://github.com/HORKimhab/CVE-2021-24092
CVE-2021-24096	FunPhishing/CVE-2021-24096	https://github.com/FunPhishing/CVE-2021-24096
CVE-2021-24545	V35HR4J/CVE-2021-24545	https://github.com/V35HR4J/CVE-2021-24545
CVE-2021-24545	dnr6419/CVE-2021-24545	https://github.com/dnr6419/CVE-2021-24545
CVE-2021-25253	msd0pe-1/CVE-2021-25253	https://github.com/msd0pe-1/CVE-2021-25253
CVE-2021-25646	yaunsky/cve-2021-25646	https://github.com/yaunsky/cve-2021-25646
CVE-2021-25646	lp008/CVE-2021-25646	https://github.com/lp008/CVE-2021-25646
CVE-2021-25646	Ormicron/CVE-2021-25646-GUI	https://github.com/Ormicron/CVE-2021-25646-GUI
CVE-2021-25646	Vulnmachines/Apache-Druid-CVE-2021-25646	https://github.com/Vulnmachines/Apache-Druid-CVE-2021-25646
CVE-2021-25646	1n7erface/PocList	https://github.com/1n7erface/PocList
CVE-2021-25646	givemefivw/CVE-2021-25646	https://github.com/givemefivw/CVE-2021-25646
CVE-2021-25646	j2ekim/CVE-2021-25646	https://github.com/j2ekim/CVE-2021-25646
CVE-2021-25646	k7pro/CVE-2021-25646-exp	https://github.com/k7pro/CVE-2021-25646-exp
CVE-2021-25646	gps1949/CVE-2021-25646	https://github.com/gps1949/CVE-2021-25646
CVE-2021-25646	tiemio/RCE-PoC-CVE-2021-25646	https://github.com/tiemio/RCE-PoC-CVE-2021-25646
CVE-2021-25646	ShadowLance2/Apache-Druid-CVE-2021-25646-Exploit	https://github.com/ShadowLance2/Apache-Druid-CVE-2021-25646-Exploit
CVE-2021-25646	shahdawadfallah-sys/Cybersecurity-Capstone-Project	https://github.com/shahdawadfallah-sys/Cybersecurity-Capstone-Project
CVE-2021-26415	adenkiewicz/CVE-2021-26415	https://github.com/adenkiewicz/CVE-2021-26415
CVE-2021-26708	jordan9001/vsock_poc	https://github.com/jordan9001/vsock_poc
CVE-2021-26708	azpema/CVE-2021-26708	https://github.com/azpema/CVE-2021-26708
CVE-2021-26708	kungaocode/vulnerability-analysis-	https://github.com/kungaocode/vulnerability-analysis-
CVE-2021-26868	KangD1W2/CVE-2021-26868	https://github.com/KangD1W2/CVE-2021-26868
CVE-2021-26871	fr4nkxixi/CVE-2021-26871_POC	https://github.com/fr4nkxixi/CVE-2021-26871_POC
CVE-2021-26882	taiji-xo/CVE-2021-26882	https://github.com/taiji-xo/CVE-2021-26882
CVE-2021-26943	tandasat/SmmExploit	https://github.com/tandasat/SmmExploit
CVE-2021-27198	rwincey/CVE-2021-27198	https://github.com/rwincey/CVE-2021-27198
CVE-2021-27965	mathisvickie/CVE-2021-27965	https://github.com/mathisvickie/CVE-2021-27965
CVE-2021-27965	Jeromeyoung/CVE-2021-27965	https://github.com/Jeromeyoung/CVE-2021-27965
CVE-2021-27965	fengjixuchui/CVE-2021-27965	https://github.com/fengjixuchui/CVE-2021-27965
CVE-2021-29337	rjt-gupta/CVE-2021-29337	https://github.com/rjt-gupta/CVE-2021-29337
CVE-2021-29440	CsEnox/CVE-2021-29440	https://github.com/CsEnox/CVE-2021-29440
CVE-2021-30937	realrodri/ExploiteameEsta	https://github.com/realrodri/ExploiteameEsta
CVE-2021-30955	timb-machine-mirrors/jakeajames-CVE-2021-30955	https://github.com/timb-machine-mirrors/jakeajames-CVE-2021-30955
CVE-2021-30955	nickorlow/CVE-2021-30955-POC	https://github.com/nickorlow/CVE-2021-30955-POC
CVE-2021-30955	verygenericname/CVE-2021-30955-POC-IPA	https://github.com/verygenericname/CVE-2021-30955-POC-IPA
CVE-2021-30955	b1n4r1b01/desc_race	https://github.com/b1n4r1b01/desc_race
CVE-2021-30955	markie-dev/desc_race_A15	https://github.com/markie-dev/desc_race_A15
CVE-2021-30955	GeoSn0w/Pentagram-exploit-tester	https://github.com/GeoSn0w/Pentagram-exploit-tester
CVE-2021-30955	st-rnd/desc_race-1	https://github.com/st-rnd/desc_race-1
CVE-2021-31440	WhatsWrongAndWhy/CVE-2021-31440	https://github.com/WhatsWrongAndWhy/CVE-2021-31440
CVE-2021-31728	irql/CVE-2021-31728	https://github.com/irql/CVE-2021-31728
CVE-2021-33026	CarlosG13/CVE-2021-33026	https://github.com/CarlosG13/CVE-2021-33026
CVE-2021-33026	Agilevatester/FlaskCache_CVE-2021-33026_POC	https://github.com/Agilevatester/FlaskCache_CVE-2021-33026_POC
CVE-2021-33909	Liang2580/CVE-2021-33909	https://github.com/Liang2580/CVE-2021-33909
CVE-2021-33909	baerwolf/cve-2021-33909	https://github.com/baerwolf/cve-2021-33909
CVE-2021-33909	bbinfosec43/CVE-2021-33909	https://github.com/bbinfosec43/CVE-2021-33909
CVE-2021-33909	ChrisTheCoolHut/CVE-2021-33909	https://github.com/ChrisTheCoolHut/CVE-2021-33909
CVE-2021-34470	technion/CVE-2021-34470scanner	https://github.com/technion/CVE-2021-34470scanner
CVE-2021-34481	vpn28/CVE-2021-34481	https://github.com/vpn28/CVE-2021-34481
CVE-2021-35064	Chocapikk/CVE-2021-35064	https://github.com/Chocapikk/CVE-2021-35064
CVE-2021-36749	sma11new/PocList	https://github.com/sma11new/PocList
CVE-2021-36749	BrucessKING/CVE-2021-36749	https://github.com/BrucessKING/CVE-2021-36749
CVE-2021-36749	zwlsix/apache_druid_CVE-2021-36749	https://github.com/zwlsix/apache_druid_CVE-2021-36749
CVE-2021-36749	Jun-5heng/CVE-2021-36749	https://github.com/Jun-5heng/CVE-2021-36749
CVE-2021-38295	ProfessionallyEvil/CVE-2021-38295-PoC	https://github.com/ProfessionallyEvil/CVE-2021-38295-PoC
CVE-2021-38304	philsajdak/CVE-2021-38304-PoC	https://github.com/philsajdak/CVE-2021-38304-PoC
CVE-2021-38639	DarkSprings/CVE-2021-38639	https://github.com/DarkSprings/CVE-2021-38639
CVE-2021-39172	W1ngLess/CVE-2021-39172-RCE	https://github.com/W1ngLess/CVE-2021-39172-RCE
CVE-2021-39174	n0kovo/CVE-2021-39174-PoC	https://github.com/n0kovo/CVE-2021-39174-PoC
CVE-2021-39174	hadrian3689/cachet_2.4.0-dev	https://github.com/hadrian3689/cachet_2.4.0-dev
CVE-2021-41073	chompie1337/Linux_LPE_io_uring_CVE-2021-41073	https://github.com/chompie1337/Linux_LPE_io_uring_CVE-2021-41073
CVE-2021-41073	WhatsWrongAndWhy/CVE-2021-41073	https://github.com/WhatsWrongAndWhy/CVE-2021-41073
CVE-2021-41617	AdnanApriliyansyahh/CVE-2021-41617	https://github.com/AdnanApriliyansyahh/CVE-2021-41617
CVE-2021-41805	blackm4c/CVE-2021-41805	https://github.com/blackm4c/CVE-2021-41805
CVE-2021-41805	acfirthh/CVE-2021-41805	https://github.com/acfirthh/CVE-2021-41805
CVE-2021-43229	Citizen13X/CVE-2021-43229	https://github.com/Citizen13X/CVE-2021-43229
CVE-2021-43267	DarkSprings/CVE-2021-43267-POC	https://github.com/DarkSprings/CVE-2021-43267-POC
CVE-2021-43267	zzhacked/CVE-2021-43267	https://github.com/zzhacked/CVE-2021-43267
CVE-2021-43858	0rx1/cve-2021-43858	https://github.com/0rx1/cve-2021-43858
CVE-2021-43858	khuntor/CVE-2021-43858-MinIO	https://github.com/khuntor/CVE-2021-43858-MinIO
CVE-2021-43883	jbaines-r7/shakeitoff	https://github.com/jbaines-r7/shakeitoff
CVE-2021-43893	jbaines-r7/blankspace	https://github.com/jbaines-r7/blankspace
CVE-2020-0471	nanopathi/system_bt_AOSP10_r33_CVE-2020-0471	https://github.com/nanopathi/system_bt_AOSP10_r33_CVE-2020-0471
CVE-2020-5014	copethomas/datapower-redis-rce-exploit	https://github.com/copethomas/datapower-redis-rce-exploit
CVE-2020-7461	knqyf263/CVE-2020-7461	https://github.com/knqyf263/CVE-2020-7461
CVE-2020-7461	0xkol/freebsd-dhclient-poc	https://github.com/0xkol/freebsd-dhclient-poc
CVE-2020-14372	kukrimate/CVE-2020-14372	https://github.com/kukrimate/CVE-2020-14372
CVE-2020-27815	Trinadh465/linux-4.19.72_CVE-2020-27815	https://github.com/Trinadh465/linux-4.19.72_CVE-2020-27815
CVE-2020-28243	stealthcopter/CVE-2020-28243	https://github.com/stealthcopter/CVE-2020-28243
CVE-2017-5123	FloatingGuy/CVE-2017-5123	https://github.com/FloatingGuy/CVE-2017-5123
CVE-2017-5123	0x5068656e6f6c/CVE-2017-5123	https://github.com/0x5068656e6f6c/CVE-2017-5123
CVE-2017-5123	Synacktiv-contrib/exploiting-cve-2017-5123	https://github.com/Synacktiv-contrib/exploiting-cve-2017-5123
CVE-2017-5123	teawater/CVE-2017-5123	https://github.com/teawater/CVE-2017-5123
CVE-2017-5123	c3r34lk1ll3r/CVE-2017-5123	https://github.com/c3r34lk1ll3r/CVE-2017-5123
CVE-2017-5123	h1bAna/CVE-2017-5123	https://github.com/h1bAna/CVE-2017-5123
CVE-2017-5123	NabilBoudra/cve-2017-5123	https://github.com/NabilBoudra/cve-2017-5123
CVE-2020-0001	Zachinio/CVE-2020-0001	https://github.com/Zachinio/CVE-2020-0001
CVE-2020-0014	tea9/CVE-2020-0014-Toast	https://github.com/tea9/CVE-2020-0014-Toast
CVE-2020-0014	doudoudedi/CVE-2020-0014_Toast	https://github.com/doudoudedi/CVE-2020-0014_Toast
CVE-2020-0022	leommxj/cve-2020-0022	https://github.com/leommxj/cve-2020-0022
CVE-2020-0022	idkwim/CVE-2020-0022	https://github.com/idkwim/CVE-2020-0022
CVE-2020-0022	k3vinlusec/Bluefrag_CVE-2020-0022	https://github.com/k3vinlusec/Bluefrag_CVE-2020-0022
CVE-2020-0022	Polo35/CVE-2020-0022	https://github.com/Polo35/CVE-2020-0022
CVE-2020-0022	5k1l/cve-2020-0022	https://github.com/5k1l/cve-2020-0022
CVE-2020-0022	lsw29475/CVE-2020-0022	https://github.com/lsw29475/CVE-2020-0022
CVE-2020-0022	devdanqtuan/poc-for-cve-2020-0022	https://github.com/devdanqtuan/poc-for-cve-2020-0022
CVE-2020-0022	themmokhtar/CVE-2020-0022	https://github.com/themmokhtar/CVE-2020-0022
CVE-2020-0022	kalibb/CVE-2020-0022	https://github.com/kalibb/CVE-2020-0022
CVE-2020-0082	0x742/CVE-2020-0082-ExternalVibration	https://github.com/0x742/CVE-2020-0082-ExternalVibration
CVE-2020-0096	liuyun201990/StrandHogg2	https://github.com/liuyun201990/StrandHogg2
CVE-2020-0096	tea9/CVE-2020-0096-StrandHogg2	https://github.com/tea9/CVE-2020-0096-StrandHogg2
CVE-2020-0096	hackerronin/CVE-2020-0096-strandhogg-exploit-p0c	https://github.com/hackerronin/CVE-2020-0096-strandhogg-exploit-p0c
CVE-2020-0108	CrackerCat/ServiceCheater	https://github.com/CrackerCat/ServiceCheater
CVE-2020-0114	tea9/CVE-2020-0114-systemui	https://github.com/tea9/CVE-2020-0114-systemui
CVE-2020-0136	Satheesh575555/libhwbinder_AOSP10_r33_CVE-2020-0136	https://github.com/Satheesh575555/libhwbinder_AOSP10_r33_CVE-2020-0136
CVE-2020-0137	nanopathi/framework_base_AOSP10_r33_CVE-2020-0137	https://github.com/nanopathi/framework_base_AOSP10_r33_CVE-2020-0137
CVE-2020-0137	ShaikUsaf/frameworks_base_AOSP10_r33_CVE-2020-0137	https://github.com/ShaikUsaf/frameworks_base_AOSP10_r33_CVE-2020-0137
CVE-2020-0155	Trinadh465/hardware_nxp_nfc_AOSP10_r33_CVE-2020-0155	https://github.com/Trinadh465/hardware_nxp_nfc_AOSP10_r33_CVE-2020-0155
CVE-2020-0183	nanopathi/packages_apps_Bluetooth_AOSP10_r33_CVE-2020-0183	https://github.com/nanopathi/packages_apps_Bluetooth_AOSP10_r33_CVE-2020-0183
CVE-2020-0188	Satheesh575555/packages_apps_Settings_AOSP10_r33_CVE-2020-0188	https://github.com/Satheesh575555/packages_apps_Settings_AOSP10_r33_CVE-2020-0188
CVE-2020-0188	ShaikUsaf/ShaikUsaf-packages_apps_settings_AOSP10_r33_CVE-2020-0188	https://github.com/ShaikUsaf/ShaikUsaf-packages_apps_settings_AOSP10_r33_CVE-2020-0188
CVE-2020-0188	Trinadh465/packages_apps_Settings_AOSP10_r33_CVE-2020-0188_CVE-0219	https://github.com/Trinadh465/packages_apps_Settings_AOSP10_r33_CVE-2020-0188_CVE-0219
CVE-2020-0201	uthrasri/Packages_app_settings_CVE-2020-0201	https://github.com/uthrasri/Packages_app_settings_CVE-2020-0201
CVE-2020-0201	Trinadh465/packages_apps_Settings_CVE-2020-0201	https://github.com/Trinadh465/packages_apps_Settings_CVE-2020-0201
CVE-2020-0203	Trinadh465/frameworks_base_AOSP10_r33_CVE-2020-0203	https://github.com/Trinadh465/frameworks_base_AOSP10_r33_CVE-2020-0203
CVE-2020-0209	pazhanivel07/frameworks_base_CVE-2020-0209	https://github.com/pazhanivel07/frameworks_base_CVE-2020-0209
CVE-2020-0215	Trinadh465/packages_apps_Nfc_AOSP10_r33_CVE-2020-0215	https://github.com/Trinadh465/packages_apps_Nfc_AOSP10_r33_CVE-2020-0215
CVE-2020-0218	pazhanivel07/frameworks_av-CVE-2020-0218	https://github.com/pazhanivel07/frameworks_av-CVE-2020-0218
CVE-2020-0219	pazhanivel07/Settings_10-r33_CVE-CVE-2020-0219	https://github.com/pazhanivel07/Settings_10-r33_CVE-CVE-2020-0219
CVE-2020-0219	Satheesh575555/packages_apps_Settings_AOSP10_r33_CVE-2020-0219	https://github.com/Satheesh575555/packages_apps_Settings_AOSP10_r33_CVE-2020-0219
CVE-2020-0219	Trinadh465/packages_apps_Settings_AOSP10_r33_CVE-2020-0219_CVE-2020-0188_old	https://github.com/Trinadh465/packages_apps_Settings_AOSP10_r33_CVE-2020-0219_CVE-2020-0188_old
CVE-2020-0219	Trinadh465/packages_apps_Settings_AOSP10_r33_CVE-2020-0219_CVE-2020-0188_old-one	https://github.com/Trinadh465/packages_apps_Settings_AOSP10_r33_CVE-2020-0219_CVE-2020-0188_old-one
CVE-2020-0226	Trinadh465/frameworks_native_CVE-2020-0226	https://github.com/Trinadh465/frameworks_native_CVE-2020-0226
CVE-2020-0226	ShaikUsaf/frameworks_native_AOSP10_r33_ShaikUsaf-frameworks_native_AOSP10_r33_CVE-2020-0226	https://github.com/ShaikUsaf/frameworks_native_AOSP10_r33_ShaikUsaf-frameworks_native_AOSP10_r33_CVE-2020-0226
CVE-2020-0227	nanopathi/framework_base_AOSP10_r33_CVE-2020-0227	https://github.com/nanopathi/framework_base_AOSP10_r33_CVE-2020-0227
CVE-2020-0241	nanopathi/frameworks_av_AOSP10_r33_CVE-2020-0241	https://github.com/nanopathi/frameworks_av_AOSP10_r33_CVE-2020-0241
CVE-2020-0242	pazhanivel07/frameworks_av-10-r33_CVE-2020-0242	https://github.com/pazhanivel07/frameworks_av-10-r33_CVE-2020-0242
CVE-2020-0242	pazhanivel07/frameworks_av-CVE-2020-0242_CVE-2020-0243	https://github.com/pazhanivel07/frameworks_av-CVE-2020-0242_CVE-2020-0243
CVE-2020-0391	nanopathi/framework_base_AOSP10_r33_CVE-2020-0391	https://github.com/nanopathi/framework_base_AOSP10_r33_CVE-2020-0391
CVE-2020-0392	Satheesh575555/frameworks_native_AOSP10_r33_CVE-2020-0392	https://github.com/Satheesh575555/frameworks_native_AOSP10_r33_CVE-2020-0392
CVE-2020-0394	ShaikUsaf/packages_apps_settings_AOSP10_r33_CVE-2020-0394	https://github.com/ShaikUsaf/packages_apps_settings_AOSP10_r33_CVE-2020-0394
CVE-2020-0394	pazhanivel07/Settings_10-r33_CVE-2020-0394	https://github.com/pazhanivel07/Settings_10-r33_CVE-2020-0394
CVE-2020-0394	pazhanivel07/Settings_10-r33_CVE-2020-0394_02	https://github.com/pazhanivel07/Settings_10-r33_CVE-2020-0394_02
CVE-2020-0401	Satheesh575555/frameworks_base_AOSP10_r33_CVE-2020-0401	https://github.com/Satheesh575555/frameworks_base_AOSP10_r33_CVE-2020-0401
CVE-2020-0401	nanopathi/framework_base_AOSP10_r33_CVE-2020-0401	https://github.com/nanopathi/framework_base_AOSP10_r33_CVE-2020-0401
CVE-2020-0409	nanopathi/system_core_AOSP10_r33_CVE-2020-0409	https://github.com/nanopathi/system_core_AOSP10_r33_CVE-2020-0409
CVE-2020-0416	ShaikUsaf/packages_apps_settings_AOSP10_r33_CVE-2020-0416	https://github.com/ShaikUsaf/packages_apps_settings_AOSP10_r33_CVE-2020-0416
CVE-2020-0416	Satheesh575555/packages_apps_Settings_AOSP10_r33_CVE-2020-0416	https://github.com/Satheesh575555/packages_apps_Settings_AOSP10_r33_CVE-2020-0416
CVE-2020-0418	Trinadh465/packages_apps_PackageInstaller_AOSP10_r33_CVE-2020-0418	https://github.com/Trinadh465/packages_apps_PackageInstaller_AOSP10_r33_CVE-2020-0418
CVE-2020-0418	fernandodruszcz/CVE-2020-0418	https://github.com/fernandodruszcz/CVE-2020-0418
CVE-2020-0421	nanopathi/system_core_AOSP10_r33_CVE-2020-0421	https://github.com/nanopathi/system_core_AOSP10_r33_CVE-2020-0421
CVE-2020-0423	sparrow-labz/CVE-2020-0423	https://github.com/sparrow-labz/CVE-2020-0423
CVE-2020-0423	wired0ut/CVE-2020-0423	https://github.com/wired0ut/CVE-2020-0423
CVE-2020-0439	Satheesh575555/frameworks_base_AOSP10_r33_CVE-2020-0439	https://github.com/Satheesh575555/frameworks_base_AOSP10_r33_CVE-2020-0439
CVE-2020-0557	hessandrew/CVE-2020-0557_INTEL-SA-00338	https://github.com/hessandrew/CVE-2020-0557_INTEL-SA-00338
CVE-2020-0624	james0x40/CVE-2020-0624	https://github.com/james0x40/CVE-2020-0624
CVE-2020-0665	gunzf0x/CVE-2020-0665	https://github.com/gunzf0x/CVE-2020-0665
CVE-2020-0668	RedCursorSecurityConsulting/CVE-2020-0668	https://github.com/RedCursorSecurityConsulting/CVE-2020-0668
CVE-2020-0668	Nan3r/CVE-2020-0668	https://github.com/Nan3r/CVE-2020-0668
CVE-2020-0668	modulexcite/SysTracingPoc	https://github.com/modulexcite/SysTracingPoc
CVE-2020-0668	ycdxsb/CVE-2020-0668	https://github.com/ycdxsb/CVE-2020-0668
CVE-2020-0668	bypazs/CVE-2020-0668.exe	https://github.com/bypazs/CVE-2020-0668.exe
CVE-2020-0668	0xSs0rZ/Windows_Exploit	https://github.com/0xSs0rZ/Windows_Exploit
CVE-2020-0753	afang5472/CVE-2020-0753-and-CVE-2020-0754	https://github.com/afang5472/CVE-2020-0753-and-CVE-2020-0754
CVE-2020-0753	VikasVarshney/CVE-2020-0753-and-CVE-2020-0754	https://github.com/VikasVarshney/CVE-2020-0753-and-CVE-2020-0754
CVE-2020-0887	vinhthp1712/CVE-2020-0887	https://github.com/vinhthp1712/CVE-2020-0887
CVE-2020-0890	gerhart01/hyperv_local_dos_poc	https://github.com/gerhart01/hyperv_local_dos_poc
CVE-2020-0890	skasanagottu57gmailv/gerhart01	https://github.com/skasanagottu57gmailv/gerhart01
CVE-2020-1015	0xeb-bp/cve-2020-1015	https://github.com/0xeb-bp/cve-2020-1015
CVE-2020-1034	yardenshafir/CVE-2020-1034	https://github.com/yardenshafir/CVE-2020-1034
CVE-2020-1034	GeorgiiFirsov/CVE-2020-1034	https://github.com/GeorgiiFirsov/CVE-2020-1034
CVE-2020-1048	zveriu/CVE-2009-0229-PoC	https://github.com/zveriu/CVE-2009-0229-PoC
CVE-2020-1048	shubham0d/CVE-2020-1048	https://github.com/shubham0d/CVE-2020-1048
CVE-2020-1048	Ken-Abruzzi/CVE-2020-1048	https://github.com/Ken-Abruzzi/CVE-2020-1048
CVE-2020-1048	Y3A/cve-2020-1048	https://github.com/Y3A/cve-2020-1048
CVE-2020-1048	talsim/printDemon2system	https://github.com/talsim/printDemon2system
CVE-2020-1066	cbwang505/CVE-2020-1066-EXP	https://github.com/cbwang505/CVE-2020-1066-EXP
CVE-2020-1066	xyddnljydd/cve-2020-1066	https://github.com/xyddnljydd/cve-2020-1066
CVE-2020-1313	irsl/CVE-2020-1313	https://github.com/irsl/CVE-2020-1313
CVE-2020-1337	math1as/CVE-2020-1337-exploit	https://github.com/math1as/CVE-2020-1337-exploit
CVE-2020-1337	VoidSec/CVE-2020-1337	https://github.com/VoidSec/CVE-2020-1337
CVE-2020-1337	neofito/CVE-2020-1337	https://github.com/neofito/CVE-2020-1337
CVE-2020-1337	sailay1996/cve-2020-1337-poc	https://github.com/sailay1996/cve-2020-1337-poc
CVE-2020-1362	asdyxcyxc/CVE-2020-1362	https://github.com/asdyxcyxc/CVE-2020-1362
CVE-2020-1764	jpts/cve-2020-1764-poc	https://github.com/jpts/cve-2020-1764-poc
CVE-2020-2034	blackhatethicalhacking/CVE-2020-2034-POC	https://github.com/blackhatethicalhacking/CVE-2020-2034-POC
CVE-2020-3766	hessandrew/CVE-2020-3766_APSB20-12	https://github.com/hessandrew/CVE-2020-3766_APSB20-12
CVE-2020-4276	mekoko/CVE-2020-4276	https://github.com/mekoko/CVE-2020-4276
CVE-2020-5752	yevh/CVE-2020-5752-Druva-inSync-Windows-Client-6.6.3---Local-Privilege-Escalation-PowerShell-	https://github.com/yevh/CVE-2020-5752-Druva-inSync-Windows-Client-6.6.3---Local-Privilege-Escalation-PowerShell-
CVE-2020-5752	x0rbeexd/CVE-2020-5752	https://github.com/x0rbeexd/CVE-2020-5752
CVE-2020-5837	RedyOpsResearchLabs/SEP-14.2-Arbitrary-Write	https://github.com/RedyOpsResearchLabs/SEP-14.2-Arbitrary-Write
CVE-2020-7283	RedyOpsResearchLabs/CVE-2020-7283-McAfee-Total-Protection-MTP-16.0.R26-EoP	https://github.com/RedyOpsResearchLabs/CVE-2020-7283-McAfee-Total-Protection-MTP-16.0.R26-EoP
CVE-2020-7352	szerszen199/PS-CVE-2020-7352	https://github.com/szerszen199/PS-CVE-2020-7352
CVE-2020-8290	geffner/CVE-2020-8290	https://github.com/geffner/CVE-2020-8290
CVE-2020-8559	tabbysable/POC-2020-8559	https://github.com/tabbysable/POC-2020-8559
CVE-2020-8559	tdwyer/CVE-2020-8559	https://github.com/tdwyer/CVE-2020-8559
CVE-2020-8635	Al1ex/CVE-2020-8635	https://github.com/Al1ex/CVE-2020-8635
CVE-2020-8835	Prabhashaka/Exploitation-CVE-2020-8835	https://github.com/Prabhashaka/Exploitation-CVE-2020-8835
CVE-2020-8835	snappyJack/Rick_write_exp_CVE-2020-8835	https://github.com/snappyJack/Rick_write_exp_CVE-2020-8835
CVE-2020-8835	zilong3033/CVE-2020-8835	https://github.com/zilong3033/CVE-2020-8835
CVE-2020-8835	SplendidSky/CVE-2020-8835	https://github.com/SplendidSky/CVE-2020-8835
CVE-2020-8835	digamma-ai/CVE-2020-8835-verification	https://github.com/digamma-ai/CVE-2020-8835-verification
CVE-2020-8835	johnatag/INF8602-CVE-2020-8835	https://github.com/johnatag/INF8602-CVE-2020-8835
CVE-2020-8835	WhatsWrongAndWhy/CVE-2020-8835	https://github.com/WhatsWrongAndWhy/CVE-2020-8835
CVE-2020-8950	sailay1996/amd_eop_poc	https://github.com/sailay1996/amd_eop_poc
CVE-2020-9332	Sentinel-One/CVE-2020-9332	https://github.com/Sentinel-One/CVE-2020-9332
CVE-2020-9442	hessandrew/CVE-2020-9442	https://github.com/hessandrew/CVE-2020-9442
CVE-2020-9529	prisect/hichipreset	https://github.com/prisect/hichipreset
CVE-2020-9758	ari034/CVE-2020-9758	https://github.com/ari034/CVE-2020-9758
CVE-2020-9767	shubham0d/Zoom-dll-hijacking	https://github.com/shubham0d/Zoom-dll-hijacking
CVE-2020-10551	seqred-s-a/CVE-2020-10551	https://github.com/seqred-s-a/CVE-2020-10551
CVE-2020-10665	spaceraccoon/CVE-2020-10665	https://github.com/spaceraccoon/CVE-2020-10665
CVE-2020-10757	ShaikUsaf/linux-4.19.72_CVE-2020-10757	https://github.com/ShaikUsaf/linux-4.19.72_CVE-2020-10757
CVE-2020-11060	0xdreadnaught/cve-2020-11060-poc	https://github.com/0xdreadnaught/cve-2020-11060-poc
CVE-2020-11108	Frichetten/CVE-2020-11108-PoC	https://github.com/Frichetten/CVE-2020-11108-PoC
CVE-2020-11492	CrackerCat/CVE-2020-11492	https://github.com/CrackerCat/CVE-2020-11492
CVE-2020-12351	naren-jayram/Linux-Heap-Based-Type-Confusion-in-L2CAP	https://github.com/naren-jayram/Linux-Heap-Based-Type-Confusion-in-L2CAP
CVE-2020-12446	enessakircolak/Windows-11-24h2-Kernel-Exploit	https://github.com/enessakircolak/Windows-11-24h2-Kernel-Exploit
CVE-2020-12446	S1lkys/Eneio64-LPE	https://github.com/S1lkys/Eneio64-LPE
CVE-2020-12446	enessakircolak/CVE-2020-12446	https://github.com/enessakircolak/CVE-2020-12446
CVE-2020-12928	ekknod/AmdRyzenMasterCheat	https://github.com/ekknod/AmdRyzenMasterCheat
CVE-2020-12928	ch4rli3kop/CVE-2020-12928	https://github.com/ch4rli3kop/CVE-2020-12928
CVE-2020-13162	redtimmy/tu-TOCTOU-kaiu-TOCMEU-CVE-2020-13162-	https://github.com/redtimmy/tu-TOCTOU-kaiu-TOCMEU-CVE-2020-13162-
CVE-2020-13519	SpiralBL0CK/poc-for-CVE-2020-13519-still-under-construction-	https://github.com/SpiralBL0CK/poc-for-CVE-2020-13519-still-under-construction-
CVE-2020-13884	hessandrew/CVE-2020-13884	https://github.com/hessandrew/CVE-2020-13884
CVE-2020-13885	hessandrew/CVE-2020-13885	https://github.com/hessandrew/CVE-2020-13885
CVE-2020-14356	ShaikUsaf/linux-4.19.72_CVE-2020-14356	https://github.com/ShaikUsaf/linux-4.19.72_CVE-2020-14356
CVE-2020-14381	nanopathi/linux-4.19.72_CVE-2020-14381	https://github.com/nanopathi/linux-4.19.72_CVE-2020-14381
CVE-2020-14386	cgwalters/cve-2020-14386	https://github.com/cgwalters/cve-2020-14386
CVE-2020-14979	hexatriene/nuc-winring0-fix	https://github.com/hexatriene/nuc-winring0-fix
CVE-2020-15215	NishantIyer/CVE-2020-15215-Discord-POC	https://github.com/NishantIyer/CVE-2020-15215-Discord-POC
CVE-2020-15257	nccgroup/abstractshimmer	https://github.com/nccgroup/abstractshimmer
CVE-2020-15349	Traxes/Forklift_LPE	https://github.com/Traxes/Forklift_LPE
CVE-2020-15436	Trinadh465/linux-4.19.72_CVE-2020-15436	https://github.com/Trinadh465/linux-4.19.72_CVE-2020-15436
CVE-2020-15780	Annavid/CVE-2020-15780-exploit	https://github.com/Annavid/CVE-2020-15780-exploit
CVE-2020-16938	ioncodes/CVE-2020-16938	https://github.com/ioncodes/CVE-2020-16938
CVE-2020-16939	rogue-kdc/CVE-2020-16939	https://github.com/rogue-kdc/CVE-2020-16939
CVE-2020-17035	flamelu/CVE-2020-17035-patch-analysis	https://github.com/flamelu/CVE-2020-17035-patch-analysis
CVE-2020-17057	fengjixuchui/cve-2020-17057	https://github.com/fengjixuchui/cve-2020-17057
CVE-2020-17057	lsw29475/CVE-2020-17057	https://github.com/lsw29475/CVE-2020-17057
CVE-2020-17103	CaptainChicky/MiniPlasma	https://github.com/CaptainChicky/MiniPlasma
CVE-2020-17103	arch1m3d/MiniPlasma-Detection	https://github.com/arch1m3d/MiniPlasma-Detection
CVE-2020-17103	AlexLinov/MiniPlasma-Runner	https://github.com/AlexLinov/MiniPlasma-Runner
CVE-2020-17103	mohammadzarnian1357/MiniPlasma	https://github.com/mohammadzarnian1357/MiniPlasma
CVE-2020-17103	rfranca777/miniplasma-advisory	https://github.com/rfranca777/miniplasma-advisory
CVE-2020-17103	0xBlackash/CVE-2020-17103	https://github.com/0xBlackash/CVE-2020-17103
CVE-2020-17136	xyddnljydd/CVE-2020-17136	https://github.com/xyddnljydd/CVE-2020-17136
CVE-2020-17136	cssxn/CVE-2020-17136	https://github.com/cssxn/CVE-2020-17136
CVE-2020-23489	al-sultani/AVideo3xploit	https://github.com/al-sultani/AVideo3xploit
CVE-2020-23968	ricardojba/CVE-2020-23968-ILEX-SignGo-EoP	https://github.com/ricardojba/CVE-2020-23968-ILEX-SignGo-EoP
CVE-2020-24028	underprotection/CVE-2020-24028	https://github.com/underprotection/CVE-2020-24028
CVE-2020-24028	RedTeamBrasil/CVE-2020-24028	https://github.com/RedTeamBrasil/CVE-2020-24028
CVE-2020-24030	underprotection/CVE-2020-24030	https://github.com/underprotection/CVE-2020-24030
CVE-2020-24030	RedTeamBrasil/CVE-2020-24030	https://github.com/RedTeamBrasil/CVE-2020-24030
CVE-2020-24033	M0NsTeRRR/CVE-2020-24033	https://github.com/M0NsTeRRR/CVE-2020-24033
CVE-2020-24949	r90tpass/CVE-2020-24949	https://github.com/r90tpass/CVE-2020-24949
CVE-2020-24955	nmht3t/CVE-2020-24955	https://github.com/nmht3t/CVE-2020-24955
CVE-2020-25637	brahmiboudjema/CVE-2020-25637-libvirt-double-free	https://github.com/brahmiboudjema/CVE-2020-25637-libvirt-double-free
CVE-2020-27786	kiks7/CVE-2020-27786-Kernel-Exploit	https://github.com/kiks7/CVE-2020-27786-Kernel-Exploit
CVE-2020-27786	elbiazo/CVE-2020-27786	https://github.com/elbiazo/CVE-2020-27786
CVE-2020-27786	Trinadh465/linux-4.19.72_CVE-2020-27786	https://github.com/Trinadh465/linux-4.19.72_CVE-2020-27786
CVE-2020-27786	ii4gsp/CVE-2020-27786	https://github.com/ii4gsp/CVE-2020-27786
CVE-2020-28169	zubrahzz/FluentD-TD-agent-Exploit-CVE-2020-28169	https://github.com/zubrahzz/FluentD-TD-agent-Exploit-CVE-2020-28169
CVE-2020-29607	abbarhissarh/CVE-2020-29607	https://github.com/abbarhissarh/CVE-2020-29607
CVE-2020-29607	0xN7y/CVE-2020-29607	https://github.com/0xN7y/CVE-2020-29607
CVE-2020-29607	Alienfader/CVE-2020-29607	https://github.com/Alienfader/CVE-2020-29607
CVE-2020-29607	CaelumIsMe/CVE-2020-29607-POC	https://github.com/CaelumIsMe/CVE-2020-29607-POC
CVE-2020-29607	estebanzarate/CVE-2020-29607-Pluck-CMS-4.7.13-Authenticated-File-Upload-RCE-PoC	https://github.com/estebanzarate/CVE-2020-29607-Pluck-CMS-4.7.13-Authenticated-File-Upload-RCE-PoC
CVE-2019-6203	qingxp9/CVE-2019-6203-PoC	https://github.com/qingxp9/CVE-2019-6203-PoC
CVE-2019-14326	seqred-s-a/cve-2019-14326	https://github.com/seqred-s-a/cve-2019-14326
CVE-2019-16784	AlterSolutions/PyInstallerPrivEsc	https://github.com/AlterSolutions/PyInstallerPrivEsc
CVE-2019-16784	Ckrielle/CVE-2019-16784-POC	https://github.com/Ckrielle/CVE-2019-16784-POC
CVE-2019-17658	Ibonok/CVE-2019-17658	https://github.com/Ibonok/CVE-2019-17658
CVE-2018-5353	missing0x00/CVE-2018-5353	https://github.com/missing0x00/CVE-2018-5353
CVE-2018-5354	missing0x00/CVE-2018-5354	https://github.com/missing0x00/CVE-2018-5354
CVE-2019-0555	kai6u/TriBell_Edge_SandBox_Escape	https://github.com/kai6u/TriBell_Edge_SandBox_Escape
CVE-2019-0623	Anti-ghosts/CVE-2019-0623-32-exp	https://github.com/Anti-ghosts/CVE-2019-0623-32-exp
CVE-2019-0678	sandi-go/CVE-2019-0678	https://github.com/sandi-go/CVE-2019-0678
CVE-2019-0986	padovah4ck/CVE-2019-0986	https://github.com/padovah4ck/CVE-2019-0986
CVE-2019-0986	xtafnull/CMS-made-simple-sqli-python3	https://github.com/xtafnull/CMS-made-simple-sqli-python3
CVE-2019-1125	bitdefender/swapgs-attack-poc	https://github.com/bitdefender/swapgs-attack-poc
CVE-2019-1422	ze0r/cve-2019-1422	https://github.com/ze0r/cve-2019-1422
CVE-2019-1476	sgabe/CVE-2019-1476	https://github.com/sgabe/CVE-2019-1476
CVE-2019-1619	Cipolone95/CVE-2019-1619	https://github.com/Cipolone95/CVE-2019-1619
CVE-2019-1821	k8gege/CiscoExploit	https://github.com/k8gege/CiscoExploit
CVE-2019-2205	aemmitt-ns/pacpoc	https://github.com/aemmitt-ns/pacpoc
CVE-2019-2525	Phantomn/VirtualBox_CVE-2019-2525-CVE-2019-2548	https://github.com/Phantomn/VirtualBox_CVE-2019-2525-CVE-2019-2548
CVE-2019-2525	wotmd/VirtualBox-6.0.0-Exploit-1-day	https://github.com/wotmd/VirtualBox-6.0.0-Exploit-1-day
CVE-2019-5420	knqyf263/CVE-2019-5420	https://github.com/knqyf263/CVE-2019-5420
CVE-2019-5420	cved-sources/cve-2019-5420	https://github.com/cved-sources/cve-2019-5420
CVE-2019-5420	AnasTaoutaou/CVE-2019-5420	https://github.com/AnasTaoutaou/CVE-2019-5420
CVE-2019-5420	Eremiel/CVE-2019-5420	https://github.com/Eremiel/CVE-2019-5420
CVE-2019-5420	scumdestroy/CVE-2019-5420.rb	https://github.com/scumdestroy/CVE-2019-5420.rb
CVE-2019-5420	j4k0m/CVE-2019-5420	https://github.com/j4k0m/CVE-2019-5420
CVE-2019-5420	mmeza-developer/CVE-2019-5420-RCE	https://github.com/mmeza-developer/CVE-2019-5420-RCE
CVE-2019-5420	trickstersec/CVE-2019-5420	https://github.com/trickstersec/CVE-2019-5420
CVE-2019-5420	PenTestical/CVE-2019-5420	https://github.com/PenTestical/CVE-2019-5420
CVE-2019-5420	laffray/ruby-RCE-CVE-2019-5420-	https://github.com/laffray/ruby-RCE-CVE-2019-5420-
CVE-2019-5420	WildWestCyberSecurity/cve-2019-5420-POC	https://github.com/WildWestCyberSecurity/cve-2019-5420-POC
CVE-2019-5420	sealldeveloper/CVE-2019-5420-PoC	https://github.com/sealldeveloper/CVE-2019-5420-PoC
CVE-2019-5596	raymontag/CVE-2019-5596	https://github.com/raymontag/CVE-2019-5596
CVE-2019-5602	test-one9/CVE-2019-5602-poc	https://github.com/test-one9/CVE-2019-5602-poc
CVE-2019-5688	watsa01/CVE-2019-5688	https://github.com/watsa01/CVE-2019-5688
CVE-2019-5700	oscardagrach/CVE-2019-5700	https://github.com/oscardagrach/CVE-2019-5700
CVE-2019-6225	fatgrass/OsirisJailbreak12	https://github.com/fatgrass/OsirisJailbreak12
CVE-2019-6225	TrungNguyen1909/CVE-2019-6225-macOS	https://github.com/TrungNguyen1909/CVE-2019-6225-macOS
CVE-2019-6225	ox1111/jailbreak-iOS12	https://github.com/ox1111/jailbreak-iOS12
CVE-2019-8561	0xmachos/CVE-2019-8561	https://github.com/0xmachos/CVE-2019-8561
CVE-2019-8781	A2nkF/macOS-Kernel-Exploit	https://github.com/A2nkF/macOS-Kernel-Exploit
CVE-2019-8781	TrungNguyen1909/CVE-2019-8781-macOS	https://github.com/TrungNguyen1909/CVE-2019-8781-macOS
CVE-2019-8942	brianwrf/WordPress_4.9.8_RCE_POC	https://github.com/brianwrf/WordPress_4.9.8_RCE_POC
CVE-2019-8942	synacktiv/CVE-2019-8942	https://github.com/synacktiv/CVE-2019-8942
CVE-2019-8942	synod2/WP_CROP_RCE	https://github.com/synod2/WP_CROP_RCE
CVE-2019-8942	tuannq2299/CVE-2019-8942	https://github.com/tuannq2299/CVE-2019-8942
CVE-2019-8942	SpeatX/WordPress-RCE-CVE-2019-8942	https://github.com/SpeatX/WordPress-RCE-CVE-2019-8942
CVE-2019-9702	DavidCarliez/CVE-2019-9702_Symantec_Encryption_Desktop_LPE_PoC	https://github.com/DavidCarliez/CVE-2019-9702_Symantec_Encryption_Desktop_LPE_PoC
CVE-2019-9729	HyperSine/SdoKeyCrypt-sys-local-privilege-elevation	https://github.com/HyperSine/SdoKeyCrypt-sys-local-privilege-elevation
CVE-2019-9729	recozone/HyperSine	https://github.com/recozone/HyperSine
CVE-2019-9730	jthuraisamy/CVE-2019-9730	https://github.com/jthuraisamy/CVE-2019-9730
CVE-2019-9745	KPN-CISO/CVE-2019-9745	https://github.com/KPN-CISO/CVE-2019-9745
CVE-2019-10008	ignis-sec/CVE-2019-10008	https://github.com/ignis-sec/CVE-2019-10008
CVE-2019-11157	zkenjar/v0ltpwn	https://github.com/zkenjar/v0ltpwn
CVE-2019-12181	mavlevin/CVE-2019-12181	https://github.com/mavlevin/CVE-2019-12181
CVE-2019-12476	0katz/CVE-2019-12476	https://github.com/0katz/CVE-2019-12476
CVE-2019-12750	v-p-b/cve-2019-12750	https://github.com/v-p-b/cve-2019-12750
CVE-2019-12840	bkaraceylan/CVE-2019-12840_POC	https://github.com/bkaraceylan/CVE-2019-12840_POC
CVE-2019-12840	KrE80r/webmin_cve-2019-12840_poc	https://github.com/KrE80r/webmin_cve-2019-12840_poc
CVE-2019-12840	anasbousselham/webminscan	https://github.com/anasbousselham/webminscan
CVE-2019-12840	zAbuQasem/CVE-2019-12840	https://github.com/zAbuQasem/CVE-2019-12840
CVE-2019-12840	WizzzStark/CVE-2019-12840.py	https://github.com/WizzzStark/CVE-2019-12840.py
CVE-2019-12840	Pol-Ruiz/PoC-CVE-2019-12840	https://github.com/Pol-Ruiz/PoC-CVE-2019-12840
CVE-2019-12840	note0577/CVE-2019-12840-NodeJs-Exploit	https://github.com/note0577/CVE-2019-12840-NodeJs-Exploit
CVE-2019-12889	nulsect0r/CVE-2019-12889	https://github.com/nulsect0r/CVE-2019-12889
CVE-2019-12937	AkashicYiTai/CVE-2019-12937-ToaruOS	https://github.com/AkashicYiTai/CVE-2019-12937-ToaruOS
CVE-2019-14220	seqred-s-a/cve-2019-14220	https://github.com/seqred-s-a/cve-2019-14220
CVE-2019-14811	matejsmycka/CVE-2019-14811-in-pdf-exploit	https://github.com/matejsmycka/CVE-2019-14811-in-pdf-exploit
CVE-2019-15511	adenkiewicz/CVE-2019-15511	https://github.com/adenkiewicz/CVE-2019-15511
CVE-2019-15896	RandomRobbieBF/CVE-2019-15896	https://github.com/RandomRobbieBF/CVE-2019-15896
CVE-2019-16098	Barakat/CVE-2019-16098	https://github.com/Barakat/CVE-2019-16098
CVE-2019-16098	0xDivyanshu-new/CVE-2019-16098	https://github.com/0xDivyanshu-new/CVE-2019-16098
CVE-2019-16098	Offensive-Panda/NT-AUTHORITY-SYSTEM-CONTEXT-RTCORE	https://github.com/Offensive-Panda/NT-AUTHORITY-SYSTEM-CONTEXT-RTCORE
CVE-2019-16098	VortexCry-Organization/VortexCry-Ransomware-Release	https://github.com/VortexCry-Organization/VortexCry-Ransomware-Release
CVE-2019-16098	CrowTheArchfiend/RTCore64-probe	https://github.com/CrowTheArchfiend/RTCore64-probe
CVE-2019-16253	k0mraid3/K0mraid3s-System-Shell-PREBUILT	https://github.com/k0mraid3/K0mraid3s-System-Shell-PREBUILT
CVE-2019-18683	sanjana123-cloud/CVE-2019-18683	https://github.com/sanjana123-cloud/CVE-2019-18683
CVE-2019-18683	Limesss/cve-2019-18683	https://github.com/Limesss/cve-2019-18683
CVE-2019-18845	fengjixuchui/CVE-2019-18845	https://github.com/fengjixuchui/CVE-2019-18845
CVE-2019-19231	hessandrew/CVE-2019-19231	https://github.com/hessandrew/CVE-2019-19231
CVE-2019-19315	monoxgas/mailorder	https://github.com/monoxgas/mailorder
CVE-2019-19470	juliourena/CVE-2019-19470-RedTeamRD	https://github.com/juliourena/CVE-2019-19470-RedTeamRD
CVE-2019-19520	retrymp3/Openbsd-Privilege-Escalation	https://github.com/retrymp3/Openbsd-Privilege-Escalation
CVE-2018-7842	yanissec/CVE-2018-7842	https://github.com/yanissec/CVE-2018-7842
CVE-2018-16156	securifera/CVE-2018-16156-Exploit	https://github.com/securifera/CVE-2018-16156-Exploit
CVE-2018-18333	mrx04programmer/Dr.DLL-CVE-2018-18333	https://github.com/mrx04programmer/Dr.DLL-CVE-2018-18333
CVE-2018-18368	DimopoulosElias/SEPM-EoP	https://github.com/DimopoulosElias/SEPM-EoP
CVE-2017-18486	Kc57/JitBit_Helpdesk_Auth_Bypass	https://github.com/Kc57/JitBit_Helpdesk_Auth_Bypass
CVE-2018-0952	atredispartners/CVE-2018-0952-SystemCollector	https://github.com/atredispartners/CVE-2018-0952-SystemCollector
CVE-2018-1088	MauroEldritch/GEVAUDAN	https://github.com/MauroEldritch/GEVAUDAN
CVE-2018-3783	nisaruj/nosqli-flintcms	https://github.com/nisaruj/nosqli-flintcms
CVE-2018-4087	rani-i/bluetoothdPoC	https://github.com/rani-i/bluetoothdPoC
CVE-2018-4087	MTJailed/UnjailMe	https://github.com/MTJailed/UnjailMe
CVE-2018-4087	joedaguy/Exploit11.2	https://github.com/joedaguy/Exploit11.2
CVE-2018-4150	Jailbreaks/CVE-2018-4150	https://github.com/Jailbreaks/CVE-2018-4150
CVE-2018-4150	mirdhan/LovelySn0w	https://github.com/mirdhan/LovelySn0w
CVE-2018-4150	littlelailo/incomplete-exploit-for-CVE-2018-4150-bpf-filter-poc-	https://github.com/littlelailo/incomplete-exploit-for-CVE-2018-4150-bpf-filter-poc-
CVE-2018-4193	Synacktiv-contrib/CVE-2018-4193	https://github.com/Synacktiv-contrib/CVE-2018-4193
CVE-2018-6606	bullhead-repo/CVE-2018-6606	https://github.com/bullhead-repo/CVE-2018-6606
CVE-2018-8208	kaisaryousuf/CVE-2018-8208	https://github.com/kaisaryousuf/CVE-2018-8208
CVE-2018-8214	guwudoor/CVE-2018-8214	https://github.com/guwudoor/CVE-2018-8214
CVE-2018-8410	trapmine/CVE-2018-8410	https://github.com/trapmine/CVE-2018-8410
CVE-2018-8897	nmulasmajic/CVE-2018-8897	https://github.com/nmulasmajic/CVE-2018-8897
CVE-2018-8897	jiazhang0/pop-mov-ss-exploit	https://github.com/jiazhang0/pop-mov-ss-exploit
CVE-2018-8897	can1357/CVE-2018-8897	https://github.com/can1357/CVE-2018-8897
CVE-2018-8897	nmulasmajic/syscall_exploit_CVE-2018-8897	https://github.com/nmulasmajic/syscall_exploit_CVE-2018-8897
CVE-2018-9539	tamirzb/CVE-2018-9539	https://github.com/tamirzb/CVE-2018-9539
CVE-2018-11564	GeunSam2/CVE-2018-11564	https://github.com/GeunSam2/CVE-2018-11564
CVE-2018-12326	spasm5/CVE-2018-12326	https://github.com/spasm5/CVE-2018-12326
CVE-2018-12636	nth347/CVE-2018-12636_exploit	https://github.com/nth347/CVE-2018-12636_exploit
CVE-2018-13341	axcheron/crestron_getsudopwd	https://github.com/axcheron/crestron_getsudopwd
CVE-2018-13341	RajChowdhury240/CVE-2018-13341	https://github.com/RajChowdhury240/CVE-2018-13341
CVE-2018-14665	jas502n/CVE-2018-14665	https://github.com/jas502n/CVE-2018-14665
CVE-2018-14665	bolonobolo/CVE-2018-14665	https://github.com/bolonobolo/CVE-2018-14665
CVE-2018-15686	hpcprofessional/remediate_cesa_2019_2091	https://github.com/hpcprofessional/remediate_cesa_2019_2091
CVE-2018-17182	jas502n/CVE-2018-17182	https://github.com/jas502n/CVE-2018-17182
CVE-2018-17182	likekabin/CVE-2018-17182	https://github.com/likekabin/CVE-2018-17182
CVE-2018-17182	likekabin/vmacache_CVE-2018-17182	https://github.com/likekabin/vmacache_CVE-2018-17182
CVE-2018-17182	jedai47/cve-2018-17182	https://github.com/jedai47/cve-2018-17182
CVE-2018-18387	TheeBlind/CVE-2018-18387	https://github.com/TheeBlind/CVE-2018-18387
CVE-2018-18955	scheatkode/CVE-2018-18955	https://github.com/scheatkode/CVE-2018-18955
CVE-2018-18955	WhatsWrongAndWhy/CVE-2018-18955	https://github.com/WhatsWrongAndWhy/CVE-2018-18955
CVE-2018-1000117	u0pattern/CVE-2018-1000117-Exploit	https://github.com/u0pattern/CVE-2018-1000117-Exploit
CVE-2017-0358	Wangsafz/cve-2017-0358.sh	https://github.com/Wangsafz/cve-2017-0358.sh
CVE-2017-13253	tamirzb/CVE-2017-13253	https://github.com/tamirzb/CVE-2017-13253
CVE-2017-13286	UmVfX1BvaW50/CVE-2017-13286	https://github.com/UmVfX1BvaW50/CVE-2017-13286
CVE-2017-14187	0xSIGILL/CVE-2017-14187_PoC_ARMv7	https://github.com/0xSIGILL/CVE-2017-14187_PoC_ARMv7
CVE-2017-18044	securifera/CVE-2017-18044-Exploit	https://github.com/securifera/CVE-2017-18044-Exploit
CVE-2017-1000475	lajarajorge/CVE-2017-1000475	https://github.com/lajarajorge/CVE-2017-1000475
CVE-2017-1002101	bgeesaman/subpath-exploit	https://github.com/bgeesaman/subpath-exploit
CVE-2016-5345	NickStephens/cve-2016-5345	https://github.com/NickStephens/cve-2016-5345
CVE-2017-0055	NetJBS/CVE-2017-0055-PoC	https://github.com/NetJBS/CVE-2017-0055-PoC
CVE-2017-0100	cssxn/CVE-2017-0100	https://github.com/cssxn/CVE-2017-0100
CVE-2017-0411	lulusudoku/PoC	https://github.com/lulusudoku/PoC
CVE-2017-0505	R0rt1z2/CVE-2017-0505-mtk	https://github.com/R0rt1z2/CVE-2017-0505-mtk
CVE-2017-0554	lanrat/tethr	https://github.com/lanrat/tethr
CVE-2017-0564	guoygang/CVE-2017-0564-ION-PoC	https://github.com/guoygang/CVE-2017-0564-ION-PoC
CVE-2017-0806	michalbednarski/ReparcelBug	https://github.com/michalbednarski/ReparcelBug
CVE-2017-0807	kpatsakis/PoC_CVE-2017-0807	https://github.com/kpatsakis/PoC_CVE-2017-0807
CVE-2017-0807	CalebFIN/EXP-CVE-2017-75	https://github.com/CalebFIN/EXP-CVE-2017-75
CVE-2017-2370	maximehip/extra_recipe	https://github.com/maximehip/extra_recipe
CVE-2017-2370	ldebug/extra_recipe	https://github.com/ldebug/extra_recipe
CVE-2017-2370	Rootkitsmm-zz/extra_recipe-iOS-10.2	https://github.com/Rootkitsmm-zz/extra_recipe-iOS-10.2
CVE-2017-2370	Peterpan0927/CVE-2017-2370	https://github.com/Peterpan0927/CVE-2017-2370
CVE-2017-2636	alexzorin/cve-2017-2636-el	https://github.com/alexzorin/cve-2017-2636-el
CVE-2017-6008	cbayet/Exploit-CVE-2017-6008	https://github.com/cbayet/Exploit-CVE-2017-6008
CVE-2017-6074	BimsaraMalinda/Linux-Kernel-4.4.0-Ubuntu---DCCP-Double-Free-Privilege-Escalation-CVE-2017-6074	https://github.com/BimsaraMalinda/Linux-Kernel-4.4.0-Ubuntu---DCCP-Double-Free-Privilege-Escalation-CVE-2017-6074
CVE-2017-6074	34zY/CVE-2017-6074-DOS	https://github.com/34zY/CVE-2017-6074-DOS
CVE-2017-6516	Rubytox/CVE-2017-6516-mcsiwrapper-	https://github.com/Rubytox/CVE-2017-6516-mcsiwrapper-
CVE-2017-6640	hemp3l/CVE-2017-6640-POC	https://github.com/hemp3l/CVE-2017-6640-POC
CVE-2017-6971	patrickfreed/nfsen-exploit	https://github.com/patrickfreed/nfsen-exploit
CVE-2017-6971	KeyStrOke95/nfsen_1.3.7_CVE-2017-6971	https://github.com/KeyStrOke95/nfsen_1.3.7_CVE-2017-6971
CVE-2017-7184	b1nhack/CVE-2017-7184	https://github.com/b1nhack/CVE-2017-7184
CVE-2017-7184	Grish-Pradhan/CVE-2017-7184	https://github.com/Grish-Pradhan/CVE-2017-7184
CVE-2017-7184	shakyanayann/CVE-2017-7184	https://github.com/shakyanayann/CVE-2017-7184
CVE-2017-7308	anldori/CVE-2017-7308	https://github.com/anldori/CVE-2017-7308
CVE-2017-7308	WhatsWrongAndWhy/CVE-2017-7308	https://github.com/WhatsWrongAndWhy/CVE-2017-7308
CVE-2017-7358	JonPichel/CVE-2017-7358	https://github.com/JonPichel/CVE-2017-7358
CVE-2017-7374	ww9210/cve-2017-7374	https://github.com/ww9210/cve-2017-7374
CVE-2017-8386	suz1n/WHS3_vulhub	https://github.com/suz1n/WHS3_vulhub
CVE-2017-8465	nghiadt1098/CVE-2017-8465	https://github.com/nghiadt1098/CVE-2017-8465
CVE-2017-9606	Houl777/CVE-2017-9606	https://github.com/Houl777/CVE-2017-9606
CVE-2017-10661	GeneBlue/CVE-2017-10661_POC	https://github.com/GeneBlue/CVE-2017-10661_POC
CVE-2017-11783	Sheisback/CVE-2017-11783	https://github.com/Sheisback/CVE-2017-11783
CVE-2017-12635	assalielmehdi/CVE-2017-12635	https://github.com/assalielmehdi/CVE-2017-12635
CVE-2017-12635	cyberharsh/Apache-couchdb-CVE-2017-12635	https://github.com/cyberharsh/Apache-couchdb-CVE-2017-12635
CVE-2017-12635	Dungsocool/CVE-2017-12635_36	https://github.com/Dungsocool/CVE-2017-12635_36
CVE-2017-12635	Darabium/couchdb-exploit	https://github.com/Darabium/couchdb-exploit
CVE-2017-13156	xyzAsian/Janus-CVE-2017-13156	https://github.com/xyzAsian/Janus-CVE-2017-13156
CVE-2017-13156	giacomoferretti/janus-toolkit	https://github.com/giacomoferretti/janus-toolkit
CVE-2017-13156	tea9/CVE-2017-13156-Janus	https://github.com/tea9/CVE-2017-13156-Janus
CVE-2017-13156	M507/CVE-2017-13156	https://github.com/M507/CVE-2017-13156
CVE-2017-13156	hackerronin/Janus-Vulnerability-CVE-2017-13156-Exploit	https://github.com/hackerronin/Janus-Vulnerability-CVE-2017-13156-Exploit
CVE-2017-13156	nictjh/threatDemos	https://github.com/nictjh/threatDemos
CVE-2017-14954	echo-devim/exploit_linux_kernel4.13	https://github.com/echo-devim/exploit_linux_kernel4.13
CVE-2017-15303	hfiref0x/Stryker	https://github.com/hfiref0x/Stryker
CVE-2017-16995	C0dak/CVE-2017-16995	https://github.com/C0dak/CVE-2017-16995
CVE-2017-16995	Al1ex/CVE-2017-16995	https://github.com/Al1ex/CVE-2017-16995
CVE-2017-16995	gugronnier/CVE-2017-16995	https://github.com/gugronnier/CVE-2017-16995
CVE-2017-16995	senyuuri/cve-2017-16995	https://github.com/senyuuri/cve-2017-16995
CVE-2017-16995	vnik5287/CVE-2017-16995	https://github.com/vnik5287/CVE-2017-16995
CVE-2017-16995	littlebin404/CVE-2017-16995	https://github.com/littlebin404/CVE-2017-16995
CVE-2017-16995	Lumindu/CVE-2017-16995-Linux-Kernel---BPF-Sign-Extension-Local-Privilege-Escalation-	https://github.com/Lumindu/CVE-2017-16995-Linux-Kernel---BPF-Sign-Extension-Local-Privilege-Escalation-
CVE-2017-16995	ph4ntonn/CVE-2017-16995	https://github.com/ph4ntonn/CVE-2017-16995
CVE-2017-16995	ivilpez/cve-2017-16995.c	https://github.com/ivilpez/cve-2017-16995.c
CVE-2017-16995	fei9747/CVE-2017-16995	https://github.com/fei9747/CVE-2017-16995
CVE-2017-16995	anldori/CVE-2017-16995	https://github.com/anldori/CVE-2017-16995
CVE-2017-16995	mareks1007/cve-2017-16995	https://github.com/mareks1007/cve-2017-16995
CVE-2017-16995	ZhiQiAnSecFork/cve-2017-16995	https://github.com/ZhiQiAnSecFork/cve-2017-16995
CVE-2017-16995	xxxTectationxxx/CVE-2017-16995	https://github.com/xxxTectationxxx/CVE-2017-16995
CVE-2017-16995	WhatsWrongAndWhy/CVE-2017-16995	https://github.com/WhatsWrongAndWhy/CVE-2017-16995
CVE-2017-16997	Xiami2012/CVE-2017-16997-poc	https://github.com/Xiami2012/CVE-2017-16997-poc
CVE-2017-1000112	hikame/docker_escape_pwn	https://github.com/hikame/docker_escape_pwn
CVE-2017-1000112	ol0273st-s/CVE-2017-1000112-Adpated	https://github.com/ol0273st-s/CVE-2017-1000112-Adpated
CVE-2017-1000112	IT19083124/SNP-Assignment	https://github.com/IT19083124/SNP-Assignment
CVE-2017-1000112	Spydomain/CVE-2017-1000112-PoC	https://github.com/Spydomain/CVE-2017-1000112-PoC
CVE-2017-1000112	WhatsWrongAndWhy/CVE-2017-1000112	https://github.com/WhatsWrongAndWhy/CVE-2017-1000112
CVE-2017-1000251	hayzamjs/Blueborne-CVE-2017-1000251	https://github.com/hayzamjs/Blueborne-CVE-2017-1000251
CVE-2017-1000251	tlatkdgus1/blueborne-CVE-2017-1000251	https://github.com/tlatkdgus1/blueborne-CVE-2017-1000251
CVE-2017-1000251	own2pwn/blueborne-CVE-2017-1000251-POC	https://github.com/own2pwn/blueborne-CVE-2017-1000251-POC
CVE-2017-1000251	istanescu/CVE-2017-1000251_Exploit	https://github.com/istanescu/CVE-2017-1000251_Exploit
CVE-2017-1000251	sgxgsx/blueborne-CVE-2017-1000251	https://github.com/sgxgsx/blueborne-CVE-2017-1000251
CVE-2017-1000405	bindecy/HugeDirtyCowPOC	https://github.com/bindecy/HugeDirtyCowPOC
CVE-2016-6914	CybermonkX/CVE-2016-6914-UniFiVideo-LPE	https://github.com/CybermonkX/CVE-2016-6914-UniFiVideo-LPE
CVE-2016-8467	roeeh/bootmodechecker	https://github.com/roeeh/bootmodechecker
CVE-2016-9795	blogresponder/CA-Common-Services-privilege-escalation-cve-2016-9795-revisited	https://github.com/blogresponder/CA-Common-Services-privilege-escalation-cve-2016-9795-revisited
CVE-2016-10277	alephsecurity/initroot	https://github.com/alephsecurity/initroot
CVE-2016-10277	leosol/initroot	https://github.com/leosol/initroot
CVE-2014-7920	laginimaineb/cve-2014-7920-7921	https://github.com/laginimaineb/cve-2014-7920-7921
CVE-2014-7920	Vinc3nt4H/cve-2014-7920-7921_update	https://github.com/Vinc3nt4H/cve-2014-7920-7921_update
CVE-2016-0051	koczkatamas/CVE-2016-0051	https://github.com/koczkatamas/CVE-2016-0051
CVE-2016-0051	hexx0r/CVE-2016-0051	https://github.com/hexx0r/CVE-2016-0051
CVE-2016-0051	ganrann/CVE-2016-0051	https://github.com/ganrann/CVE-2016-0051
CVE-2016-0095	fengjixuchui/cve-2016-0095-x64	https://github.com/fengjixuchui/cve-2016-0095-x64
CVE-2016-0728	kennetham/cve_2016_0728	https://github.com/kennetham/cve_2016_0728
CVE-2016-0728	nardholio/cve-2016-0728	https://github.com/nardholio/cve-2016-0728
CVE-2016-0728	googleweb/CVE-2016-0728	https://github.com/googleweb/CVE-2016-0728
CVE-2016-0728	neuschaefer/cve-2016-0728-testbed	https://github.com/neuschaefer/cve-2016-0728-testbed
CVE-2016-0728	bittorrent3389/cve-2016-0728	https://github.com/bittorrent3389/cve-2016-0728
CVE-2016-0728	hal0taso/CVE-2016-0728	https://github.com/hal0taso/CVE-2016-0728
CVE-2016-0728	sugarvillela/CVE	https://github.com/sugarvillela/CVE
CVE-2016-0728	th30d00r/Linux-Vulnerability-CVE-2016-0728-and-Exploit	https://github.com/th30d00r/Linux-Vulnerability-CVE-2016-0728-and-Exploit
CVE-2016-0728	sidrk01/cve-2016-0728	https://github.com/sidrk01/cve-2016-0728
CVE-2016-0846	secmob/CVE-2016-0846	https://github.com/secmob/CVE-2016-0846
CVE-2016-0846	b0b0505/CVE-2016-0846-PoC	https://github.com/b0b0505/CVE-2016-0846-PoC
CVE-2016-1240	Naramsim/Offensive	https://github.com/Naramsim/Offensive
CVE-2016-1240	mhe18/CVE_Project	https://github.com/mhe18/CVE_Project
CVE-2016-1531	h3x0v3rl0rd/CVE-2016-1531	https://github.com/h3x0v3rl0rd/CVE-2016-1531
CVE-2016-2067	hhj4ck/CVE-2016-2067	https://github.com/hhj4ck/CVE-2016-2067
CVE-2016-2431	laginimaineb/cve-2016-2431	https://github.com/laginimaineb/cve-2016-2431
CVE-2016-2431	laginimaineb/ExtractKeyMaster	https://github.com/laginimaineb/ExtractKeyMaster
CVE-2016-2434	jianqiangzhao/CVE-2016-2434	https://github.com/jianqiangzhao/CVE-2016-2434
CVE-2016-2468	gitcollect/CVE-2016-2468	https://github.com/gitcollect/CVE-2016-2468
CVE-2016-3223	HORKimhab/CVE-2016-3223	https://github.com/HORKimhab/CVE-2016-3223
CVE-2016-3308	jackhuyh/CVE-2016-3308	https://github.com/jackhuyh/CVE-2016-3308
CVE-2016-6187	vnik5287/cve-2016-6187-poc	https://github.com/vnik5287/cve-2016-6187-poc
CVE-2016-6187	Milo-D/CVE-2016-6187_LPE	https://github.com/Milo-D/CVE-2016-6187_LPE
CVE-2016-6516	wpengfei/CVE-2016-6516-exploit	https://github.com/wpengfei/CVE-2016-6516-exploit
CVE-2016-6663	firebroo/CVE-2016-6663	https://github.com/firebroo/CVE-2016-6663
CVE-2016-8655	scarvell/cve-2016-8655	https://github.com/scarvell/cve-2016-8655
CVE-2016-8655	LakshmiDesai/CVE-2016-8655	https://github.com/LakshmiDesai/CVE-2016-8655
CVE-2016-8655	KosukeShimofuji/CVE-2016-8655	https://github.com/KosukeShimofuji/CVE-2016-8655
CVE-2016-8655	agkunkle/chocobo	https://github.com/agkunkle/chocobo
CVE-2016-8655	martinmullins/CVE-2016-8655_Android	https://github.com/martinmullins/CVE-2016-8655_Android
CVE-2016-8655	WhatsWrongAndWhy/CVE-2016-8655	https://github.com/WhatsWrongAndWhy/CVE-2016-8655
CVE-2016-8823	SpiralBL0CK/NDAY_CVE_2016_8823	https://github.com/SpiralBL0CK/NDAY_CVE_2016_8823
CVE-2016-8869	zugetor/Joomla-3.4.4-3.6.4_CVE-2016-8869_and_CVE-2016-8870	https://github.com/zugetor/Joomla-3.4.4-3.6.4_CVE-2016-8869_and_CVE-2016-8870
CVE-2016-8869	rustyJ4ck/JoomlaCVE20168869	https://github.com/rustyJ4ck/JoomlaCVE20168869
CVE-2016-8869	cved-sources/cve-2016-8869	https://github.com/cved-sources/cve-2016-8869
CVE-2016-9192	serializingme/cve-2016-9192	https://github.com/serializingme/cve-2016-9192
CVE-2015-0568	betalphafai/CVE-2015-0568	https://github.com/betalphafai/CVE-2015-0568
CVE-2015-1328	SR7-HACKING/LINUX-VULNERABILITY-CVE-2015-1328	https://github.com/SR7-HACKING/LINUX-VULNERABILITY-CVE-2015-1328
CVE-2015-1328	notlikethis/CVE-2015-1328	https://github.com/notlikethis/CVE-2015-1328
CVE-2015-1328	elit3pwner/CVE-2015-1328-GoldenEye	https://github.com/elit3pwner/CVE-2015-1328-GoldenEye
CVE-2015-1328	BlackFrog-hub/cve-2015-1328	https://github.com/BlackFrog-hub/cve-2015-1328
CVE-2015-1328	YastrebX/CVE-2015-1328	https://github.com/YastrebX/CVE-2015-1328
CVE-2015-1328	thieveshkar/RootQuest-CTF-Box-Multi-Stage-Exploitation-VM	https://github.com/thieveshkar/RootQuest-CTF-Box-Multi-Stage-Exploitation-VM
CVE-2015-1328	0xf1d0/CVE-2015-1328	https://github.com/0xf1d0/CVE-2015-1328
CVE-2015-1328	saqib-butt2/blackbox-pentesting-infsecos	https://github.com/saqib-butt2/blackbox-pentesting-infsecos
CVE-2015-1328	WhatsWrongAndWhy/CVE-2015-1328	https://github.com/WhatsWrongAndWhy/CVE-2015-1328
CVE-2015-1328	FernandoCassioDev/CVE-2015-1328	https://github.com/FernandoCassioDev/CVE-2015-1328
CVE-2015-1328	bansalkrish007-arch/cve-2015-1328	https://github.com/bansalkrish007-arch/cve-2015-1328
CVE-2015-6637	betalphafai/CVE-2015-6637	https://github.com/betalphafai/CVE-2015-6637
CVE-2015-6639	laginimaineb/cve-2015-6639	https://github.com/laginimaineb/cve-2015-6639
CVE-2015-6639	laginimaineb/ExtractKeyMaster	https://github.com/laginimaineb/ExtractKeyMaster
CVE-2015-6640	betalphafai/CVE-2015-6640	https://github.com/betalphafai/CVE-2015-6640
CVE-2015-8550	WhatsWrongAndWhy/CVE-2015-8550	https://github.com/WhatsWrongAndWhy/CVE-2015-8550
CVE-2015-0057	highandhigh/CVE-2015-0057	https://github.com/highandhigh/CVE-2015-0057
CVE-2015-1140	kpwn/vpwn	https://github.com/kpwn/vpwn
CVE-2015-1318	ScottyBauer/CVE-2015-1318	https://github.com/ScottyBauer/CVE-2015-1318
CVE-2015-1474	p1gl3t/CVE-2015-1474_poc	https://github.com/p1gl3t/CVE-2015-1474_poc
CVE-2015-1528	secmob/PoCForCVE-2015-1528	https://github.com/secmob/PoCForCVE-2015-1528
CVE-2015-1528	kanpol/PoCForCVE-2015-1528	https://github.com/kanpol/PoCForCVE-2015-1528
CVE-2015-1805	panyu6325/CVE-2015-1805	https://github.com/panyu6325/CVE-2015-1805
CVE-2015-1805	dosomder/iovyroot	https://github.com/dosomder/iovyroot
CVE-2015-1805	FloatingGuy/cve-2015-1805	https://github.com/FloatingGuy/cve-2015-1805
CVE-2015-1805	mobilelinux/iovy_root_research	https://github.com/mobilelinux/iovy_root_research
CVE-2015-1805	ireshchaminda1/Android-Privilege-Escalation-Remote-Access-Vulnerability-CVE-2015-1805	https://github.com/ireshchaminda1/Android-Privilege-Escalation-Remote-Access-Vulnerability-CVE-2015-1805
CVE-2015-1805	valentineus/hp-slate7-root-kit	https://github.com/valentineus/hp-slate7-root-kit
CVE-2015-3256	puglia-ryan/S-V-Project-Implementation-of-CVE-2015-3256	https://github.com/puglia-ryan/S-V-Project-Implementation-of-CVE-2015-3256
CVE-2015-3636	betalphafai/cve-2015-3636_crash	https://github.com/betalphafai/cve-2015-3636_crash
CVE-2015-3636	askk/libping_unhash_exploit_POC	https://github.com/askk/libping_unhash_exploit_POC
CVE-2015-3636	ludongxu/cve-2015-3636	https://github.com/ludongxu/cve-2015-3636
CVE-2015-3636	fi01/CVE-2015-3636	https://github.com/fi01/CVE-2015-3636
CVE-2015-3636	android-rooting-tools/libpingpong_exploit	https://github.com/android-rooting-tools/libpingpong_exploit
CVE-2015-3636	debugfan/rattle_root	https://github.com/debugfan/rattle_root
CVE-2015-3636	a7vinx/CVE-2015-3636	https://github.com/a7vinx/CVE-2015-3636
CVE-2015-5602	t0kx/privesc-CVE-2015-5602	https://github.com/t0kx/privesc-CVE-2015-5602
CVE-2015-5602	cved-sources/cve-2015-5602	https://github.com/cved-sources/cve-2015-5602
CVE-2015-5932	jndok/tpwn-bis	https://github.com/jndok/tpwn-bis
CVE-2015-6132	hexx0r/CVE-2015-6132	https://github.com/hexx0r/CVE-2015-6132
CVE-2015-6606	michaelroland/omapi-cve-2015-6606-exploit	https://github.com/michaelroland/omapi-cve-2015-6606-exploit
CVE-2015-6612	secmob/CVE-2015-6612	https://github.com/secmob/CVE-2015-6612
CVE-2015-6612	flankerhqd/cve-2015-6612poc-forM	https://github.com/flankerhqd/cve-2015-6612poc-forM
CVE-2015-6620	flankerhqd/CVE-2015-6620-POC	https://github.com/flankerhqd/CVE-2015-6620-POC
CVE-2015-6620	flankerhqd/mediacodecoob	https://github.com/flankerhqd/mediacodecoob
CVE-2015-8543	bittorrent3389/CVE-2015-8543_for_SLE12SP1	https://github.com/bittorrent3389/CVE-2015-8543_for_SLE12SP1
CVE-2014-0038	saelo/cve-2014-0038	https://github.com/saelo/cve-2014-0038
CVE-2014-0038	kiruthikan99/IT19115276	https://github.com/kiruthikan99/IT19115276
CVE-2014-0816	tandasat/CVE-2014-0816	https://github.com/tandasat/CVE-2014-0816
CVE-2014-0816	ehaoxiongdiycw/CVE-2014-085	https://github.com/ehaoxiongdiycw/CVE-2014-085
CVE-2014-1767	ExploitCN/CVE-2014-1767-EXP-PAPER	https://github.com/ExploitCN/CVE-2014-1767-EXP-PAPER
CVE-2014-2630	redtimmy/perf-exploiter	https://github.com/redtimmy/perf-exploiter
CVE-2014-4014	vnik5287/cve-2014-4014-privesc	https://github.com/vnik5287/cve-2014-4014-privesc
CVE-2014-4076	fungoshacks/CVE-2014-4076	https://github.com/fungoshacks/CVE-2014-4076
CVE-2014-4322	retme7/CVE-2014-4322_poc	https://github.com/retme7/CVE-2014-4322_poc
CVE-2014-4322	laginimaineb/cve-2014-4322	https://github.com/laginimaineb/cve-2014-4322
CVE-2014-4322	askk/CVE-2014-4322_adaptation	https://github.com/askk/CVE-2014-4322_adaptation
CVE-2014-4322	koozxcv/CVE-2014-4322	https://github.com/koozxcv/CVE-2014-4322
CVE-2014-4323	marcograss/cve-2014-4323	https://github.com/marcograss/cve-2014-4323
CVE-2014-4699	vnik5287/cve-2014-4699-ptrace	https://github.com/vnik5287/cve-2014-4699-ptrace
CVE-2014-4943	redes-2015/l2tp-socket-bug	https://github.com/redes-2015/l2tp-socket-bug
CVE-2014-5284	mbadanoiu/CVE-2014-5284	https://github.com/mbadanoiu/CVE-2014-5284
CVE-2014-9222	donfanning/MIPS-CVE-2014-9222	https://github.com/donfanning/MIPS-CVE-2014-9222
CVE-2014-9222	mercul1ninna/MIPS-CVE-2014-9222	https://github.com/mercul1ninna/MIPS-CVE-2014-9222
CVE-2014-9222	luel-4013/misfortune-cookie	https://github.com/luel-4013/misfortune-cookie
CVE-2014-9322	RKX1209/CVE-2014-9322	https://github.com/RKX1209/CVE-2014-9322
CVE-2013-2595	fi01/libmsm_cameraconfig_exploit	https://github.com/fi01/libmsm_cameraconfig_exploit
CVE-2013-1300	Meatballs1/cve-2013-1300	https://github.com/Meatballs1/cve-2013-1300
CVE-2013-1763	qkrtjsrbs315/CVE-2013-1763	https://github.com/qkrtjsrbs315/CVE-2013-1763
CVE-2013-2072	bl4ck5un/cve-2013-2072	https://github.com/bl4ck5un/cve-2013-2072
CVE-2013-2171	0xGabe/FreeBSD-9.0-9.1-Privilege-Escalation	https://github.com/0xGabe/FreeBSD-9.0-9.1-Privilege-Escalation
CVE-2013-4362	notclement/Automatic-davfs2-1.4.6-1.4.7-Local-Privilege-Escalation	https://github.com/notclement/Automatic-davfs2-1.4.6-1.4.7-Local-Privilege-Escalation
CVE-2012-0056	srclib/CVE-2012-0056	https://github.com/srclib/CVE-2012-0056
CVE-2012-0056	pythonone/CVE-2012-0056	https://github.com/pythonone/CVE-2012-0056
CVE-2012-5613	Hood3dRob1n/MySQL-Fu.rb	https://github.com/Hood3dRob1n/MySQL-Fu.rb
CVE-2012-5613	w4fz5uck5/UDFPwn-CVE-2012-5613	https://github.com/w4fz5uck5/UDFPwn-CVE-2012-5613
CVE-2012-6422	wired0ut/CVE-2012-6422	https://github.com/wired0ut/CVE-2012-6422
CVE-2010-2387	LogSec/CVE-2010-2387	https://github.com/LogSec/CVE-2010-2387
CVE-2010-5195	CristinaPravata/dirtycaw-projet	https://github.com/CristinaPravata/dirtycaw-projet
CVE-2010-5230	otofoto/CVE-2010-5230	https://github.com/otofoto/CVE-2010-5230
CVE-2011-1237	BrunoPujos/CVE-2011-1237	https://github.com/BrunoPujos/CVE-2011-1237
CVE-2011-1249	Madusanka99/OHTS	https://github.com/Madusanka99/OHTS
CVE-2011-1249	h3x0v3rl0rd/CVE-2011-1249	https://github.com/h3x0v3rl0rd/CVE-2011-1249
CVE-2011-1249	appl3b0y/edb-40564-mingw-fix	https://github.com/appl3b0y/edb-40564-mingw-fix
CVE-2011-1485	Pashkela/CVE-2011-1485	https://github.com/Pashkela/CVE-2011-1485
CVE-2011-1485	bluedragonsecurity/CVE-2011-1485-pkexec-exploit	https://github.com/bluedragonsecurity/CVE-2011-1485-pkexec-exploit
CVE-2010-3847	magisterquis/cve-2010-3847	https://github.com/magisterquis/cve-2010-3847
CVE-2010-0426	t0kx/privesc-CVE-2010-0426	https://github.com/t0kx/privesc-CVE-2010-0426
CVE-2010-0426	cved-sources/cve-2010-0426	https://github.com/cved-sources/cve-2010-0426
CVE-2010-0426	g1vi/CVE-2010-0426	https://github.com/g1vi/CVE-2010-0426
CVE-2009-1185	aish19siddiqua-commits/mtechweek_04	https://github.com/aish19siddiqua-commits/mtechweek_04
CVE-2009-1185	0b0111100/2009	https://github.com/0b0111100/2009
CVE-2009-2692	jdvalentini/CVE-2009-2692	https://github.com/jdvalentini/CVE-2009-2692
CVE-2009-2698	xiaoxiaoleo/CVE-2009-2698	https://github.com/xiaoxiaoleo/CVE-2009-2698
CVE-2009-4049	fengjixuchui/CVE-2009-4049	https://github.com/fengjixuchui/CVE-2009-4049
CVE-2008-6827	alt3kx/CVE-2008-6827	https://github.com/alt3kx/CVE-2008-6827
CVE-2008-0600	0b0111100/2008	https://github.com/0b0111100/2008
CVE-2008-3531	test-one9/ps4-11.50.github.io	https://github.com/test-one9/ps4-11.50.github.io
CVE-2006-2451	0b0111100/2006	https://github.com/0b0111100/2006
CVE-2006-3592	adenkiewicz/CVE-2006-3592	https://github.com/adenkiewicz/CVE-2006-3592
CVE-2004-0077	0b0111100/2004	https://github.com/0b0111100/2004
CVE-2003-0127	anilkashyap01/Binary-Exploitation-and-Kernel-Escalation	https://github.com/anilkashyap01/Binary-Exploitation-and-Kernel-Escalation
CVE-2003-0358	gmh5225/CVE-2003-0358	https://github.com/gmh5225/CVE-2003-0358
CVE-2003-0358	fengjixuchui/CVE-2003-0358	https://github.com/fengjixuchui/CVE-2003-0358
CVE-2002-0740	alt3kx/CVE-2002-0740	https://github.com/alt3kx/CVE-2002-0740
CVE-2002-0991	alt3kx/CVE-2002-0991	https://github.com/alt3kx/CVE-2002-0991
CVE-2001-1442	alt3kx/CVE-2001-1442	https://github.com/alt3kx/CVE-2001-1442
CVE-2000-0170	mike182/exploit	https://github.com/mike182/exploit
CVE-2019-5736	Frichetten/CVE-2019-5736-PoC	https://github.com/Frichetten/CVE-2019-5736-PoC
CVE-2024-21626	cdxiaodong/CVE-2024-21626	https://github.com/cdxiaodong/CVE-2024-21626
CVE-2024-23651	snyk/leaky-vessels-static-detector	https://github.com/snyk/leaky-vessels-static-detector
CVE-2024-23652	snyk/leaky-vessels-dynamic-detector	https://github.com/snyk/leaky-vessels-dynamic-detector
